policy,crop,soil,system,seed,area_ha,monsoon_index,yield_t_ha,y_max,water_factor,n_factor,pest_factor,irrigation_mm,irrigation_events,water_m3_per_ha,water_productivity_kg_m3,n_applied,n_uptake,n_leached,n_use_efficiency,chem_sprays,bio_sprays,pesticide_load,runoff_mm,deep_perc_mm,stress_days,residue_penalty,effective_price,revenue,cost,gross_margin,env_cost,biodiversity_index,adoption_rate,recommendations,final_trust,deferred_fertiliser_days,farm_id,village,year,season,water_scarcity,cash_constraint,sustainability_pref,literacy_tier,utility
farmer_practice,tomato,sandy_loam,sprinkler,458911,0.54,1.05,41.793711691202326,55.0,1.0,0.8680058624678495,0.8754384042433992,800.0,25,8000.0,5.224213961400291,210.0,115.8635851209956,87.83937401712885,0.5517313577190266,12,0,12.0,113.64175318469185,629.3089062765052,0,0.25,8250.0,344798.1214524192,53830.0,290968.1214524192,25233.86310174542,0.76,,0,,0,F001,Igatpuri,1,kharif,0.4613671721408448,0.35308452742598323,0.7140229789741377,voice,261139.96635607473
agronomist,tomato,sandy_loam,sprinkler,458911,0.54,1.05,33.38724299713337,55.0,1.0,0.8431205062758091,0.7199929040362834,768.7466666666667,23,7687.466666666667,4.3430748313878915,157.5,109.4277171402955,51.39163096586705,0.6947791564463206,4,0,4.0,113.29188751289784,613.1208211530238,0,0.0,11000.0,367259.67296846706,42984.886666666665,324274.7863018004,13070.12056147215,0.92,,0,,0,F001,Igatpuri,1,kharif,0.4613671721408448,0.35308452742598323,0.7140229789741377,voice,301527.77282367233
agripilot,tomato,sandy_loam,sprinkler,458911,0.54,1.05,47.07354753198873,55.0,0.9920622850939634,0.9926574884789767,0.8691122602631355,512.0,25,5120.0,9.194052252341548,147.21307619474,148.1010746066319,24.48348271005314,1.0060320620616419,7,12,8.8,101.27314451394895,444.33175897250436,0,0.0,11000.0,517809.02285187604,51267.17920964746,466541.8436422286,11478.485188435106,0.98,0.6792452830188679,159,0.98,0,F001,Igatpuri,1,kharif,0.4613671721408448,0.35308452742598323,0.7140229789741377,voice,455882.86991970486
farmer_practice,onion,sandy_loam,sprinkler,492614,0.54,1.0,26.66052861976167,34.0,0.9190074455156751,0.9891905780592543,0.862563026301228,800.0,25,8000.0,3.332566077470209,154.0,107.94993721813445,32.788863033239004,0.7009736182995744,12,0,12.0,0.0,144.79621355340558,3,0.22400000000000003,10476.0,279295.6978206233,52206.0,227089.6978206233,14301.995345983021,0.76,,0,,0,F001,Igatpuri,1,rabi,0.4613671721408448,0.35308452742598323,0.7140229789741377,voice,205063.32112389882
agronomist,onion,sandy_loam,sprinkler,492614,0.54,1.0,27.632844318375255,34.0,0.9983183383495173,0.9946204034239092,0.818502971367253,741.8799999999997,43,7418.7999999999965,3.7247053860968444,115.5,108.97973168384488,9.269443578818693,0.9435474604661894,9,0,9.0,0.0,69.88039360189879,0,0.14,11610.0,320817.3225363367,50403.419999999984,270413.90253633674,7968.499844187365,0.8200000000000001,,0,,0,F001,Igatpuri,1,rabi,0.4613671721408448,0.35308452742598323,0.7140229789741377,voice,254574.58584017446
agripilot,onion,sandy_loam,sprinkler,492614,0.54,1.0,28.38536292377419,34.0,0.9825461141874993,0.9936773662064629,0.855100566571705,658.24346442323,52,6582.434644232299,4.312289366768902,78.0996105777865,108.80087979777744,1.864298540696488,1.3931039987633838,6,13,7.95,0.0,21.979155730672417,0,0.0,13500.0,383202.3994709515,57865.166497145634,325337.23297380586,5900.573737325368,1.0,0.7338129496402878,139,0.98,0,F001,Igatpuri,1,rabi,0.4613671721408448,0.35308452742598323,0.7140229789741377,voice,315995.24422782427
farmer_practice,soybean,black_cotton,drip,584577,1.9,1.05,2.6822835591438623,3.1,1.0,0.9947511942440563,0.869818268146622,672.0,28,6720.0,0.39914933915831285,126.0,89.18553014131909,29.56743458364573,0.7078216677882467,16,0,16.0,225.56309851669386,333.6632260187667,0,0.0,46000.0,123385.04372061767,49782.0,73603.04372061767,18552.206111706477,0.6799999999999999,,0,,0,F002,Chandwad,1,kharif,0.20773058449336504,0.7811275872955491,0.40380063920177023,voice,62558.00563711615
agronomist,soybean,black_cotton,drip,584577,1.9,1.05,2.4696560983621256,3.1,0.9796571505446432,0.9924742616261029,0.8193725722164175,382.22222222222223,13,3822.222222222222,0.6461309559668352,94.5,88.832213010947,8.180645148195316,0.9400234181052592,9,0,9.0,192.20273561635238,151.462418567594,0,0.0,46000.0,113604.18052465779,31936.055555555555,81668.12496910224,9502.340747222328,0.8200000000000001,,0,,0,F002,Chandwad,1,kharif,0.20773058449336504,0.7811275872955491,0.40380063920177023,voice,76260.3389466869
agripilot,soybean,black_cotton,drip,584577,1.9,1.05,2.5886627721078717,3.1,0.9946466865609267,0.9945525080684281,0.8441453395711944,415.66666666666674,23,4156.666666666668,0.6227737222392632,40.446324847798515,89.15469952785953,5.559086450810259,2.20427195458062,6,11,7.65,195.7083762949743,188.82370381396174,0,0.0,46000.0,119078.4875169621,38695.610087252826,80382.87742970928,8117.010947800615,0.99,0.6706586826347305,167,0.9426546106964391,0,F002,Chandwad,1,kharif,0.20773058449336504,0.7811275872955491,0.40380063920177023,voice,75985.83385412992
farmer_practice,grape,black_cotton,drip,933336,1.9,1.0,21.525007314874372,24.0,1.0,0.9946928631048064,0.901660540708969,984.0,41,9840.0,2.187500743381542,175.0,123.85622049672551,29.773415154723605,0.70774983140986,24,0,24.0,10.747627823981844,348.276441714849,0,0.48,23920.0,514878.174971795,73001.0,441877.174971795,22255.943378266085,0.52,,0,,0,F002,Chandwad,1,rabi,0.20773058449336504,0.7811275872955491,0.40380063920177023,voice,428136.1735806839
agronomist,grape,black_cotton,drip,933336,1.9,1.0,18.071040507695187,24.0,0.9669767400448603,0.9922779410079883,0.784734151294864,628.0,21,6280.0,2.877554220970571,131.25,123.33576314827333,4.309905152451731,0.939701052558273,2,0,2.0,10.376658567098143,78.34577165068882,0,0.0,46000.0,831267.8633539786,32148.25,799119.6133539786,2269.1728545451947,0.96,,0,,0,F002,Chandwad,1,rabi,0.20773058449336504,0.7811275872955491,0.40380063920177023,voice,794814.1572520793
agripilot,grape,black_cotton,drip,933336,1.9,1.0,18.86525750433622,24.0,0.8954424459645133,0.9657686692040583,0.908951491394353,598.3333333333333,43,5983.333333333332,3.152967828022767,53.905475636608394,117.62255801811604,3.2929877541665986,2.1820150296241145,5,21,8.15,10.431696601385887,114.69970861936525,0,0.0,46000.0,867801.8451994661,55886.592126794974,811915.2530726711,6391.62306516246,1.0,0.6738197424892703,233,0.98,0,F002,Chandwad,1,rabi,0.20773058449336504,0.7811275872955491,0.40380063920177023,voice,808214.6253590849
farmer_practice,tomato,sandy,flood,785193,2.57,1.05,33.455771454694016,55.0,0.994299560919887,0.6853080954089135,0.8926994136024434,2430.0,36,24300.0,1.3767807183001655,210.0,68.6141626057535,127.67186982128649,0.3267341076464453,16,0,16.0,44.82118747288391,1278.2212585111972,0,0.256,8184.0,273802.0335852158,120510.0,153292.0335852158,34584.32725508752,0.6799999999999999,,0,,0,F003,Sinnar,1,kharif,0.634256430266418,0.6427538023321879,0.33474546335422406,voice,23421.066084517453
agronomist,tomato,sandy,flood,785193,2.57,1.05,33.903275236227095,55.0,0.9986546421382322,0.7813529460276737,0.7899805283289559,1398.7090909090916,33,13987.090909090915,2.4238975392797117,157.5,93.45334811060528,63.673037842830496,0.5933545911784462,7,0,7.0,44.354222234979744,715.8839205460008,0,0.0,11000.0,372936.02759849804,73813.60909090911,299122.4185075889,16760.33481182431,0.86,,0,,0,F003,Sinnar,1,kharif,0.634256430266418,0.6427538023321879,0.33474546335422406,voice,226450.9202603074
agripilot,tomato,sandy,flood,785193,2.57,1.05,41.32969549356457,55.0,0.921295716238029,0.9555580396719932,0.8535783543164934,1108.1662516867996,22,11081.662516867997,3.7295573142255876,173.17982518283804,138.5063895703431,39.59656080925498,0.7997836319797195,4,14,6.1,37.51534439462058,583.0876163122426,5,0.0,11000.0,454626.6504292103,73159.86748765348,381466.78294155677,11735.019045217481,1.0,0.625,112,0.98,0,F003,Sinnar,1,kharif,0.634256430266418,0.6427538023321879,0.33474546335422406,voice,326921.41085807746
farmer_practice,onion,sandy,flood,364592,2.57,1.0,21.29094221154188,34.0,0.974415949026744,0.7490636931972388,0.8579319327646192,2565.0,38,25650.0,0.8300562265708334,154.0,62.408631468441826,103.41217101727446,0.4052508536911807,17,0,17.0,29.180529974194545,1030.014663371775,1,0.22400000000000003,10476.0,223043.91060811272,125346.0,97697.91060811272,30776.815552877153,0.6599999999999999,,0,,0,F003,Sinnar,1,rabi,0.634256430266418,0.6427538023321879,0.33474546335422406,voice,-37197.581140744514
agronomist,onion,sandy,flood,364592,2.57,1.0,21.51543616331365,34.0,0.9983663448800031,0.8002079570868306,0.7920971296157513,1995.0,57,19950.0,1.0784679781109598,115.5,72.10840565439891,55.29593716836903,0.6243152004709862,8,0,8.0,29.180529974194545,713.1712017980057,0,0.0,13500.0,290458.3882047343,100459.5,189998.8882047343,15815.893460074178,0.84,,0,,0,F003,Sinnar,1,rabi,0.634256430266418,0.6427538023321879,0.33474546335422406,voice,89086.45858342334
agripilot,onion,sandy,flood,364592,2.57,1.0,19.43213869704722,34.0,0.7332410328780987,0.9184019275973823,0.848715507300041,1245.3251630364398,25,12453.251630364397,1.5604068137245704,102.10620728658105,94.52450350984839,24.143825874293505,0.9257468867151912,5,12,6.8,29.180529974194545,349.7337204538409,28,0.0,13500.0,262333.87241013744,74952.13555454981,187381.73685558763,9368.513427140582,1.0,0.6216216216216216,111,0.98,0,F003,Sinnar,1,rabi,0.634256430266418,0.6427538023321879,0.33474546335422406,voice,126577.11899618804
farmer_practice,cotton,black_cotton,flood,191918,0.95,1.05,1.4779566257503904,2.4,1.0,0.9946994645041334,0.6190968053213126,3240.0,48,32400.0,0.04561594523920958,154.0,108.99472602664602,80.63212876173802,0.7077579612119872,17,0,17.0,406.2226410122879,1457.2755982576166,0,0.0,68000.0,100501.05055102655,150896.0,-50394.94944897345,30069.78694622343,0.6599999999999999,,0,,0,F004,Chandwad,1,kharif,0.09827290014336414,0.7759884449855182,0.5243314146704945,voice,-65464.1411438778
agronomist,cotton,black_cotton,flood,191918,0.95,1.05,1.3876214401506446,2.4,1.0,0.9946994645041334,0.5812565711503568,1180.0,16,11800.0,0.11759503730090208,115.5,108.99472602664602,19.850861556621712,0.9436772816159829,13,0,13.0,388.04531422957336,362.1836798456581,0,0.0,68000.0,94358.25793024384,68839.5,25518.75793024384,16165.562908258067,0.74,,0,,0,F004,Chandwad,1,kharif,0.09827290014336414,0.7759884449855182,0.5243314146704945,voice,18324.113598976914
agripilot,cotton,black_cotton,flood,191918,0.95,1.05,1.4835219620230995,2.4,1.0,0.9463676887296639,0.6531648937345875,1680.0,32,16800.0,0.08830487869185116,41.587111591069075,99.82835475907422,9.717812749506544,2.400463772062318,6,18,8.7,402.6874808030291,615.7139206707659,0,0.0,68000.0,100879.49341757076,95646.026236141,5233.467181429762,11463.39362213844,1.0,0.6090225563909775,133,0.98,3,F004,Chandwad,1,kharif,0.09827290014336414,0.7759884449855182,0.5243314146704945,voice,1633.3724550659354
farmer_practice,wheat,black_cotton,flood,225621,0.95,1.0,5.216555818653982,5.4,1.0,0.9947511942440561,0.971126107609662,2362.5,35,23625.0,0.22080659549858125,168.0,118.91404018842542,53.20175519924691,0.7078216677882465,12,0,12.0,24.429427924746502,915.106173693789,0,0.0,23000.0,119980.7838290416,111337.0,8643.783829041597,18196.180787187164,0.76,,0,,0,F004,Chandwad,1,rabi,0.09827290014336414,0.7759884449855182,0.5243314146704945,voice,9.469294747161257
agronomist,wheat,black_cotton,flood,225621,0.95,1.0,4.972401476785521,5.4,1.0,0.9947511942440561,0.9256737701062749,851.28,12,8512.8,0.584108809884588,126.0,118.91404018842542,6.45505124853315,0.943762223717662,1,0,1.0,23.096787817138257,118.20659261359481,0,0.0,23000.0,114365.23396606698,40727.520000000004,73637.71396606698,2069.7803150902114,0.98,,0,,0,F004,Chandwad,1,rabi,0.09827290014336414,0.7759884449855182,0.5243314146704945,voice,73260.68074710722
agripilot,wheat,black_cotton,flood,225621,0.95,1.0,5.011765004388864,5.4,1.0,0.9661854220040531,0.9605864560834667,1102.5,21,11025.0,0.4545818598085138,70.44304522667905,113.00388041463168,5.19338182656492,1.604187894645893,8,0,8.0,23.17883145987466,221.60221933173736,0,0.0,23000.0,115270.59510094387,60667.84831157369,54602.74678937018,6743.418211920557,0.84,0.5813953488372093,86,0.98,0,F004,Chandwad,1,rabi,0.09827290014336414,0.7759884449855182,0.5243314146704945,voice,52492.802665021896
farmer_practice,tomato,loam,drip,120950,0.68,1.05,46.325072407981395,55.0,0.999488242146754,0.994720560372415,0.8471779295722023,480.0,20,4800.0,9.651056751662791,210.0,148.6346276825211,75.95657936187791,0.7077839413453386,11,0,11.0,110.92725568852808,386.50159589932474,0,0.22,8580.0,397469.1212604804,38700.0,358769.1212604804,22370.52958633478,0.78,,0,,0,F005,Yeola,1,kharif,0.7699065618162414,0.15109678207217636,0.39927632583698547,icon,325911.253319692
agronomist,tomato,loam,drip,120950,0.68,1.05,37.91384696802963,55.0,1.0,0.9425515522229932,0.7313580573075174,467.33333333333337,17,4673.333333333334,8.112806055926454,157.5,135.14264281629139,45.94420282057319,0.8580485258177231,4,0,4.0,102.59326618723665,380.1817278545126,0,0.0,11000.0,417052.31664832594,30026.833333333336,387025.4833149926,11993.295903388305,0.92,,0,,0,F005,Yeola,1,kharif,0.7699065618162414,0.15109678207217636,0.39927632583698547,icon,356901.1774748699
agripilot,tomato,loam,drip,120950,0.68,1.05,44.113375087722694,55.0,0.9987465356840317,0.946879952747713,0.8481201655606168,382.76948147395257,22,3827.6948147395256,11.524788997767734,122.69930248401944,136.2620567450982,14.117845983061436,1.1105365229182553,7,12,8.8,102.50979827941437,325.7224420884882,0,0.0,11000.0,485247.12596494966,43982.44214215095,441264.6838227987,9623.800461465788,0.98,0.653179190751445,173,0.9461572096984635,5,F005,Yeola,1,kharif,0.7699065618162414,0.15109678207217636,0.39927632583698547,icon,424095.61032145115
farmer_practice,onion,loam,drip,154653,0.68,1.0,21.231882856814757,34.0,0.7727711045278306,0.9809782825505926,0.8237573923399382,528.0,22,5280.0,4.021189935002795,154.0,106.39243289752618,20.216247190553407,0.6908599538800401,11,0,11.0,1.244550104350299,94.10781419221121,21,0.2,10800.0,229304.33485359937,38768.0,190536.33485359937,11350.125445238766,0.78,,0,,0,F005,Yeola,1,rabi,0.7699065618162414,0.15109678207217636,0.39927632583698547,icon,159428.2906147521
agronomist,onion,loam,drip,154653,0.68,1.0,26.946612859652788,34.0,0.999901416144326,0.9947385905240638,0.7968179627137294,602.2500000000001,32,6022.500000000001,4.474323430411421,115.5,109.00214647870176,13.04709468907796,0.9437415279541278,10,0,10.0,3.6748026796252646,97.20288187856778,0,0.17,11205.0,301936.7970924095,41946.0,259990.7970924095,9381.55026815066,0.8,,0,,0,F005,Yeola,1,rabi,0.7699065618162414,0.15109678207217636,0.39927632583698547,icon,225384.10066858184
agripilot,onion,loam,drip,154653,0.68,1.0,22.60781497193207,34.0,0.8274453628290775,0.9726940355352323,0.8261598665087212,473.90915912384384,58,4739.091591238438,4.770495470846999,63.951355566426315,104.8212826015096,2.160320037652135,1.6390783537439118,5,13,6.95,1.8750760474112416,29.573205475147113,5,0.0,13500.0,305205.5021210829,42197.50072163706,263008.0013994459,5270.733291204086,1.0,0.5885416666666666,192,0.8321572096984634,0,F005,Yeola,1,rabi,0.7699065618162414,0.15109678207217636,0.39927632583698547,icon,240320.198828275
farmer_practice,soybean,sandy,drip,83340,4.0,1.05,2.590134500719294,3.1,0.9990182304550246,0.9946086006410959,0.84088188972622,480.0,20,4800.0,0.5396113543165196,126.0,89.16340354775626,86.15488474783888,0.7076460599028275,11,0,11.0,33.75749196792169,556.685511744626,0,0.0,46000.0,119146.18703308752,36264.0,82882.18703308752,23511.696682322294,0.78,,0,,0,F006,Dindori,1,kharif,0.702438580207078,0.05,0.4543512202100458,text,54347.25188324279
agronomist,soybean,sandy,drip,83340,4.0,1.05,2.447694480309177,3.1,1.0,0.9797318791266316,0.8059132109896461,535.2525252525253,20,5352.525252525253,0.45729713823477736,94.5,86.85494676102907,61.40186230911763,0.9190999657251754,9,0,9.0,39.03099109441754,592.3975453801361,0,0.0,46000.0,112593.94609422215,37349.08585858586,75244.8602356363,17703.614135490934,0.8200000000000001,,0,,0,F006,Dindori,1,kharif,0.702438580207078,0.05,0.4543512202100458,text,46670.09660717804
agripilot,soybean,sandy,drip,83340,4.0,1.05,2.564531576730144,3.1,0.9960626489572634,0.9943743837140262,0.8352370950866543,367.95739574616067,19,3679.573957461607,0.6969642698795796,66.50000000000001,89.12705954183166,42.73642914141473,1.3402565344636337,5,12,6.8,32.73285860429929,454.12860683599865,0,0.0,46000.0,117968.45252958663,38279.05145536947,79689.40107421717,12747.152972893346,1.0,0.49700598802395207,167,0.8031258841075043,2,F006,Dindori,1,kharif,0.702438580207078,0.05,0.4543512202100458,text,65124.489594952945
farmer_practice,grape,sandy,drip,49637,4.0,1.0,19.406752649520246,24.0,0.9487523808493963,0.9922913433775775,0.858913734605178,720.0,30,7200.0,2.6953823124333676,175.0,123.33865158999514,50.22228852554014,0.7047922947999722,16,0,16.0,0.0049191615159517275,146.97132145519058,7,0.48,23920.0,464209.5233765243,52895.0,411314.5233765243,20240.05620705087,0.6799999999999999,,0,,0,F006,Dindori,1,rabi,0.702438580207078,0.05,0.4543512202100458,text,375928.1606725952
agronomist,grape,sandy,drip,49637,4.0,1.0,17.210677173754817,24.0,0.9940054614460708,0.9924982646877227,0.7268891562298798,640.3333333333334,23,6403.333333333334,2.6877684290090813,131.25,123.38324669994026,13.803373799837615,0.9400628319995449,1,0,1.0,0.027779065895047354,64.80947401647857,0,0.0,46000.0,791691.1499927216,31277.583333333336,760413.5666593882,3184.857295563826,0.98,,0,,0,F006,Dindori,1,rabi,0.702438580207078,0.05,0.4543512202100458,text,730147.3803505496
agripilot,grape,sandy,drip,49637,4.0,1.0,20.043741841153803,24.0,1.0,0.9508663443763306,0.8783105164962491,595.2580287757119,62,5952.580287757119,3.367235866163531,93.36040967163393,114.41085008110574,4.113987173132172,1.2254750218375234,5,22,8.3,0.0,35.50914731781508,0,0.0,46000.0,922012.124693075,58396.22485885159,863615.8998342233,6550.517691163792,1.0,0.5992779783393501,277,0.98,0,F006,Dindori,1,rabi,0.702438580207078,0.05,0.4543512202100458,text,846089.8445281163
farmer_practice,soybean,sandy,sprinkler,45523,1.15,1.05,2.6611801522270584,3.1,1.0,0.9804830655361423,0.8755329291958908,1120.0,35,11200.0,0.23760537073455879,126.0,86.9715101694014,103.52924908026336,0.6902500807095349,12,0,12.0,30.16201871070003,865.5554810491724,0,0.0,46000.0,122414.28700244469,63674.0,58740.28700244469,27306.723002843704,0.76,,0,,0,F007,Sinnar,1,kharif,0.6956183690913526,0.42328418443420873,0.614488818410937,voice,-15242.01140515356
agronomist,soybean,sandy,sprinkler,45523,1.15,1.05,2.5439013398581607,3.1,1.0,0.9947511942440563,0.8249433025930941,701.0909090909091,20,7010.909090909091,0.36284899816441607,94.5,89.18553014131909,65.97156937123601,0.9437622237176624,9,0,9.0,25.445440886187736,558.1582550164583,0,0.0,46000.0,117019.4616334754,45187.59090909091,71831.87072438448,18403.891454798173,0.8200000000000001,,0,,0,F007,Sinnar,1,kharif,0.6956183690913526,0.42328418443420873,0.614488818410937,voice,26022.81875906645
agripilot,soybean,sandy,sprinkler,45523,1.15,1.05,2.596832018768001,3.1,0.9869433874766105,0.9944930300752013,0.8534698392106216,658.0,27,6580.0,0.39465532200121595,66.50000000000001,89.14547018408295,48.045806013852975,1.340533386226811,6,11,7.65,22.86596726063678,537.3796940331384,0,0.0,46000.0,119454.27286332805,50600.5,68853.77286332805,14209.038787839267,0.99,0.6691176470588235,136,0.98,0,F007,Sinnar,1,kharif,0.6956183690913526,0.42328418443420873,0.614488818410937,voice,30045.593492596803
farmer_practice,wheat,sandy,sprinkler,356308,1.15,1.0,4.495619050737781,5.4,1.0,0.8534302820008479,0.9755009448236278,1120.0,35,11200.0,0.40139455810158753,168.0,89.67523075879615,77.96644939593868,0.5337811354690247,12,0,12.0,0.0,464.0495779005048,0,0.0,23000.0,103399.23816696895,64892.0,38507.23816696895,22433.960891268962,0.76,,0,,0,F007,Sinnar,1,rabi,0.6956183690913526,0.42328418443420873,0.614488818410937,voice,-31882.928827893193
agronomist,wheat,sandy,sprinkler,356308,1.15,1.0,4.816011487220748,5.4,0.9772334785690363,0.988015506785533,0.9237015164978081,555.2106666666667,15,5552.1066666666675,0.867420562384863,126.0,117.52044967976545,16.227708033139947,0.93270198158544,0,0,0.0,0.0,65.15460088677584,0,0.0,23000.0,110768.2642060772,28291.162666666667,82477.10153941053,2920.9874459651905,1.0,,0,,0,F007,Sinnar,1,rabi,0.6956183690913526,0.42328418443420873,0.614488818410937,voice,52089.7907081113
agripilot,wheat,sandy,sprinkler,356308,1.15,1.0,4.77153429594756,5.4,1.0,0.9302293201202367,0.9498920783299962,728.0,26,7280.0,0.6554305351576319,109.10559902701219,105.56468692142829,16.07040349083498,0.9675460092134479,5,0,5.0,0.0,172.18492630562574,0,0.0,23000.0,109745.28880679388,43486.06237178335,66259.22643501053,6392.672628350297,0.9,0.6178861788617886,123,0.98,0,F007,Sinnar,1,rabi,0.6956183690913526,0.42328418443420873,0.614488818410937,voice,26350.48369617956
farmer_practice,soybean,clay_loam,sprinkler,41129,0.38,1.05,2.6240048536981626,3.1,1.0,0.9947511942440563,0.8509194897278386,576.0,18,5760.0,0.4555563982114866,126.0,89.18553014131909,44.06975504738823,0.7078216677882467,13,0,13.0,243.308296712198,366.98749029141334,0,0.0,46000.0,120704.22327011549,44148.0,76556.22327011549,19222.33057893966,0.74,,0,,0,F008,Niphad,1,kharif,0.5280376584730487,0.4555885213201006,0.4325764666442935,voice,53841.90518825812
agronomist,soybean,clay_loam,sprinkler,41129,0.38,1.05,2.433203019254392,3.1,1.0,0.9947511942440563,0.7890457476212989,455.57575757575756,12,4555.757575757576,0.5340940510535781,94.5,89.18553014131909,28.43139908398303,0.9437622237176624,9,0,9.0,242.10913052772287,285.0402725607475,0,0.0,46000.0,111927.33888570203,35720.07575757576,76207.26312812627,13596.634009866451,0.8200000000000001,,0,,0,F008,Niphad,1,kharif,0.5280376584730487,0.4555885213201006,0.4325764666442935,voice,59270.19422059992
agripilot,soybean,clay_loam,sprinkler,41129,0.38,1.05,2.4752203290847605,3.1,1.0,0.9947511942440563,0.8026712360765523,420.0,15,4200.0,0.5893381735916097,54.694047872255894,89.18553014131909,13.638058488629953,1.6306258836358563,5,11,6.65,237.34434983042243,268.6674602740728,0,0.0,46000.0,113860.13513789898,40336.12738829542,73524.00774960357,9245.949676427193,1.0,0.5875,160,0.98,0,F008,Niphad,1,kharif,0.5280376584730487,0.4555885213201006,0.4325764666442935,voice,61426.41197656296
farmer_practice,onion,clay_loam,sprinkler,7426,0.38,1.0,21.61489961735137,34.0,0.7422799949825121,0.9829840274948614,0.8712847019220374,608.0,19,6080.0,3.555082173906475,154.0,106.77283280074955,15.515191146484867,0.6933300831217504,14,0,14.0,13.220565265584574,117.99174089936787,25,0.22400000000000003,10476.0,226437.68839137294,47538.0,178899.68839137294,12711.719493757537,0.72,,0,,0,F008,Niphad,1,rabi,0.5280376584730487,0.4555885213201006,0.4325764666442935,voice,159076.4196449245
agronomist,onion,clay_loam,sprinkler,7426,0.38,1.0,28.125923470426837,34.0,1.0,0.9947391969891421,0.831607968954779,732.1600000000002,34,7321.600000000002,3.8414995998725456,115.5,109.00226149794076,12.211086499175423,0.943742523791695,9,0,9.0,9.8744343366803,135.6969446092154,0,0.14,11610.0,326541.97149165557,48812.94,277729.03149165557,8586.8654788817,0.8200000000000001,,0,,0,F008,Niphad,1,rabi,0.5280376584730487,0.4555885213201006,0.4325764666442935,voice,255270.97680114704
agripilot,onion,clay_loam,sprinkler,7426,0.38,1.0,29.13107510460382,34.0,0.9953152883176342,0.9946654419513941,0.8654458336092583,696.1971103525028,54,6961.971103525028,4.184314279881741,64.46730732066365,108.98827347354026,3.833799335899706,1.6905975757825136,7,11,8.65,9.383758562125342,113.01425149262681,0,0.0,13500.0,393269.51391215157,58050.25366428434,335219.2602478672,6829.537707521075,0.97,0.6619718309859155,142,0.98,0,F008,Niphad,1,rabi,0.5280376584730487,0.4555885213201006,0.4325764666442935,voice,317406.1119410661
farmer_practice,soybean,loam,sprinkler,264966,4.0,1.05,2.5566875343627316,3.1,1.0,0.9947511942440563,0.8290896448104328,1088.0,34,10880.0,0.2349896630848099,126.0,89.18553014131909,86.83822048770978,0.7078216677882467,9,0,9.0,183.42625000940942,797.1663620453668,0,0.0,46000.0,117607.62658068565,58396.0,59211.62658068565,23581.715937872446,0.8200000000000001,,0,,0,F009,Niphad,1,kharif,0.5884319754642743,0.4520564311238757,0.44744335257185763,text,7993.146049447061
agronomist,soybean,loam,sprinkler,264966,4.0,1.05,2.5336454702937625,3.1,1.0,0.9947511942440563,0.8216175010862281,459.54545454545456,12,4595.454545454546,0.5513372932389987,94.5,89.18553014131909,41.309723724743264,0.9437622237176624,9,0,9.0,164.33048593008974,353.74343893649745,0,0.0,46000.0,116547.69163351308,35855.045454545456,80692.64617896763,15214.724643824595,0.8200000000000001,,0,,0,F009,Niphad,1,kharif,0.5884319754642743,0.4520564311238757,0.44744335257185763,text,59031.79991332145
agripilot,soybean,loam,sprinkler,264966,4.0,1.05,2.589438834609081,3.1,1.0,0.9947511942440563,0.8397103262677363,784.0,28,7840.0,0.33028556563891337,66.50000000000001,89.18553014131909,42.09579456605719,1.341135791598783,5,12,6.8,173.2217912637844,579.370820790992,0,0.0,46000.0,119114.18639201771,55594.5,63519.68639201771,13896.239143264353,1.0,0.5555555555555556,135,0.9017811363237577,1,F009,Niphad,1,kharif,0.5884319754642743,0.4520564311238757,0.44744335257185763,text,31586.855026039375
farmer_practice,onion,loam,sprinkler,231263,4.0,1.0,28.591604721052324,34.0,1.0,0.9947391969891421,0.8453769120232678,1216.0,38,12160.0,2.3512832829812766,154.0,109.00226149794076,52.07261855772132,0.7078068928437712,10,0,10.0,0.0,394.4480028309155,0,0.17,11205.0,320368.9308993913,65470.0,254898.9308993913,16373.071340389837,0.8,,0,,0,F009,Niphad,1,rabi,0.5884319754642743,0.4520564311238757,0.44744335257185763,text,202999.25289915674
agronomist,onion,loam,sprinkler,231263,4.0,1.0,27.849220602120397,34.0,0.9988471746152011,0.9945704452478075,0.8245168459795357,726.7,32,7267.0,3.8322857578258422,115.5,108.9702568573428,4.617171756396434,0.9434654273363013,9,0,9.0,0.0,38.847229486642846,0,0.14,11610.0,323329.4511906178,48347.3,274982.1511906178,7131.090916151358,0.8200000000000001,,0,,0,F009,Niphad,1,rabi,0.5884319754642743,0.4520564311238757,0.44744335257185763,text,247647.22119537968
agripilot,onion,loam,sprinkler,231263,4.0,1.0,27.239638631924237,34.0,0.9630554300831062,0.9705067303420907,0.8571811044322741,670.1076484821338,50,6701.0764848213375,4.064964590931765,62.94569723043359,104.40644885798272,0.08283449615369343,1.6586749126913045,4,12,5.8,0.0,1.1110602621307173,2,0.0,13500.0,367735.1215309772,53769.08526807512,313966.0362629021,4074.910209307665,1.0,0.5460526315789473,152,0.9737811363237577,0,F009,Niphad,1,rabi,0.5884319754642743,0.4520564311238757,0.44744335257185763,text,292351.3483035001
farmer_practice,cotton,loam,flood,752913,1.1,1.05,1.4305433651196107,2.4,1.0,0.9867087899412992,0.6040888066903357,1890.0,28,18900.0,0.07569012513860374,154.0,107.47925326472915,91.00285295833534,0.6979172289917478,15,0,15.0,103.99572735491886,872.0022967815983,0,0.0,68000.0,97276.94882813352,97096.0,180.9488281335216,27816.47507869463,0.7,,0,,0,F010,Chandwad,1,kharif,0.10202054505707105,0.7319390454096757,0.7319617542841332,text,-17140.586342910014
agronomist,cotton,loam,flood,752913,1.1,1.05,1.2817665766407096,2.4,1.0,0.9491385495476512,0.5626885634222322,1178.1818181818182,16,11781.818181818182,0.10879191622722073,115.5,100.35386284524421,47.697526725663465,0.8688646133787378,13,0,13.0,97.56455236908435,491.0301315068804,0,0.0,68000.0,87160.12721156825,68777.68181818182,18382.445393386428,18563.635781941186,0.74,,0,,0,F010,Chandwad,1,kharif,0.10202054505707105,0.7319390454096757,0.7319617542841332,text,7635.0749656223215
agripilot,cotton,loam,flood,752913,1.1,1.05,1.4627512137051373,2.4,1.0,0.9560134627934123,0.6375220601980631,1050.0,20,10500.0,0.13930963940048927,75.343905277068,101.65772570219889,18.005585404990484,1.3492494891041953,6,18,8.7,96.55819838381775,421.5364854921473,0,0.0,68000.0,99467.08253194933,74064.97325303497,25402.10927891436,10200.029158352645,1.0,0.7541899441340782,179,0.98,0,F010,Chandwad,1,kharif,0.10202054505707105,0.7319390454096757,0.7319617542841332,text,22263.024421704493
farmer_practice,onion,loam,flood,351082,1.1,1.0,28.614513849968855,34.0,0.9804094367663586,0.9936038121677206,0.8639462478893714,1485.0,22,14850.0,1.9269032895601923,154.0,108.78692989387807,53.44806915263649,0.7064086356745329,11,0,11.0,0.004710977988795891,351.34187430262466,0,0.2,10800.0,309036.7495796636,76366.0,232670.74957966362,17320.694846276467,0.78,,0,,0,F010,Chandwad,1,rabi,0.10202054505707105,0.7319390454096757,0.7319617542841332,text,222572.03629012758
agronomist,onion,loam,flood,351082,1.1,1.0,28.033104011878056,34.0,1.0,0.9947391969891421,0.8288635470166195,1158.1818181818187,32,11581.818181818187,2.4204406917634103,115.5,109.00226149794076,17.663842108008037,0.943742523791695,9,0,9.0,0.4987691257957659,166.57363351586585,0,0.14,11610.0,325464.3375779042,66857.68181818184,258606.6557597224,9483.98050157361,0.8200000000000001,,0,,0,F010,Chandwad,1,rabi,0.10202054505707105,0.7319390454096757,0.7319617542841332,text,254718.64237740246
agripilot,onion,loam,flood,351082,1.1,1.0,27.568152640831702,34.0,0.9816557450500212,0.9623800203373583,0.8582680326057274,985.0935624156065,27,9850.935624156065,2.7985313976908137,67.16930077913403,102.8651762708783,4.096029665386481,1.5314313991315671,5,13,6.95,0.4987691257957659,71.01863499589273,1,0.0,13500.0,372170.06065122795,66031.0908447255,306138.96980650246,5606.774261901728,1.0,0.717391304347826,92,0.98,0,F010,Chandwad,1,rabi,0.10202054505707105,0.7319390454096757,0.7319617542841332,text,305836.99445625464
farmer_practice,soybean,sandy_loam,sprinkler,439591,4.0,1.05,2.6899693756907133,3.1,0.9972241890205807,0.9943472942223965,0.875094070750248,576.0,18,5760.0,0.4670085721685266,126.0,89.12285600002704,69.43209469379231,0.7073242539684685,12,0,12.0,51.41428641739313,384.6081031850398,0,0.0,46000.0,123738.59128177281,42798.0,80940.59128177281,21360.505622639153,0.76,,0,,0,F011,Sinnar,1,kharif,0.14145511134989552,0.42596376964519567,0.4235542891493692,text,77620.06357399886
agronomist,soybean,sandy_loam,sprinkler,439591,4.0,1.05,2.55659788817936,3.1,1.0,0.9947511942440563,0.8290605741002536,548.3333333333334,15,5483.333333333334,0.46624885498711727,94.5,89.18553014131909,48.798786675264054,0.9437622237176624,9,0,9.0,49.0688446953886,367.4504956850703,0,0.0,46000.0,117603.50285625055,39293.833333333336,78309.66952291722,15525.401203806026,0.8200000000000001,,0,,0,F011,Sinnar,1,kharif,0.14145511134989552,0.42596376964519567,0.4235542891493692,text,77227.21659407669
agripilot,soybean,sandy_loam,sprinkler,439591,4.0,1.05,2.6335108150830737,3.1,1.0,0.9947511942440563,0.8540021089537981,404.0,21,4040.0,0.6518591126443252,66.50000000000001,89.18553014131909,22.271836899952163,1.341135791598783,7,10,8.5,42.87357291739091,265.39576746306795,0,0.0,46000.0,121141.49749382139,42174.5,78966.99749382139,10344.792798247907,0.96,0.65,160,0.98,0,F011,Sinnar,1,kharif,0.14145511134989552,0.42596376964519567,0.4235542891493692,text,82143.31223272525
farmer_practice,wheat,sandy_loam,sprinkler,473294,4.0,1.0,5.0044461077005895,5.4,0.9547085116881966,0.9940608631285834,0.9765140285869112,576.0,18,5760.0,0.8688274492535746,168.0,118.77121306108623,18.592577934065872,0.7069715063159895,12,0,12.0,0.0,70.35897899477266,3,0.0,23000.0,115102.26047711355,44016.0,71086.26047711355,11746.664028131858,0.76,,0,,0,F011,Sinnar,1,rabi,0.14145511134989552,0.42596376964519567,0.4235542891493692,text,72983.62453254592
agronomist,wheat,sandy_loam,sprinkler,473294,4.0,1.0,4.936913676024332,5.4,0.987397588979369,0.9939436600934661,0.9315538033660095,571.062,15,5710.62,0.8645144793427565,126.0,118.74696415726885,7.228004468263883,0.9424362234703877,0,0,0.0,0.0,33.743025163202674,0,0.0,23000.0,113549.01454855964,28830.108,84718.90654855964,1301.040804287499,1.0,,0,,0,F011,Sinnar,1,rabi,0.14145511134989552,0.42596376964519567,0.4235542891493692,text,88050.84364350849
agripilot,wheat,sandy_loam,sprinkler,473294,4.0,1.0,4.958427796600582,5.4,1.0,0.9597092063720141,0.9567766607262431,556.0,35,5560.0,0.891803560539673,90.74104045442883,111.66397373214085,3.6582746724201223,1.230578503099926,6,0,6.0,0.0,37.796012634103704,0,0.0,23000.0,114043.83932181339,40915.490173178434,73128.34914863495,4858.489441035622,0.88,0.6771653543307087,127,0.98,0,F011,Sinnar,1,rabi,0.14145511134989552,0.42596376964519567,0.4235542891493692,text,77858.80591552345
farmer_practice,cotton,loam,flood,811321,0.81,1.05,1.4154693046511815,2.4,1.0,0.9946994645041334,0.5929216793456327,1620.0,24,16200.0,0.08737464843525812,154.0,108.99472602664602,86.56452148245988,0.7077579612119872,14,0,14.0,104.08412250585484,693.5825821539422,0,0.0,68000.0,96251.91271628033,85526.0,10725.912716280334,26318.370969395473,0.72,,0,,0,F012,Dindori,1,kharif,0.2966487799225014,0.6431407430026036,0.49774508853832405,icon,-17869.97507235749
agronomist,cotton,loam,flood,811321,0.81,1.05,1.2633767898688868,2.4,1.0,0.9737192506484538,0.5406147566951554,1171.875,16,11718.75,0.10780815273547834,115.5,105.01571995056884,42.40956440678124,0.9092270125590376,12,0,12.0,107.13706659853003,448.61869009209374,0,0.0,68000.0,85909.6217110843,67213.25,18696.3717110843,16997.955192607395,0.76,,0,,0,F012,Dindori,1,kharif,0.2966487799225014,0.6431407430026036,0.49774508853832405,icon,38.317472665265086
agripilot,cotton,loam,flood,811321,0.81,1.05,1.3688645253770277,2.4,1.0,0.8922374245976555,0.6392471366736185,1102.5,21,11025.0,0.12416004765324515,58.32186259645661,89.562270182314,13.895605798369093,1.5356551762075483,7,17,9.55,110.36592811928953,398.01557238466387,0,0.0,68000.0,93082.78772563789,74506.33401529724,18576.453710340647,10179.502396780044,1.0,0.6,180,0.98,0,F012,Dindori,1,kharif,0.2966487799225014,0.6431407430026036,0.49774508853832405,icon,6163.966504111217
farmer_practice,wheat,loam,flood,845024,0.81,1.0,5.230611222172231,5.4,1.0,0.9947511942440561,0.9737426940671001,1215.0,18,12150.0,0.4305029812487433,168.0,118.91404018842542,42.41983496525781,0.7078216677882465,10,0,10.0,0.35354036284401175,268.71162080837587,0,0.0,23000.0,120304.05810996132,65202.0,55102.05810996132,14638.752157012002,0.8,,0,,0,F012,Dindori,1,rabi,0.2966487799225014,0.6431407430026036,0.49774508853832405,icon,36747.70256652235
agronomist,wheat,loam,flood,845024,0.81,1.0,5.035353580793288,5.4,1.0,0.9947511942440561,0.9373930795234751,844.95,12,8449.5,0.5959350944781688,126.0,118.91404018842542,11.206563603588979,0.943762223717662,1,0,1.0,0.23295744446967523,79.08953360718169,0,0.0,23000.0,115813.13235824562,40512.3,75300.83235824562,2719.2780656462432,0.98,,0,,0,F012,Dindori,1,rabi,0.2966487799225014,0.6431407430026036,0.49774508853832405,icon,66036.5511004543
agripilot,wheat,loam,flood,845024,0.81,1.0,4.809362142372063,5.4,1.0,0.9361652137980094,0.9513519684677725,840.0,16,8400.0,0.5725431121871503,80.60547494158436,106.79280285476057,6.407561353695668,1.3248827444060647,5,0,5.0,0.4009197133593052,97.6771552953517,0,0.0,23000.0,110615.32927455744,47167.558773305944,63447.7705012515,4656.969321085454,0.9,0.5688073394495413,109,0.98,0,F012,Dindori,1,rabi,0.2966487799225014,0.6431407430026036,0.49774508853832405,icon,54225.03307686379
farmer_practice,soybean,sandy_loam,flood,284943,1.79,1.05,2.609544059623112,3.1,1.0,0.9947511942440563,0.8462301037695544,1215.0,18,12150.0,0.2147772888578693,126.0,89.18553014131909,104.42075293135328,0.7078216677882467,13,0,13.0,79.88174560093044,654.9212474183034,0,0.0,46000.0,120039.02674266315,68034.0,52005.02674266315,28614.671238051964,0.74,,0,,0,F013,Niphad,1,kharif,0.35801722869111724,0.5874121457420199,0.36191732253487696,icon,24475.793239953004
agronomist,soybean,sandy_loam,flood,284943,1.79,1.05,2.432222899251171,3.1,1.0,0.9947511942440563,0.7887279116188854,927.2727272727273,14,9272.727272727272,0.2622985479584597,94.5,89.18553014131909,62.928747074961564,0.9437622237176624,9,0,9.0,73.0286467867927,516.1170654299507,0,0.0,46000.0,111882.25336555387,53717.77272727273,58164.480638281144,18284.432294574217,0.8200000000000001,,0,,0,F013,Niphad,1,kharif,0.35801722869111724,0.5874121457420199,0.36191732253487696,icon,39114.17997027871
agripilot,soybean,sandy_loam,flood,284943,1.79,1.05,2.532972194647674,3.1,1.0,0.9947511942440563,0.8213991694134004,787.5,18,7875.0,0.321647262812403,66.50000000000001,89.18553014131909,40.77893976793318,1.341135791598783,7,10,8.5,75.33982477064839,436.9308874460949,0,0.0,46000.0,116516.720953793,56953.5,59563.220953793,13968.267581163807,0.96,0.6347826086956522,115,0.98,0,F013,Niphad,1,kharif,0.35801722869111724,0.5874121457420199,0.36191732253487696,icon,46202.51672993448
farmer_practice,onion,sandy_loam,flood,461821,1.79,1.0,22.36128293354366,34.0,0.8055096755748694,0.9705636128275881,0.8412460402020474,1282.5,19,12825.0,1.7435698193796225,154.0,104.41723691557705,48.24235864858483,0.6780340059453055,14,0,14.0,0.0,259.59989779482385,17,0.22400000000000003,10476.0,234256.80001180337,72751.0,161505.80001180337,18483.62455674527,0.72,,0,,0,F013,Niphad,1,rabi,0.35801722869111724,0.5874121457420199,0.36191732253487696,icon,137984.95808655766
agronomist,onion,sandy_loam,flood,461821,1.79,1.0,25.59721484403139,34.0,1.0,0.9441923608351825,0.7973579233924653,1575.0,45,15750.0,1.625219990097231,115.5,99.41579257218979,36.67161751368065,0.860742792832812,10,0,10.0,0.0018556981427014535,364.09521205240367,0,0.17,11205.0,286816.7923273717,85759.5,201057.29232737172,13600.907853745803,0.8,,0,,0,F013,Niphad,1,rabi,0.35801722869111724,0.5874121457420199,0.36191732253487696,icon,175670.30056798784
agripilot,onion,sandy_loam,flood,461821,1.79,1.0,15.301889521429883,34.0,0.6161966872552816,0.8854561229599729,0.8248590438198414,840.746943914349,17,8407.46943914349,1.8200351047590322,65.28940219470873,88.27616125102934,7.009636061622153,1.352074889394278,6,12,7.8,0.0,75.22478826706006,46,0.0,13500.0,206575.50853930344,58918.78875673442,147656.719782569,6721.734491091987,1.0,0.5984251968503937,127,0.7126012585197496,0,F013,Niphad,1,rabi,0.35801722869111724,0.5874121457420199,0.36191732253487696,icon,136790.97938505266
farmer_practice,cotton,loam,drip,907952,0.3,1.05,1.3867928003995937,2.4,1.0,0.9632830995556159,0.599855155526342,1152.0,48,11520.0,0.1203813194791314,154.0,103.03644991572025,86.90089651123323,0.6690678565955861,15,0,15.0,106.24554200466723,885.0455081856583,0,0.0,68000.0,94301.91042717238,66164.0,28137.910427172377,27098.37125006399,0.7,,0,,0,F014,Yeola,1,kharif,0.431984458948205,0.5290017279073365,0.5750084960109004,icon,-9425.128635353456
agronomist,cotton,loam,drip,907952,0.3,1.05,1.3048327820662908,2.4,1.0,0.9813264308122276,0.5540259681082464,480.0,16,4800.0,0.27184016293047725,115.5,106.45846101611215,37.16725358108385,0.9217182771957763,12,0,12.0,93.90746787739313,311.9767202146013,0,0.0,68000.0,88728.62918050778,40009.5,48719.12918050778,15935.27285549163,0.76,,0,,0,F014,Yeola,1,kharif,0.431984458948205,0.5290017279073365,0.5750084960109004,icon,32738.188028391574
agripilot,cotton,loam,drip,907952,0.3,1.05,1.4226043341597505,2.4,1.0,0.9521776111560851,0.622522309866336,693.0,33,6930.0,0.2052820107012627,70.73692570849985,100.93023659856789,18.275526501602847,1.4268394560217643,5,19,7.85,100.27307181421234,475.8610830445395,0,0.0,68000.0,96737.09472286304,56953.370845546495,39783.723877316545,9687.052416616425,1.0,0.6403940886699507,203,0.98,5,F014,Yeola,1,kharif,0.431984458948205,0.5290017279073365,0.5750084960109004,icon,25047.413530871538
farmer_practice,wheat,loam,drip,874249,0.3,1.0,5.250442735287807,5.4,1.0,0.9947511942440561,0.9774345744589615,840.0,35,8400.0,0.6250527065818818,168.0,118.91404018842542,52.42545758090867,0.7078216677882465,11,0,11.0,10.302025022677348,369.25115730281163,0,0.0,23000.0,120760.18291161956,50172.0,70588.18291161956,17229.300589767656,0.78,,0,,0,F014,Yeola,1,rabi,0.431984458948205,0.5290017279073365,0.5750084960109004,icon,45222.99145785716
agronomist,wheat,loam,drip,874249,0.3,1.0,4.827117023264629,5.4,0.9630988306149193,0.9931831982879153,0.9345312924618981,412.9166666666667,14,4129.166666666667,1.1690293497310906,126.0,118.58962723198252,9.274066453169604,0.941187517714147,0,0,0.0,9.836351066268325,72.3835717573281,0,0.0,23000.0,111023.69153508646,21773.166666666668,89250.52486841979,1757.8591211669439,1.0,,0,,0,F014,Yeola,1,rabi,0.431984458948205,0.5290017279073365,0.5750084960109004,icon,80456.36250940712
agripilot,wheat,loam,drip,874249,0.3,1.0,5.170125961740818,5.4,1.0,0.986414347331001,0.9706172018343846,499.6666666666668,29,4996.666666666668,1.0347150023497298,90.67248631070026,117.18917530986226,8.266967515339879,1.2924447103865593,8,0,8.0,9.836376131380687,129.45188811458846,0,0.0,23000.0,118912.89712003882,36588.16876967698,82324.72835036184,7176.581537943604,0.84,0.6503496503496503,143,0.98,0,F014,Yeola,1,rabi,0.431984458948205,0.5290017279073365,0.5750084960109004,icon,70628.1444906061
farmer_practice,cotton,clay_loam,drip,801926,0.9,1.05,1.3712993313839632,2.4,1.0,0.9946994645041334,0.5744194521053856,672.0,28,6720.0,0.20406240050356594,154.0,108.99472602664602,52.11342497138626,0.7077579612119872,23,0,23.0,430.2644623029679,498.2049694802106,0,0.0,68000.0,93248.3545341095,60044.0,33204.3545341095,29352.79665557624,0.54,,0,,0,F015,Dindori,1,kharif,0.5957872477753853,0.41311654330545483,0.22226805236838126,text,5634.14849112676
agronomist,cotton,clay_loam,drip,801926,0.9,1.05,1.196115392503516,2.4,1.0,0.9946994645041334,0.5010371788946114,480.0,16,4800.0,0.24919070677156582,115.5,108.99472602664602,27.840937271692365,0.9436772816159829,13,0,13.0,425.0117485380199,352.9030761763281,0,0.0,68000.0,81335.84669023908,41359.5,39976.34669023908,17936.474445746804,0.74,,0,,0,F015,Dindori,1,kharif,0.5957872477753853,0.41311654330545483,0.22226805236838126,text,20906.404940204557
agripilot,cotton,clay_loam,drip,801926,0.9,1.05,1.4027033405743468,2.4,1.0,0.9360547855270631,0.6243862370835701,462.0,22,4620.0,0.30361544168275906,52.62485707791823,97.87245932409817,10.991137905323555,1.8598142543016267,9,16,11.4,419.83000610017336,340.3059757593308,0,0.0,68000.0,95383.82715905558,51244.12085525963,44139.70630379595,13736.8748778598,0.9800000000000001,0.680952380952381,210,0.98,0,F015,Dindori,1,kharif,0.5957872477753853,0.41311654330545483,0.22226805236838126,text,30000.394262235786
farmer_practice,onion,clay_loam,drip,768223,0.9,1.0,22.739227920892354,34.0,0.7697330082353679,0.9779552423351174,0.8884596482165383,528.0,22,5280.0,4.306671954714461,154.0,105.8190976842464,3.944220791697641,0.687136997949652,17,0,17.0,0.12397342629824668,39.80132010636618,21,0.22400000000000003,10476.0,238216.1516992683,46868.0,191348.1516992683,12611.075503342261,0.6599999999999999,,0,,0,F015,Dindori,1,rabi,0.5957872477753853,0.41311654330545483,0.22226805236838126,text,173146.54592097687
agronomist,onion,clay_loam,drip,768223,0.9,1.0,28.384610135336764,34.0,0.9989061749859796,0.9947260784832379,0.8401867238397934,609.6999999999999,34,6096.999999999999,4.655504368597141,115.5,108.99977350544168,5.507655714321311,0.9437209827310968,9,0,9.0,0.9202007237890099,64.14796117183133,0,0.14,11610.0,329545.32367125986,40909.3,288636.02367125987,7299.659835091937,0.8200000000000001,,0,,0,F015,Dindori,1,rabi,0.5957872477753853,0.41311654330545483,0.22226805236838126,text,266590.61305316136
agripilot,onion,clay_loam,drip,768223,0.9,1.0,29.283451009499466,34.0,0.9830822703751332,0.9938453363364399,0.8815250771625276,532.5415180162023,70,5325.415180162023,5.498810894328906,60.597204051212714,108.8327362017386,0.20634592418361258,1.7960026028554128,7,12,8.8,0.4359117794798899,4.040239014538949,0,0.0,13500.0,395326.5886282428,47573.730530036046,347752.85809820675,6201.06547236837,0.98,0.6752577319587629,194,0.98,0,F015,Dindori,1,rabi,0.5957872477753853,0.41311654330545483,0.22226805236838126,text,331683.90540491085
farmer_practice,cotton,loam,drip,503446,0.3,1.05,1.465520131308357,2.4,1.0,0.9946994645041334,0.6138873195730079,600.0,25,6000.0,0.24425335521805952,154.0,108.99472602664602,74.22507571507631,0.7077579612119872,15,0,15.0,183.83446446247567,484.5254101061485,0,0.0,68000.0,99655.36892896828,46706.0,52949.36892896828,25515.023808876016,0.7,,0,,0,F016,Niphad,1,kharif,0.4020576759388249,0.571065237181065,0.4561823617916903,icon,32277.600868087145
agronomist,cotton,loam,drip,503446,0.3,1.05,1.3198087502277052,2.4,1.0,0.9584675614238902,0.5737495296950069,480.0,16,4800.0,0.2749601562974386,115.5,102.12315820108262,38.1156290087586,0.8841831878881612,13,0,13.0,182.45903439023715,416.48045619466313,0,0.0,68000.0,89746.99501548395,41359.5,48387.495015483946,17602.94453108868,0.74,,0,,0,F016,Niphad,1,kharif,0.4020576759388249,0.571065237181065,0.4561823617916903,icon,34131.73401793439
agripilot,cotton,loam,drip,503446,0.3,1.05,1.4306818384359772,2.4,1.0,0.9564581410299073,0.623255119183535,420.0,20,4200.0,0.3406385329609469,69.7643218745336,101.74206122981002,17.086615607553238,1.458368095554433,5,19,7.85,181.58431179677547,391.9279597704141,0,0.0,68000.0,97286.36501364644,46893.165334361474,50393.19967928497,10204.849615530562,1.0,0.6581196581196581,234,0.98,2,F016,Niphad,1,kharif,0.4020576759388249,0.571065237181065,0.4561823617916903,icon,42780.528751687
farmer_practice,wheat,loam,drip,469743,0.3,1.0,5.180973163040673,5.4,0.9929622348674675,0.9946660973489605,0.9714211079242543,432.0,18,4320.0,1.199299343296452,168.0,118.89643393426768,16.832228426890715,0.7077168686563552,11,0,11.0,0.0010787437553899798,75.37260925544321,0,0.0,23000.0,119162.38274993548,35790.0,83372.38274993548,10729.810825534127,0.78,,0,,0,F016,Niphad,1,rabi,0.4020576759388249,0.571065237181065,0.4561823617916903,icon,73014.94801964579
agronomist,wheat,loam,drip,469743,0.3,1.0,4.835430093932336,5.4,0.9853828195991539,0.9944488380659329,0.9138058176139855,412.9166666666667,14,4129.166666666667,1.1710426059977403,126.0,118.8514837377792,8.024025356780728,0.9432657439506286,0,0,0.0,0.0,56.379616859990335,0,0.0,23000.0,111214.89216044373,21773.166666666668,89441.72549377706,1444.3245642205309,1.0,,0,,0,F016,Niphad,1,rabi,0.4020576759388249,0.571065237181065,0.4561823617916903,icon,81879.88184936847
agripilot,wheat,loam,drip,469743,0.3,1.0,4.829249084686809,5.4,1.0,0.9426877042322472,0.948676196833883,420.0000000000001,32,4200.000000000001,1.149821210639716,78.54564818995374,108.14228363425808,3.4514124580267986,1.3768080870976867,6,0,6.0,0.0,48.47138953206914,0,0.0,23000.0,111072.7289477966,30257.823797508663,80814.90515028793,4821.254242444824,0.88,0.5732484076433121,157,0.98,0,F016,Niphad,1,rabi,0.4020576759388249,0.571065237181065,0.4561823617916903,icon,72886.32526860926
farmer_practice,cotton,loam,drip,228619,1.06,1.05,1.3545633737263514,2.4,1.0,0.9938078173059095,0.5679180580902812,1152.0,48,11520.0,0.11758362619152354,154.0,108.82562052353455,80.99251976924931,0.7066598735294451,13,0,13.0,119.0546271574951,725.8059442484487,0,0.0,68000.0,92110.3094133919,63464.0,28646.309413391893,24750.14520288233,0.74,,0,,0,F017,Igatpuri,1,kharif,0.802182840476792,0.21957792371904009,0.16919528287314511,voice,-50779.00104247118
agronomist,cotton,loam,drip,228619,1.06,1.05,1.3640637560616506,2.4,1.0,0.9946994645041334,0.571388563722967,480.0,16,4800.0,0.28417994917951056,115.5,108.99472602664602,22.60171066487899,0.9436772816159829,13,0,13.0,101.47376804621521,186.163106813805,0,0.0,68000.0,92756.33541219225,41359.5,51396.835412192246,14081.571832094156,0.74,,0,,0,F017,Igatpuri,1,kharif,0.802182840476792,0.21957792371904009,0.16919528287314511,voice,22433.967850477246
agripilot,cotton,loam,drip,228619,1.06,1.05,1.507232933327248,2.4,1.0,0.9283769782848244,0.6764641270833122,798.0,38,7980.0,0.18887630743449224,67.68425383162992,96.41632346781154,15.453445186310677,1.4245015348422836,9,16,11.4,114.8938692386573,406.2122167971348,0,0.0,68000.0,102491.83946625287,62564.843361117266,39926.99610513561,11795.664956683837,0.9800000000000001,0.6524064171122995,187,0.98,1,F017,Igatpuri,1,kharif,0.802182840476792,0.21957792371904009,0.16919528287314511,voice,-6986.8496191864615
farmer_practice,onion,loam,drip,826788,1.06,1.0,27.878945749247716,34.0,0.9991092283351831,0.9947318896307487,0.8250464849161738,912.0,38,9120.0,3.0569019461894427,154.0,109.00087561962474,48.681962660619675,0.7077978936339269,10,0,10.0,23.372753810133194,338.03488533555924,0,0.17,11205.0,312383.58712032065,50954.0,261429.58712032065,15973.10806320274,0.8,,0,,0,F017,Igatpuri,1,rabi,0.802182840476792,0.21957792371904009,0.16919528287314511,voice,199864.98278420646
agronomist,onion,loam,drip,826788,1.06,1.0,27.591433904699002,34.0,1.0,0.9947391969891421,0.8158045489301954,624.7500000000001,33,6247.500000000001,4.416395983145097,115.5,109.00226149794076,9.770944946943631,0.943742523791695,9,0,9.0,22.93311585706484,87.75211446763645,0,0.14,11610.0,320336.5476335554,41391.0,278945.5476335554,8265.168133163437,0.8200000000000001,,0,,0,F017,Igatpuri,1,rabi,0.802182840476792,0.21957792371904009,0.16919528287314511,voice,239836.05478338097
agripilot,onion,loam,drip,826788,1.06,1.0,19.625422569175612,34.0,0.7245809293250285,0.9543699607947589,0.8347115807367151,539.5385973096847,35,5395.385973096847,3.637445526053996,71.30762408738246,101.34602704728188,5.294694898243726,1.4212509299579168,4,13,5.95,16.157981091965855,108.28097077716272,32,0.0,13500.0,264943.2046838708,44522.23340706337,220420.9712768074,5263.466911511564,1.0,0.4691358024691358,162,0.6079001484265631,0,F017,Igatpuri,1,rabi,0.802182840476792,0.21957792371904009,0.16919528287314511,voice,190278.73540392471
farmer_practice,soybean,loam,flood,509630,2.49,1.05,2.5213342818955606,3.1,1.0,0.9947511942440563,0.8176251951516652,2362.5,35,23625.0,0.1067231442072195,126.0,89.18553014131909,108.67966840202156,0.7078216677882467,9,0,9.0,198.3139787386699,1212.4010907379482,0,0.0,46000.0,115981.37696719579,106069.0,9912.376967195785,27647.166121011913,0.8200000000000001,,0,,0,F018,Yeola,1,kharif,0.30105892916334,0.6585010390602911,0.11979854022068252,voice,-21359.003508013215
agronomist,soybean,loam,flood,509630,2.49,1.05,2.4820699803896753,3.1,1.0,0.9947511942440563,0.8048924597854099,830.2479338842975,12,8302.479338842975,0.29895527336965033,94.5,89.18553014131909,54.8434986911336,0.9437622237176624,9,0,9.0,181.16625430339462,393.6231117331938,0,0.0,46000.0,114175.21909792506,49898.92975206611,64276.289345858946,17802.3260531346,0.8200000000000001,,0,,0,F018,Yeola,1,kharif,0.30105892916334,0.6585010390602911,0.11979854022068252,voice,53190.172310429676
agripilot,soybean,loam,flood,509630,2.49,1.05,2.5792159593413233,3.1,1.0,0.9947511942440563,0.8363952242418649,1260.0,24,12600.0,0.20469967931280345,66.50000000000001,89.18553014131909,44.56057861480748,1.341135791598783,7,9,8.35,194.62661598676897,614.0697671453388,0,0.0,46000.0,118643.93412970087,73918.5,44725.434129700865,15617.543694546268,0.95,0.5,102,0.6780000000000003,0,F018,Yeola,1,kharif,0.30105892916334,0.6585010390602911,0.11979854022068252,voice,30493.67418286506
farmer_practice,onion,loam,flood,892201,2.49,1.0,27.761978284013583,34.0,0.9987775743329794,0.9512348959869525,0.8594387610153696,2565.0,38,25650.0,1.082338334659399,154.0,100.75144579062894,82.20528538564119,0.6542301674716164,10,0,10.0,8.43434961727458,958.9768809942101,0,0.17,11205.0,311072.9666723722,115896.0,195176.9666723722,21872.860515970886,0.8,,0,,0,F018,Yeola,1,rabi,0.30105892916334,0.6585010390602911,0.11979854022068252,voice,163389.0992216447
agronomist,onion,loam,flood,892201,2.49,1.0,27.906831322817144,34.0,1.0,0.9947391969891421,0.8251300029573527,1158.1818181818187,32,11581.818181818187,2.409538026302892,115.5,109.00226149794076,20.280731980817077,0.943742523791695,8,0,8.0,8.247555702463488,190.26049008447256,0,0.0,13500.0,376742.22285803145,65507.68181818184,311234.54103984963,9324.759757869246,0.84,,0,,0,F018,Yeola,1,rabi,0.30105892916334,0.6585010390602911,0.11979854022068252,voice,299045.1144291334
agripilot,onion,loam,flood,892201,2.49,1.0,26.824373825493588,34.0,0.9769647015593912,0.9433031795460378,0.8560921304184539,1365.0,26,13650.0,1.965155591611252,76.64593182948582,99.24715474148994,12.399969593890793,1.2948783108578423,5,12,6.8,8.1781184287197,312.4656160632887,1,0.0,13500.0,362129.04664416343,78182.73202305508,283946.31462110835,7065.597592758821,1.0,0.49,100,0.7440000000000004,0,F018,Yeola,1,rabi,0.30105892916334,0.6585010390602911,0.11979854022068252,voice,270718.634160212
farmer_practice,soybean,black_cotton,drip,126876,0.84,1.05,2.6668383353794165,3.1,1.0,0.9947511942440563,0.8648096486290735,816.0,34,8160.0,0.3268184234533599,126.0,89.18553014131909,45.69326060867287,0.7078216677882467,14,0,14.0,340.7116876825783,578.3214198491017,0,0.0,46000.0,122674.56342745316,52158.0,70516.56342745316,21091.192098704323,0.72,,0,,0,F019,Niphad,1,kharif,0.6051935099550773,0.6888332122414815,0.4484133458762014,voice,24904.163557159285
agronomist,soybean,black_cotton,drip,126876,0.84,1.05,2.4653355017682856,3.1,1.0,0.9947511942440563,0.7994657571673467,352.22222222222223,12,3522.222222222222,0.6999375241613429,94.5,89.18553014131909,10.09291621463245,0.9437622237176624,9,0,9.0,315.4130034217454,195.6317935618399,0,0.0,46000.0,113405.43308134114,30886.055555555555,82519.37752578559,10955.44194942955,0.8200000000000001,,0,,0,F019,Niphad,1,kharif,0.6051935099550773,0.6888332122414815,0.4484133458762014,voice,63019.90718556471
agripilot,soybean,black_cotton,drip,126876,0.84,1.05,2.5680161784644704,3.1,1.0,0.9947511942440563,0.8327633285861217,504.0,24,5040.0,0.5095270195366013,42.35410254461024,89.18553014131909,10.753203506588935,2.105711720544256,6,12,7.8,329.3367362299873,335.2767994172499,0,0.0,46000.0,118128.74420936564,43284.268973793696,74844.47523557194,10359.607257255893,1.0,0.6715328467153284,137,0.98,2,F019,Niphad,1,kharif,0.6051935099550773,0.6888332122414815,0.4484133458762014,voice,49638.795560229104
farmer_practice,grape,black_cotton,drip,528707,0.84,1.0,21.326979182523573,24.0,1.0,0.9946928631048064,0.8933653447873572,1248.0,52,12480.0,1.7088925627022094,175.0,123.85622049672551,43.34372658505207,0.70774983140986,21,0,21.0,1.157936422055693,538.4320072258167,0,0.48,23920.0,510141.34204596386,78257.0,431884.34204596386,22512.292213107874,0.5800000000000001,,0,,0,F019,Niphad,1,rabi,0.6051935099550773,0.6888332122414815,0.4484133458762014,voice,367088.1718550658
agronomist,grape,black_cotton,drip,528707,0.84,1.0,18.32454260055902,24.0,0.9994492260418061,0.9946745353044761,0.7680335037788677,658.0,22,6580.0,2.7848848937019786,131.25,123.8522705397578,3.603152992186245,0.9436363469695832,1,0,1.0,0.7986545056551523,56.42013724438027,0,0.0,46000.0,842928.9596257149,31848.25,811080.7096257149,1355.7554291444205,0.98,,0,,0,F019,Niphad,1,rabi,0.6051935099550773,0.6888332122414815,0.4484133458762014,voice,781183.7624569858
agripilot,grape,black_cotton,drip,528707,0.84,1.0,21.637620580387754,24.0,0.9995549764238963,0.9946728771742339,0.9067995542215439,785.3333333333329,49,7853.333333333329,2.755214844701328,61.16349641719994,123.85191318410216,4.522977866422639,2.024931870135427,6,21,9.15,1.2557886949141406,169.76804838894665,0,0.0,46000.0,995330.5466978367,62605.07472943212,932725.4719684046,7230.438114210303,1.0,0.6769911504424779,226,0.98,0,F019,Niphad,1,rabi,0.6051935099550773,0.6888332122414815,0.4484133458762014,voice,897505.7357923753
farmer_practice,cotton,clay_loam,drip,443020,0.58,1.05,1.4066660795943269,2.4,1.0,0.9946994645041334,0.5892341228813447,936.0,39,9360.0,0.15028483756349648,154.0,108.99472602664602,56.7771406137109,0.7077579612119872,17,0,17.0,319.2590186489549,685.8064565281329,0,0.0,68000.0,95653.29341241423,61250.0,34403.293412414234,24993.216478308557,0.6599999999999999,,0,,0,F020,Niphad,1,kharif,0.15377724386419636,0.1456794459502896,0.750419855118582,voice,31949.30079151208
agronomist,cotton,clay_loam,drip,443020,0.58,1.05,1.2474841445296472,2.4,1.0,0.9946994645041334,0.5225548809155174,480.0,16,4800.0,0.2598925301103432,115.5,108.99472602664602,30.819331588604424,0.9436772816159829,12,0,12.0,300.6214810970945,364.8489583994793,0,0.0,68000.0,84828.92182801601,40009.5,44819.42182801601,16653.073015822647,0.76,,0,,0,F020,Niphad,1,kharif,0.15377724386419636,0.1456794459502896,0.750419855118582,voice,43844.64417386442
agripilot,cotton,clay_loam,drip,443020,0.58,1.05,1.3966943699953893,2.4,1.0,0.9148680481201026,0.6361092057962883,588.0,28,5880.0,0.23753305612166484,53.491868269352466,93.85428498829532,14.71651316950802,1.7545523838446304,8,17,10.55,306.3432807229716,417.7096624334053,0,0.0,68000.0,94975.21715968648,54443.264179811216,40531.95297987526,12791.06189701819,1.0,0.6462264150943396,212,0.98,2,F020,Niphad,1,kharif,0.15377724386419636,0.1456794459502896,0.750419855118582,voice,47420.77358513147
farmer_practice,onion,clay_loam,drip,285474,0.58,1.0,28.72860588717876,34.0,0.9861244949431935,0.994604797957618,0.8614961439439202,720.0,30,7200.0,3.9900841509970495,154.0,108.97677202644479,23.821065144015716,0.7076413767950961,12,0,12.0,4.542832720546228,186.3530277746955,0,0.22400000000000003,10476.0,300960.8752740847,46886.0,254074.87527408468,12728.677220407744,0.76,,0,,0,F020,Niphad,1,rabi,0.15377724386419636,0.1456794459502896,0.750419855118582,voice,257217.6098397
agronomist,onion,clay_loam,drip,285474,0.58,1.0,27.534423751277934,34.0,0.9966438257620589,0.9946966726557649,0.8168953595116666,623.3499999999999,35,6233.499999999999,4.417169126698955,115.5,108.99419653816233,6.96072316069355,0.9436726973001067,8,0,8.0,3.9331088207252143,83.35379438652177,0,0.0,13500.0,371714.7206422521,40053.399999999994,331661.3206422521,6888.328148311366,0.84,,0,,0,F020,Niphad,1,rabi,0.15377724386419636,0.1456794459502896,0.750419855118582,voice,337430.23499138595
agripilot,onion,clay_loam,drip,285474,0.58,1.0,28.402435691338297,34.0,0.9842626707239208,0.9925358934950288,0.8551049737697618,549.8785365532024,73,5498.785365532023,5.1652199173608375,59.649200614823506,108.58439359388478,0.29893390233306333,1.8203830474620029,6,12,7.8,3.8003855527104546,18.787536535613945,0,0.0,13500.0,383432.881833067,46395.69706063876,337037.18477242824,5548.011572394345,1.0,0.6443298969072165,194,0.98,0,F020,Niphad,1,rabi,0.15377724386419636,0.1456794459502896,0.750419855118582,voice,346795.65064700914
farmer_practice,soybean,loam,drip,558015,0.72,1.05,2.5356815316535313,3.1,1.0,0.9947511942440563,0.8222777606474356,840.0,35,8400.0,0.3018668490063728,126.0,89.18553014131909,85.52393177691273,0.7078216677882467,10,0,10.0,93.05804718925994,581.1749908969045,0,0.0,46000.0,116641.35045606244,47604.0,69037.35045606244,23231.83014454763,0.8,,0,,0,F021,Niphad,1,kharif,0.6317398891665841,0.6890812203535643,0.6287038332306529,voice,13706.517336243827
agronomist,soybean,loam,drip,558015,0.72,1.05,2.440289416140775,3.1,1.0,0.9947511942440563,0.7913437438365389,349.6212121212121,12,3496.212121212121,0.6979809380944363,94.5,89.18553014131909,23.973028313382486,0.9437622237176624,8,0,8.0,71.46458256911657,164.78326229354565,0,0.0,46000.0,112253.31314247566,29447.621212121212,82805.69193035444,10558.326339530897,0.84,,0,,0,F021,Niphad,1,kharif,0.6317398891665841,0.6890812203535643,0.6287038332306529,voice,60515.72406545167
agripilot,soybean,loam,drip,558015,0.72,1.05,2.5307622206230045,3.1,1.0,0.9947511942440563,0.8206825129763008,567.0,27,5670.0,0.44634254331975387,57.42203470199799,89.18553014131909,26.672641584377864,1.5531586542372366,5,12,6.8,83.63194855966478,347.5797742611368,0,0.0,46000.0,116415.06214865821,44723.23900635794,71691.82314230027,10313.763022224999,1.0,0.572463768115942,138,0.98,1,F021,Niphad,1,kharif,0.6317398891665841,0.6890812203535643,0.6287038332306529,voice,39778.756356963495
farmer_practice,grape,loam,drip,524312,0.72,1.0,20.22237110710846,24.0,1.0,0.9946928631048064,0.847094442297952,1248.0,52,12480.0,1.6203823002490754,175.0,123.85622049672551,73.89564232561247,0.70774983140986,15,0,15.0,10.05192808296088,629.0239158465903,0,0.48,23920.0,483719.1168820344,70157.0,413562.1168820344,23891.68297135689,0.7,,0,,0,F021,Niphad,1,rabi,0.6317398891665841,0.6890812203535643,0.6287038332306529,voice,338547.87449090683
agronomist,grape,loam,drip,524312,0.72,1.0,16.94101651861787,24.0,0.9800704595422123,0.9927969793392732,0.7254549992178357,626.25,21,6262.5,2.7051523383022547,131.25,123.44762485760202,17.31451829480442,0.9405533322483963,2,0,2.0,8.016062315983774,111.5786860165345,0,0.0,46000.0,779286.7598564221,32088.75,747198.0098564221,4588.75785390865,0.96,,0,,0,F021,Niphad,1,rabi,0.6317398891665841,0.6890812203535643,0.6287038332306529,voice,714184.2984063099
agripilot,grape,loam,drip,524312,0.72,1.0,20.17438261506156,24.0,0.9888199424040228,0.9739268860404608,0.8728617041978951,735.0,35,7350.0,2.7448139612328655,86.11299815880403,119.38079440527176,11.078450017357515,1.3863272323316091,4,22,7.3,9.29058452951599,187.23914373022873,0,0.0,46000.0,928021.6002928318,60897.276946605314,867124.3233462265,7187.736263889997,1.0,0.5954545454545455,220,0.98,0,F021,Niphad,1,rabi,0.6317398891665841,0.6890812203535643,0.6287038332306529,voice,830395.3795024058
farmer_practice,tomato,clay_loam,drip,696275,1.26,1.05,49.340502070457504,55.0,1.0,0.9947450064777559,0.9018391967818765,576.0,24,5760.0,8.566059387232206,210.0,148.6409499511438,54.995340004018864,0.7078140473863991,16,0,16.0,290.0258241739784,387.9134720499965,0,0.256,8184.0,403802.6689446242,48834.0,354968.6689446242,23709.393618289203,0.6799999999999999,,0,,0,F022,Igatpuri,1,kharif,0.6986190164935682,0.26796414675520414,0.6612752330338824,icon,316798.6886052582
agronomist,tomato,clay_loam,drip,696275,1.26,1.05,42.604974500407735,55.0,1.0,0.9615749537567928,0.805590762301967,483.2,18,4832.0,8.817254656541335,157.5,140.06248804054985,30.195433862056184,0.8892856383526975,7,0,7.0,272.7885592269603,355.89878495212787,0,0.0,11000.0,468654.7195044851,34646.3,434008.4195044851,12790.275128212756,0.86,,0,,0,F022,Igatpuri,1,kharif,0.6986190164935682,0.26796414675520414,0.6612752330338824,icon,404961.41459148866
agripilot,tomato,clay_loam,drip,696275,1.26,1.05,47.3764892629281,55.0,0.999282433484207,0.9752315032527399,0.8839021914075212,376.5329467809824,20,3765.329467809824,12.58229583040592,114.30504565636936,143.59435428950172,7.931801071845092,1.2562381079937943,7,11,8.65,268.43586233757895,258.19263191741214,0,0.0,11000.0,521141.38189220906,42086.966514588115,479054.41537762096,9898.646953970327,0.97,0.625,168,0.98,5,F022,Igatpuri,1,kharif,0.6986190164935682,0.26796414675520414,0.6612752330338824,icon,461438.6318927467
farmer_practice,wheat,clay_loam,drip,662572,1.26,1.0,5.274241897672528,5.4,1.0,0.9947511942440561,0.9818650816239376,576.0,24,5760.0,0.9156669961237028,168.0,118.91404018842542,15.984017378532203,0.7078216677882465,16,0,16.0,5.026224770361013,105.51064369508975,0,0.0,23000.0,121307.56364646814,47616.0,73691.56364646814,14122.359151069046,0.6799999999999999,,0,,0,F022,Igatpuri,1,rabi,0.6986190164935682,0.26796414675520414,0.6612752330338824,icon,41947.12780972429
agronomist,wheat,clay_loam,drip,662572,1.26,1.0,5.055672000009337,5.4,1.0,0.9947511942440561,0.9411756034821959,441.3888888888889,15,4413.888888888889,1.1454008307132546,126.0,118.91404018842542,4.460771481188999,0.943762223717662,0,0,0.0,4.4021232158121775,44.266693654989965,0,0.0,23000.0,116280.45600021475,22771.222222222223,93509.23377799253,842.5579755563294,1.0,,0,,0,F022,Igatpuri,1,rabi,0.6986190164935682,0.26796414675520414,0.6612752330338824,icon,71771.067252412
agripilot,wheat,clay_loam,drip,662572,1.26,1.0,4.865333091265674,5.4,0.9472629745271562,0.974275738731482,0.9762619617056963,382.0,19,3820.0,1.2736474060904905,72.85296448086498,114.67773904789283,2.246081320553713,1.5740984579702755,9,0,9.0,4.974125445063009,47.01064369508976,5,0.0,23000.0,111902.6610991105,33540.73596994508,78361.9251291654,6749.061766705236,0.8200000000000001,0.5071428571428571,140,0.98,0,F022,Igatpuri,1,rabi,0.6986190164935682,0.26796414675520414,0.6612752330338824,icon,59818.91615638628
farmer_practice,soybean,sandy_loam,sprinkler,702887,1.62,1.05,2.6665961961452864,3.1,1.0,0.9947511942440563,0.864731127054215,640.0,20,6400.0,0.41665565564770096,126.0,89.18553014131909,89.99250392488517,0.7078216677882467,12,0,12.0,129.74684395290777,610.547048526881,0,0.0,46000.0,122663.42502268318,45254.0,77409.42502268318,25766.372302055504,0.76,,0,,0,F023,Dindori,1,kharif,0.23563147207227728,0.7173071140891454,0.6124488383462805,voice,58165.61240272599
agronomist,soybean,sandy_loam,sprinkler,702887,1.62,1.05,2.550402152975584,3.1,1.0,0.9947511942440563,0.827051404097898,516.0,14,5160.0,0.494263983134803,94.5,89.18553014131909,62.895081157103846,0.9437622237176624,9,0,9.0,125.7627554108209,535.9809790831499,0,0.0,46000.0,117318.49903687685,38054.5,79263.99903687685,18752.979406976083,0.8200000000000001,,0,,0,F023,Dindori,1,kharif,0.23563147207227728,0.7173071140891454,0.6124488383462805,voice,65303.55341201884
agripilot,soybean,sandy_loam,sprinkler,702887,1.62,1.05,2.600125673985654,3.1,1.0,0.9947511942440563,0.8431758838471368,468.0,18,4680.0,0.5555824089712936,66.50000000000001,89.18553014131909,39.76864375512787,1.341135791598783,4,14,6.1,126.68036113013656,490.16672078595354,0,0.0,46000.0,119605.78100334009,43300.5,76305.28100334009,12568.479126094246,1.0,0.6474358974358975,156,0.98,3,F023,Dindori,1,kharif,0.23563147207227728,0.7173071140891454,0.6124488383462805,voice,67738.56521055545
farmer_practice,wheat,sandy_loam,sprinkler,736590,1.62,1.0,5.267505241782553,5.4,1.0,0.9947511942440561,0.9806109701679951,640.0,20,6400.0,0.8230476940285238,168.0,118.91404018842542,25.55317958193035,0.7078216677882465,12,0,12.0,0.0,101.10560301652099,0,0.0,23000.0,121152.62056099872,46472.0,74680.62056099872,12999.572324747463,0.76,,0,,0,F023,Dindori,1,rabi,0.23563147207227728,0.7173071140891454,0.6124488383462805,voice,64152.93195158188
agronomist,wheat,sandy_loam,sprinkler,736590,1.62,1.0,5.002486705452119,5.4,0.9961015894647799,0.9945267688560955,0.9351301791166493,491.062,13,4910.62,1.0187077610265343,126.0,118.867607349537,5.958755547690122,0.9433937091233094,0,0,0.0,0.0,28.88509762996322,0,0.0,23000.0,115057.19422539874,25830.108,89227.08622539873,1072.575998584222,1.0,,0,,0,F023,Dindori,1,rabi,0.23563147207227728,0.7173071140891454,0.6124488383462805,voice,85868.60581218678
agripilot,wheat,sandy_loam,sprinkler,736590,1.62,1.0,4.884218683602312,5.4,1.0,0.942981284224184,0.9591759206037471,484.0,22,4840.0,1.0091360916533703,85.92993549667862,108.20302432224499,3.3666764846264856,1.2592005765723782,6,0,6.0,0.0,37.027921350783046,0,0.0,23000.0,112337.02972285319,34407.96812940368,77929.0615934495,4806.001767232768,0.88,0.48936170212765956,141,0.98,0,F023,Dindori,1,rabi,0.23563147207227728,0.7173071140891454,0.6124488383462805,voice,73243.42957444733
farmer_practice,cotton,clay_loam,sprinkler,279093,0.86,1.05,1.4660214880084914,2.4,1.0,0.9946994645041334,0.6140973313730647,1248.0,39,12480.0,0.1174696705135009,154.0,108.99472602664602,57.691416154857464,0.7077579612119872,17,0,17.0,141.5535405797928,513.1082202767833,0,0.0,68000.0,99689.46118457742,76148.0,23541.46118457742,23558.43677309248,0.6599999999999999,,0,,0,F024,Igatpuri,1,kharif,0.6514950244034458,0.5749368002005145,0.2074519587109617,text,-41646.71320713402
agronomist,cotton,clay_loam,sprinkler,279093,0.86,1.05,1.3283286961681886,2.4,1.0,0.9946994645041334,0.5564196119739429,716.4,18,7164.0,0.1854171826030414,115.5,108.99472602664602,16.250687977774945,0.9436772816159829,13,0,13.0,134.0176408402361,200.70663393792938,0,0.0,68000.0,90326.35133943682,51437.1,38889.25133943682,13231.282603561614,0.74,,0,,0,F024,Igatpuri,1,kharif,0.6514950244034458,0.5749368002005145,0.2074519587109617,text,3041.743695750357
agripilot,cotton,clay_loam,sprinkler,279093,0.86,1.05,1.528165386184459,2.4,1.0,0.9946079179716858,0.6401875212046968,860.0,39,8600.0,0.17769364955633246,63.715745132487385,108.97736375325076,11.096734564217547,1.7103678773064428,7,17,9.55,141.2748424824276,313.483763158221,0,0.0,68000.0,103915.24626054322,68157.75660884214,35757.48965170108,9953.885803901008,1.0,0.6390243902439025,205,0.98,0,F024,Igatpuri,1,kharif,0.6514950244034458,0.5749368002005145,0.2074519587109617,text,-4114.367989445123
farmer_practice,onion,clay_loam,sprinkler,754610,0.86,1.0,29.102708690920604,34.0,1.0,0.9947391969891421,0.8604888828267792,960.0,30,9600.0,3.03153215530423,154.0,109.00226149794076,31.331740192398172,0.7078068928437712,12,0,12.0,4.639444011951473,257.5912206600973,0,0.22400000000000003,10476.0,304879.97624608426,58346.0,246533.97624608426,14081.468230739236,0.76,,0,,0,F024,Igatpuri,1,rabi,0.6514950244034458,0.5749368002005145,0.2074519587109617,text,197663.87296907604
agronomist,onion,clay_loam,sprinkler,754610,0.86,1.0,27.58082175233345,34.0,1.0,0.9947391969891421,0.815490776104772,751.4800000000002,35,7514.800000000003,3.670200371577878,115.5,109.00226149794076,6.718723542095024,0.943742523791695,8,0,8.0,4.103137973257745,90.44533272458476,0,0.0,13500.0,372341.09365650156,48259.82000000001,324081.27365650155,6846.298479336424,0.84,,0,,0,F024,Igatpuri,1,rabi,0.6514950244034458,0.5749368002005145,0.2074519587109617,text,287683.9657746709
agripilot,onion,clay_loam,sprinkler,754610,0.86,1.0,27.601560165614064,34.0,0.969546713555791,0.9697208258473089,0.8634540934822431,708.6341184014564,53,7086.341184014564,3.8950368672451066,60.9421788819206,104.25739800552412,3.7031356522085304,1.7107592790131374,7,11,8.65,4.370867691000091,79.5011016978757,2,0.0,13500.0,372621.06223578984,57990.883213225214,314630.1790225646,6760.902226616536,0.97,0.6715328467153284,137,0.98,0,F024,Igatpuri,1,rabi,0.6514950244034458,0.5749368002005145,0.2074519587109617,text,282596.2155822942
farmer_practice,soybean,loam,drip,831874,0.42,1.05,2.546873266780408,3.1,1.0,0.9947511942440563,0.8259070472053127,648.0,27,6480.0,0.39303599795993954,126.0,89.18553014131909,87.52072764955004,0.7078216677882467,9,0,9.0,256.02195080596164,605.062504806294,0,0.0,46000.0,117156.17027189878,39486.0,77670.17027189878,24357.92853417266,0.8200000000000001,,0,,0,F025,Dindori,1,kharif,0.7121158663573999,0.4225034468618557,0.2313266560723774,voice,36070.27182525083
agronomist,soybean,loam,drip,831874,0.42,1.05,2.5229749301341964,3.1,1.0,0.9947511942440563,0.8181572290616159,349.6212121212121,12,3496.212121212121,0.7216309659322079,94.5,89.18553014131909,47.74406775632743,0.9437622237176624,9,0,9.0,238.37837383581098,371.0888241442012,0,0.0,46000.0,116056.84678617303,30797.621212121212,85259.22557405182,17039.337560661235,0.8200000000000001,,0,,0,F025,Dindori,1,kharif,0.7121158663573999,0.4225034468618557,0.2313266560723774,voice,63930.633661827
agripilot,soybean,loam,drip,831874,0.42,1.05,2.6254885984593352,3.1,1.0,0.9947511942440563,0.8514006425478434,424.0,21,4240.0,0.6192190090705979,62.05218447592183,89.18553014131909,31.974001960660647,1.437266566754404,8,10,9.5,241.6056080629623,420.51792815175685,0,0.0,46000.0,120772.47552912943,41165.51334980173,79606.9621793277,14579.770825485577,0.94,0.6971830985915493,142,0.98,0,F025,Dindori,1,kharif,0.7121158663573999,0.4225034468618557,0.2313266560723774,voice,56841.64076761349
farmer_practice,onion,loam,drip,865577,0.42,1.0,27.944189535502495,34.0,0.9988780280834838,0.9947261641608296,0.8271734755805771,720.0,30,7200.0,3.881137435486458,154.0,108.99978975464012,36.55605853979994,0.7077908425625982,10,0,10.0,0.08073006923875993,203.79008748066062,0,0.17,11205.0,313114.6437453055,44186.0,268928.6437453055,13580.817107787138,0.8,,0,,0,F025,Dindori,1,rabi,0.7121158663573999,0.4225034468618557,0.2313266560723774,voice,227461.55876117363
agronomist,onion,loam,drip,865577,0.42,1.0,27.731829547456176,34.0,1.0,0.9947391969891421,0.8199556707750001,592.8750000000001,31,5928.750000000001,4.677517106886978,115.5,109.00226149794076,11.510672867930515,0.943742523791695,9,0,9.0,0.2353279935797172,86.42937529048592,0,0.14,11610.0,321966.5410459662,40247.25,281719.2910459662,8374.03906816971,0.8200000000000001,,0,,0,F025,Dindori,1,rabi,0.7121158663573999,0.4225034468618557,0.2313266560723774,voice,249551.23560377638
agripilot,onion,loam,drip,865577,0.42,1.0,28.143774024121896,34.0,0.9822197100863054,0.9783299993952925,0.8614089946967136,510.83687190492157,70,5108.3687190492155,5.509346637249023,66.1599759993387,105.89017229910719,1.7777490664449749,1.6005170905770223,7,11,8.65,0.0,24.01961337094549,0,0.0,13500.0,379940.9493256456,45977.092948748155,333963.8563768974,6374.994831960095,0.97,0.7172774869109948,191,0.98,0,F025,Dindori,1,rabi,0.7121158663573999,0.4225034468618557,0.2313266560723774,voice,309474.58321613586
farmer_practice,soybean,loam,drip,825429,0.33,1.05,2.5154576097575503,3.1,1.0,0.9947511942440563,0.8157194917952381,480.0,20,4800.0,0.5240536686994897,126.0,89.18553014131909,78.08342803140452,0.7078216677882467,10,0,10.0,155.47684379207664,471.02126227715166,0,0.0,46000.0,115711.05004884732,34914.0,80797.05004884732,22454.308639781502,0.8,,0,,0,F026,Igatpuri,1,kharif,0.4055295064889046,0.4854161315510576,0.4503935126985809,voice,63973.356086484426
agronomist,soybean,loam,drip,825429,0.33,1.05,2.4508036610473116,3.1,1.0,0.9947511942440563,0.7947533320078924,349.6212121212121,12,3496.212121212121,0.7009882627480936,94.5,89.18553014131909,44.19847979706154,0.9437622237176624,9,0,9.0,148.5526609143843,360.1559818998211,0,0.0,46000.0,112736.96840817634,30797.621212121212,81939.34719605513,15592.700311700535,0.8200000000000001,,0,,0,F026,Igatpuri,1,kharif,0.4055295064889046,0.4854161315510576,0.4503935126985809,voice,71334.44849568562
agripilot,soybean,loam,drip,825429,0.33,1.05,2.506526444440235,3.1,1.0,0.9947511942440563,0.8128232690143333,340.0,17,3400.0,0.7372136601294809,64.99812298618966,89.18553014131909,25.86849712101248,1.372124702128223,4,13,5.95,139.66954284057064,353.6988177130158,0,0.0,46000.0,115300.21644425081,35814.945566599505,79485.2708776513,10078.355367347382,1.0,0.7115384615384616,156,0.98,1,F026,Igatpuri,1,kharif,0.4055295064889046,0.4854161315510576,0.4503935126985809,voice,73239.88364135998
farmer_practice,onion,loam,drip,423598,0.33,1.0,23.08280648206945,34.0,0.8445909242340578,0.9817114345761697,0.8188030161669156,528.0,22,5280.0,4.371743651907092,154.0,106.53147897134254,3.5577940055993347,0.6917628504632632,11,0,11.0,0.0,21.77604236674343,10,0.2,10800.0,249294.31000635008,38768.0,210526.31000635008,8340.40292100788,0.78,,0,,0,F026,Igatpuri,1,rabi,0.4055295064889046,0.4854161315510576,0.4503935126985809,voice,200821.02999356386
agronomist,onion,loam,drip,423598,0.33,1.0,27.086853582759282,34.0,1.0,0.9947391969891421,0.8008854648637098,638.2500000000001,34,6382.500000000001,4.243925355700632,115.5,109.00226149794076,8.491198191896288,0.943742523791695,9,0,9.0,0.020915689463211998,82.06562845209137,0,0.14,11610.0,314478.37009583524,41880.0,272598.37009583524,7828.603915746501,0.8200000000000001,,0,,0,F026,Igatpuri,1,rabi,0.4055295064889046,0.4854161315510576,0.4503935126985809,voice,260913.3320421788
agripilot,onion,loam,drip,423598,0.33,1.0,25.34192084616267,34.0,0.9342809454319381,0.9634436489776708,0.8280504610125048,523.3251745629761,67,5233.251745629761,4.842480751537601,64.76317920941854,103.06689894404103,0.002021192048316615,1.5914428569166346,6,13,7.95,0.0,0.026128252395539064,1,0.0,13500.0,342115.93142319605,46841.18813221433,295274.74329098174,5565.363814568697,1.0,0.6649484536082474,194,0.98,0,F026,Igatpuri,1,rabi,0.4055295064889046,0.4854161315510576,0.4503935126985809,voice,289043.6142868269
farmer_practice,cotton,black_cotton,flood,325710,1.21,1.05,1.22371910283541,2.4,1.0,0.9946994645041334,0.5126000140845913,2632.5,39,26325.0,0.046485056138097246,154.0,108.99472602664602,62.12836741845338,0.7077579612119872,14,0,14.0,448.5405411404739,1096.1182177803917,0,0.0,68000.0,83212.89899280788,123851.0,-40638.10100719212,25019.97100558587,0.72,,0,,0,F027,Igatpuri,1,kharif,0.744652102348011,0.7427100852075437,0.3800199378740164,voice,-228318.85771781777
agronomist,cotton,black_cotton,flood,325710,1.21,1.05,1.19363935740496,2.4,1.0,0.9946994645041334,0.5,1180.0,16,11800.0,0.10115587774618305,115.5,108.99472602664602,19.52602804529439,0.9436772816159829,12,0,12.0,425.0939032543946,332.0165541449312,0,0.0,68000.0,81167.47630353727,67489.5,13677.976303537274,15740.530177442542,0.76,,0,,0,F027,Igatpuri,1,kharif,0.744652102348011,0.7427100852075437,0.3800199378740164,voice,-71202.89740936608
agripilot,cotton,black_cotton,flood,325710,1.21,1.05,1.4561485299364503,2.4,1.0,0.9908001940094628,0.6123621672750631,1365.0,26,13650.0,0.10667754798069233,48.29741158771648,108.25520920869124,7.978278879279044,2.2414287981475156,9,16,11.4,435.47946104656626,405.9637996279411,0,0.0,68000.0,99018.10003567862,87440.62493604378,11577.475099634845,13335.405347689324,0.9800000000000001,0.7421383647798742,159,0.98,0,F027,Igatpuri,1,kharif,0.744652102348011,0.7427100852075437,0.3800199378740164,voice,-83221.13996734482
farmer_practice,wheat,black_cotton,flood,824075,1.21,1.0,5.200068667437908,5.4,1.0,0.9947511942440561,0.9680568213712624,1890.0,28,18900.0,0.2751359083300481,168.0,118.91404018842542,40.557157745095374,0.7078216677882465,10,0,10.0,10.775350968191411,615.2062217551423,0,0.0,23000.0,119601.5793510719,90752.0,28849.579351071894,14397.26655283089,0.8,,0,,0,F027,Igatpuri,1,rabi,0.744652102348011,0.7427100852075437,0.3800199378740164,voice,-103996.6362442191
agronomist,wheat,black_cotton,flood,824075,1.21,1.0,4.9307684789060495,5.4,1.0,0.9947511942440561,0.9179232748399855,851.28,12,8512.8,0.5792181748550477,126.0,118.91404018842542,4.10575576481419,0.943762223717662,0,0,0.0,9.371153295218713,70.58250622282364,0,0.0,23000.0,113407.67501483914,39377.520000000004,74030.15501483914,823.3764173235227,1.0,,0,,0,F027,Igatpuri,1,rabi,0.744652102348011,0.7427100852075437,0.3800199378740164,voice,16698.962386261668
agripilot,wheat,black_cotton,flood,824075,1.21,1.0,5.034991586885763,5.4,1.0,0.978620598093549,0.9527756223808383,1020.0,22,10200.0,0.4936266261652708,70.11506473562021,115.57667546763085,3.8528591125133476,1.6483857770570525,5,0,5.0,11.28376358340016,150.72216794911765,0,0.0,23000.0,115804.80649837255,54783.336877332986,61021.46962103956,4295.068512503004,0.9,0.6582278481012658,79,0.98,0,F027,Igatpuri,1,rabi,0.744652102348011,0.7427100852075437,0.3800199378740164,voice,-8357.404846005717
farmer_practice,soybean,loam,sprinkler,64379,0.59,1.05,2.612847319686316,3.1,1.0,0.9947511942440563,0.8473012940013327,736.0,23,7360.0,0.355006429305206,126.0,89.18553014131909,93.1933281862564,0.7078216677882467,11,0,11.0,259.13351598105396,731.2215164706095,0,0.0,46000.0,120190.97670557053,47588.0,72602.97670557053,26807.000717355637,0.78,,0,,0,F028,Igatpuri,1,kharif,0.63134023313953,0.32788949535298156,0.8032835784581384,icon,24328.697862368193
agronomist,soybean,loam,sprinkler,64379,0.59,1.05,2.4844880085900365,3.1,1.0,0.9947511942440563,0.8056765846011469,459.54545454545456,12,4595.454545454546,0.5406403183875449,94.5,89.18553014131909,52.76061809821254,0.9437622237176624,9,0,9.0,257.8740242329132,527.9353017221109,0,0.0,46000.0,114286.44839514168,35855.045454545456,78431.40294059622,18117.777475774477,0.8200000000000001,,0,,0,F028,Igatpuri,1,kharif,0.63134023313953,0.32788949535298156,0.8032835784581384,icon,48998.20253307924
agripilot,soybean,loam,sprinkler,64379,0.59,1.05,2.5469437450177006,3.1,1.0,0.9947511942440563,0.8259299020813734,514.0,19,5140.0,0.4955143472797083,66.50000000000001,89.18553014131909,38.54513768567503,1.341135791598783,4,13,5.95,256.05881282710584,560.9112135899211,0,0.0,46000.0,117159.41227081422,44404.5,72754.91227081422,13407.65409886546,1.0,0.6560509554140127,157,0.98,2,F028,Igatpuri,1,kharif,0.63134023313953,0.32788949535298156,0.8032835784581384,icon,46845.204492310375
farmer_practice,grape,loam,sprinkler,98082,0.59,1.0,20.57668852588831,24.0,1.0,0.9946928631048064,0.8619364365758765,1120.0,35,11200.0,1.8372043326685994,175.0,123.85622049672551,53.451549764144964,0.70774983140986,16,0,16.0,8.232273168843193,314.7864561501574,0,0.48,23920.0,492194.3895392484,70495.0,421699.3895392484,20895.36941606568,0.6799999999999999,,0,,0,F028,Igatpuri,1,rabi,0.63134023313953,0.32788949535298156,0.8032835784581384,icon,364228.15336450876
agronomist,grape,loam,sprinkler,98082,0.59,1.0,17.894383037102322,24.0,0.9931317658931228,0.9942903083726418,0.755066857750328,747.55,19,7475.5,2.393737280061845,131.25,123.76946301134521,10.875058293700521,0.9430054324673921,2,0,2.0,4.7801727435936,67.07181479871667,0,0.0,46000.0,823141.6197067068,38242.95,784898.6697067069,3400.5320475584363,0.96,,0,,0,F028,Igatpuri,1,rabi,0.63134023313953,0.32788949535298156,0.8032835784581384,icon,752657.5862620246
agripilot,grape,loam,sprinkler,98082,0.59,1.0,19.830235609376402,24.0,0.977445253393423,0.9447974328696254,0.8947165813339512,720.0,27,7200.0,2.754199390191167,73.28366108914433,113.10289501500546,5.92407651467544,1.5433575961417085,4,23,7.449999999999999,3.563452514674186,84.0078380645106,0,0.0,46000.0,912190.8380313144,63345.226171585186,848845.6118597293,6313.404845273646,1.0,0.6375545851528385,229,0.98,0,F028,Igatpuri,1,rabi,0.63134023313953,0.32788949535298156,0.8032835784581384,icon,823280.9984435888
farmer_practice,soybean,sandy_loam,sprinkler,346452,0.57,1.05,2.6335316054553006,3.1,1.0,0.9947511942440563,0.854008850912717,640.0,20,6400.0,0.4114893133523907,126.0,89.18553014131909,85.1351503531071,0.7078216677882467,11,0,11.0,93.84593899113199,423.4124760129755,0,0.0,46000.0,121142.45385094383,43904.0,77238.45385094383,23868.940514479465,0.78,,0,,0,F029,Chandwad,1,kharif,0.33568615816358777,0.5089618191728925,0.49841990290280136,voice,60311.372571739914
agronomist,soybean,sandy_loam,sprinkler,346452,0.57,1.05,2.5425460612177715,3.1,1.0,0.9947511942440563,0.8245038091190277,541.3333333333334,15,5413.333333333334,0.46968215416584447,94.5,89.18553014131909,60.0767686579301,0.9437622237176624,9,0,9.0,93.18422983514417,351.656646100504,0,0.0,46000.0,116957.1188160175,39055.833333333336,77901.28548268415,17952.47642694372,0.8200000000000001,,0,,0,F029,Chandwad,1,kharif,0.33568615816358777,0.5089618191728925,0.49841990290280136,voice,65291.21460668045
agripilot,soybean,sandy_loam,sprinkler,346452,0.57,1.05,2.5592593767039027,3.1,1.0,0.9947511942440563,0.8299236488975539,420.0,15,4200.0,0.6093474706437864,64.91185298164731,89.18553014131909,32.193020706006344,1.3739483013454374,5,12,6.8,82.52227429422295,276.01091769206715,0,0.0,46000.0,117725.93132837952,40332.44373646777,77393.48759191175,11297.44419572915,1.0,0.7073170731707317,164,0.98,2,F029,Chandwad,1,kharif,0.33568615816358777,0.5089618191728925,0.49841990290280136,voice,71335.63095838549
farmer_practice,wheat,sandy_loam,sprinkler,55379,0.57,1.0,5.214527019553332,5.4,1.0,0.9947511942440561,0.9707484216723828,640.0,20,6400.0,0.8147698468052081,168.0,118.91404018842542,32.577525454897426,0.7078216677882465,11,0,11.0,0.27402582375277806,130.40696166018745,0,0.0,23000.0,119934.12144972663,45122.0,74812.12144972663,13566.420814295312,0.78,,0,,0,F029,Chandwad,1,rabi,0.33568615816358777,0.5089618191728925,0.49841990290280136,voice,64064.28989078867
agronomist,wheat,sandy_loam,sprinkler,55379,0.57,1.0,5.03160568901815,5.4,1.0,0.9947511942440561,0.9366953633141868,531.062,14,5310.62,0.9474610665078936,126.0,118.91404018842542,12.104955215083633,0.943762223717662,2,0,2.0,0.03261976641325305,57.83528915879304,0,0.0,23000.0,115726.93084741745,30030.108,85696.82284741744,3579.1855166127734,0.96,,0,,0,F029,Chandwad,1,rabi,0.33568615816358777,0.5089618191728925,0.49841990290280136,voice,79545.30742453613
agripilot,wheat,sandy_loam,sprinkler,55379,0.57,1.0,4.625228960798266,5.4,0.9163249167240003,0.979910586088752,0.9539014984112271,484.0,23,4840.0,0.9556258183467491,97.51521172160716,115.84356953560388,6.86837763729681,1.1879538329498962,6,1,6.15,0.3472915348743254,83.76842292106876,3,0.0,23000.0,106380.26609836011,36923.94113992661,69456.3249584335,5544.433598527294,0.89,0.6071428571428571,140,0.9199999999999999,0,F029,Chandwad,1,rabi,0.33568615816358777,0.5089618191728925,0.49841990290280136,voice,64651.971281655664
farmer_practice,tomato,sandy,flood,22955,1.17,1.05,32.86748153399457,55.0,0.977444632928681,0.7299544739982372,0.8375597470440712,1620.0,24,16200.0,2.0288568848144797,210.0,80.16063982713032,130.00437620133172,0.3817173325101444,10,0,10.0,48.397531820768634,918.0653054901453,3,0.19,8910.0,292849.26046789164,81750.0,211099.26046789164,30836.365502626628,0.8,,0,,0,F030,Yeola,1,kharif,0.17879068926442315,0.6062364279230814,0.5390451763982934,text,193480.63166169453
agronomist,tomato,sandy,flood,22955,1.17,1.05,32.529032242323446,55.0,1.0,0.776389242063276,0.7617789091057807,1402.2000000000007,33,14022.000000000007,2.319856813744361,157.5,92.16963156808863,81.99604911953203,0.5852040099561183,6,0,6.0,52.91482231489321,788.1481335688719,0,0.0,11000.0,357819.3546655579,72582.30000000002,285237.0546655579,19435.522242349805,0.88,,0,,0,F030,Yeola,1,kharif,0.17879068926442315,0.6062364279230814,0.5390451763982934,text,274722.64670790115
agripilot,tomato,sandy,flood,22955,1.17,1.05,43.25209903017876,55.0,0.9666085722430255,0.9392226121872975,0.8662142361224748,1085.7149818613275,22,10857.149818613274,3.9837434089772117,177.79534425374305,134.281710048439,45.692000167997975,0.7552599907048018,6,13,7.95,41.604000695740666,632.6195037939491,3,0.0,11000.0,475773.08933196636,74090.3743666437,401682.71496532264,14163.996036501301,1.0,0.6697247706422018,109,0.98,0,F030,Yeola,1,kharif,0.17879068926442315,0.6062364279230814,0.5390451763982934,text,397249.65802684095
farmer_practice,onion,sandy,flood,424786,1.17,1.0,19.725677230043164,34.0,0.823165290889952,0.8520450351209174,0.8271864379712495,1687.5,25,16875.0,1.168929021039595,154.0,81.93957562638091,75.42200037619938,0.5320751664050709,10,0,10.0,0.0,537.9695915891609,14,0.17,11205.0,221026.21336263366,82681.0,138345.21336263366,20575.96006771589,0.8,,0,,0,F030,Yeola,1,rabi,0.17879068926442315,0.6062364279230814,0.5390451763982934,text,126575.56610167843
agronomist,onion,sandy,flood,424786,1.17,1.0,22.36421846517461,34.0,0.9992333704618866,0.8096320147648135,0.8130555276780681,2100.0,60,21000.0,1.064962784055934,115.5,73.8957269381543,56.97383737500843,0.6397898436203835,9,0,9.0,0.0,718.1176833325359,0,0.14,11610.0,259648.5763806772,106159.5,153489.0763806772,16555.290727501517,0.8200000000000001,,0,,0,F030,Yeola,1,rabi,0.17879068926442315,0.6062364279230814,0.5390451763982934,text,144925.71705011133
agripilot,onion,sandy,flood,424786,1.17,1.0,19.506900266589938,34.0,0.7681737229951554,0.8965652437747469,0.8330441144171684,1120.2490054085417,24,11202.490054085418,1.7413003870042267,91.43628289960968,90.38306347452097,18.12137116082033,0.988481384066705,4,14,6.1,0.0,229.39048265310993,24,0.0,13500.0,263343.15359896416,70520.1183879791,192823.03521098505,7531.846808947659,1.0,0.5377358490566038,106,0.8668136208070332,0,F030,Yeola,1,rabi,0.17879068926442315,0.6062364279230814,0.5390451763982934,text,191506.36444949082
farmer_practice,cotton,clay_loam,sprinkler,258147,1.13,1.05,1.4196887058949044,2.4,1.0,0.9946994645041334,0.5946891316408117,896.0,28,8960.0,0.15844740021148487,154.0,108.99472602664602,65.8426081827604,0.7077579612119872,15,0,15.0,266.08735076788724,537.3578092301702,0,0.0,68000.0,96538.8320008535,59940.0,36598.832000853494,24746.455629807857,0.7,,0,,0,F031,Niphad,1,kharif,0.3898306209892103,0.6920647519358716,0.1927948269503234,voice,14404.121164835207
agronomist,cotton,clay_loam,sprinkler,258147,1.13,1.05,1.2988304451777324,2.4,1.0,0.9946994645041334,0.5440631783462067,636.4,16,6364.0,0.2040902647985123,115.5,108.99472602664602,34.35723196661319,0.9436772816159829,12,0,12.0,253.49780413000573,386.0053968159637,0,0.0,68000.0,88320.4702720858,47087.1,41233.370272085805,16865.781991160424,0.76,,0,,0,F031,Niphad,1,kharif,0.3898306209892103,0.6920647519358716,0.1927948269503234,voice,26317.752395305124
agripilot,cotton,clay_loam,sprinkler,258147,1.13,1.05,1.4121104651455343,2.4,1.0,0.9748719722855648,0.6035452625618769,672.0,24,6720.0,0.21013548588475214,63.216238109728536,105.23433957140023,14.309972381928137,1.6646726018200915,6,17,8.55,257.1841294690264,395.8459180129587,0,0.0,68000.0,96023.51162989633,57461.27090518213,38562.2407247142,10875.452193968304,1.0,0.6036036036036037,222,0.98,0,F031,Niphad,1,kharif,0.3898306209892103,0.6920647519358716,0.1927948269503234,voice,26061.15472899633
farmer_practice,wheat,clay_loam,sprinkler,891638,1.13,1.0,5.239285402212037,5.4,1.0,0.9947511942440561,0.9753574995041739,640.0,20,6400.0,0.8186383440956306,168.0,118.91404018842542,14.10450469780883,0.7078216677882465,11,0,11.0,0.8363024337098983,105.86490482379295,0,0.0,23000.0,120503.56425087685,45122.0,75381.56425087685,10246.337567508977,0.78,,0,,0,F031,Niphad,1,rabi,0.3898306209892103,0.6920647519358716,0.1927948269503234,voice,62179.983572398865
agronomist,wheat,clay_loam,sprinkler,891638,1.13,1.0,4.955403363506115,5.4,0.9999589769705164,0.9947502759651872,0.9225480592949907,544.988,14,5449.880000000001,0.909268344166498,126.0,118.91385019969393,6.252050352965393,0.9437607158705867,0,0,0.0,0.6946361431873526,60.355489600980405,0,0.0,23000.0,113974.27736064066,27803.592,86170.68536064065,1131.620788822457,1.0,,0,,0,F031,Niphad,1,rabi,0.3898306209892103,0.6920647519358716,0.1927948269503234,voice,75840.81257866543
agripilot,wheat,clay_loam,sprinkler,891638,1.13,1.0,4.917954760154584,5.4,1.0,0.9528243251612354,0.9558240054770608,576.0,27,5760.0,0.8538115903046152,72.57439028018229,110.23951555060044,3.1938049246328464,1.5189864513502263,5,1,5.15,0.8363024337098983,67.7403509841065,0,0.0,23000.0,113112.95948355543,38178.65731812529,74934.30216543014,4187.411608337302,0.91,0.5460992907801419,141,0.9113943442159822,0,F031,Niphad,1,rabi,0.3898306209892103,0.6920647519358716,0.1927948269503234,voice,64296.13551887862
farmer_practice,tomato,sandy,drip,877866,2.1,1.05,38.9312499636551,55.0,0.974815546121485,0.8098514830621354,0.896618777540996,504.0,21,5040.0,7.724454357868075,210.0,100.82365941262123,113.86199724048235,0.48011266386962487,16,0,16.0,43.190539558800566,522.7495344540134,2,0.256,8184.0,318613.3497025533,46296.0,272317.3497025533,32083.87435931603,0.6799999999999999,,0,,0,F032,Chandwad,1,kharif,0.6615329939678067,0.34652207299073745,0.3461865823460429,icon,241824.759318272
agronomist,tomato,sandy,drip,877866,2.1,1.05,30.446625785465173,55.0,0.9981384610589504,0.7767540437538536,0.7140065019076574,750.8000000000001,33,7508.000000000001,4.055224531894669,157.5,92.26397683289319,72.43379210892066,0.585803027510433,3,0,3.0,48.99754690732966,734.6690887641623,0,0.0,11000.0,334912.8836401169,38794.7,296118.1836401169,15579.060501771684,0.94,,0,,0,F032,Chandwad,1,kharif,0.6615329939678067,0.34652207299073745,0.3461865823460429,icon,256133.59155762361
agripilot,tomato,sandy,drip,877866,2.1,1.05,42.133298760678855,55.0,0.9845863887122173,0.8919239788822784,0.872330597538475,329.6199225163766,27,3296.199225163766,12.78238840632745,151.78682427939265,122.04930488334786,32.96610359510471,0.8040836578719955,6,13,7.95,37.06432604657049,379.07302184071693,1,0.0,11000.0,463466.28636746743,41818.89526965919,421647.39109780826,11832.477581537982,1.0,0.5875706214689266,177,0.98,1,F032,Chandwad,1,kharif,0.6615329939678067,0.34652207299073745,0.3461865823460429,icon,409164.03441654897
farmer_practice,onion,sandy,drip,523965,2.1,1.0,16.10829331754222,34.0,0.6018684590414602,0.9381240951162144,0.8390903697316613,528.0,22,5280.0,3.0508131283223903,154.0,98.2649145910062,23.321798195379465,0.6380838609805598,17,0,17.0,0.07922022292915668,71.74525885046336,50,0.22400000000000003,10476.0,168750.4807945723,46868.0,121882.4807945723,16098.636657174666,0.6599999999999999,,0,,0,F032,Chandwad,1,rabi,0.6615329939678067,0.34652207299073745,0.3461865823460429,icon,97238.09916669365
agronomist,onion,sandy,drip,523965,2.1,1.0,26.50801426063862,34.0,0.9915553902604269,0.9938147719793817,0.7911810031318185,671.8000000000001,63,6718.000000000001,3.9458193302528457,115.5,108.82693951333101,17.9258649099111,0.9422245845310044,9,0,9.0,0.0,103.36826017324286,0,0.14,11610.0,307758.04556601436,43890.7,263867.34556601435,9526.655683783998,0.8200000000000001,,0,,0,F032,Chandwad,1,rabi,0.6615329939678067,0.34652207299073745,0.3461865823460429,icon,232749.49528620532
agripilot,onion,sandy,drip,523965,2.1,1.0,20.07926101410512,34.0,0.7471390873600456,0.9570347629280256,0.8259231465757839,527.4986288738742,61,5274.986288738742,3.8065048731920226,80.48038578180196,101.85142055531523,2.9017871032427482,1.2655433937836025,6,12,7.8,0.0,19.021631148049227,23,0.0,13500.0,271070.02369041916,47378.88456938398,223691.13912103517,5982.321678583695,1.0,0.5469613259668509,181,0.7738603506049457,0,F032,Chandwad,1,rabi,0.6615329939678067,0.34652207299073745,0.3461865823460429,icon,203720.9480527546
farmer_practice,soybean,black_cotton,drip,559861,0.77,1.05,2.631555409989632,3.1,1.0,0.9947511942440563,0.8533680048278177,432.0,18,4320.0,0.6091563449050075,126.0,89.18553014131909,6.39297534995199,0.7078216677882467,13,0,13.0,151.11814546535228,87.82076689703165,0,0.0,46000.0,121051.54885952307,37272.0,83779.54885952307,11610.798872179528,0.74,,0,,0,F033,Yeola,1,kharif,0.37750982609565653,0.23677450173007586,0.661296020453432,voice,77879.14476159374
agronomist,soybean,black_cotton,drip,559861,0.77,1.05,2.4489241128227124,3.1,0.9990759589245828,0.9947049429493915,0.794915287035915,382.22222222222223,13,3822.222222222222,0.6407068899826863,94.5,89.17835321628489,2.737173288502493,0.9436862774210041,9,0,9.0,150.490068556823,53.53145588293369,0,0.0,46000.0,112650.50918984477,31936.055555555555,80714.45363428921,8147.101808941856,0.8200000000000001,,0,,0,F033,Yeola,1,kharif,0.37750982609565653,0.23677450173007586,0.661296020453432,voice,76650.12507460428
agripilot,soybean,black_cotton,drip,559861,0.77,1.05,2.471311115941241,3.1,0.9956072497406893,0.9945795590589621,0.8050783525458673,315.84399582480285,22,3158.4399582480282,0.7824467612523702,37.459710806056435,89.15889709535621,1.0285793562074839,2.380127747300738,5,12,6.8,134.19478883507355,33.777368139452015,0,0.0,46000.0,113680.3113332971,34975.02747141893,78705.28386187817,6152.89738363301,1.0,0.6610169491525424,177,0.98,1,F033,Yeola,1,kharif,0.37750982609565653,0.23677450173007586,0.661296020453432,voice,78707.9062760912
farmer_practice,wheat,black_cotton,drip,593564,0.77,1.0,5.237771598121417,5.4,1.0,0.9947511942440561,0.9750756862301838,432.0,18,4320.0,1.2124471291947725,168.0,118.91404018842542,6.014809310433139,0.7078216677882465,13,0,13.0,11.459442714791354,80.37803000985448,0,0.0,23000.0,120468.74675679259,38490.0,81978.74675679259,10285.800660311086,0.74,,0,,0,F033,Yeola,1,rabi,0.37750982609565653,0.23677450173007586,0.661296020453432,voice,77440.19992416931
agronomist,wheat,black_cotton,drip,593564,0.77,1.0,4.923727189061265,5.4,0.9966391276297277,0.9945029534250431,0.9199330278585578,414.44444444444446,14,4144.444444444444,1.1880306890496348,126.0,118.86268001897446,3.27941608776928,0.9433546033251942,0,0,0.0,10.862827495742058,61.905296852365915,0,0.0,23000.0,113245.72534840909,21825.11111111111,91420.61423729798,688.0603432601489,1.0,,0,,0,F033,Yeola,1,rabi,0.37750982609565653,0.23677450173007586,0.661296020453432,voice,88417.04658951184
agripilot,wheat,black_cotton,drip,593564,0.77,1.0,4.295286228456677,5.4,0.8438184871072345,0.9802956042662603,0.9615951372723437,305.3333333333333,21,3053.333333333333,1.4067531315906145,70.51048716059398,115.92322846888145,1.6317299543182067,1.6440565529614888,7,1,7.15,9.3253677163206,58.930039604097196,22,0.0,23000.0,98791.58325450357,28886.137460990558,69905.445793513,5382.639701224162,0.87,0.6209150326797386,153,0.8239999999999998,0,F033,Yeola,1,rabi,0.37750982609565653,0.23677450173007586,0.661296020453432,voice,68619.18022638294
farmer_practice,soybean,loam,drip,49485,0.7,1.05,2.7088035682533063,3.1,1.0,0.9947511942440563,0.8784182494260703,576.0,24,5760.0,0.470278397266199,126.0,89.18553014131909,85.17542404082992,0.7078216677882467,16,0,16.0,168.38068863449658,583.83833029022,0,0.0,46000.0,124604.96413965209,46398.0,78206.96413965209,28047.002525059856,0.6799999999999999,,0,,0,F034,Yeola,1,kharif,0.4677500534036552,0.45608830189896865,0.5390006797722232,voice,53081.74973142483
agronomist,soybean,loam,drip,49485,0.7,1.05,2.4740710347316797,3.1,0.9914621010687857,0.9944226229517812,0.8094748449447653,350.83333333333337,12,3508.333333333334,0.7051983946978657,94.5,89.13454494079363,45.78205813299496,0.943222697786176,8,0,8.0,155.87036444179404,398.4544281938022,0,0.0,46000.0,113807.26759765726,29488.833333333336,84318.43426432394,15243.60374391524,0.84,,0,,0,F034,Yeola,1,kharif,0.4677500534036552,0.45608830189896865,0.5390006797722232,voice,70434.3553626482
agripilot,soybean,loam,drip,49485,0.7,1.05,2.622000599815302,3.1,1.0,0.9947511942440563,0.8502695447824681,390.66666666666674,25,3906.6666666666674,0.671160563092654,63.346203790426124,89.18553014131909,28.664786577452492,1.4079064696028116,6,11,7.65,165.45414969225803,424.62326866691467,0,0.0,46000.0,120612.0275915039,38749.70657658903,81862.32101491487,12003.74893117177,0.99,0.7168674698795181,166,0.98,1,F034,Yeola,1,kharif,0.4677500534036552,0.45608830189896865,0.5390006797722232,voice,70871.93160387149
farmer_practice,grape,loam,drip,83188,0.7,1.0,21.291768462739565,24.0,1.0,0.9946928631048064,0.8918904037490207,816.0,34,8160.0,2.609285350825927,175.0,123.85622049672551,44.86545208604247,0.70774983140986,24,0,24.0,4.502367203003208,228.31518436790384,0,0.48,23920.0,509299.1016287304,67079.0,442220.1016287304,24916.30268031467,0.52,,0,,0,F034,Yeola,1,rabi,0.4677500534036552,0.45608830189896865,0.5390006797722232,voice,415967.0443491923
agronomist,grape,loam,drip,83188,0.7,1.0,17.7751551984003,24.0,0.9695934937242073,0.9930821447805034,0.769178778305918,626.25,21,6262.5,2.8383481354731015,131.25,123.50908292683263,14.433245540515456,0.9410215842044392,2,0,2.0,3.307580287989265,90.71838532706467,0,0.0,46000.0,817657.1391264137,32088.75,785568.3891264137,4027.7524198846854,0.96,,0,,0,F034,Yeola,1,rabi,0.4677500534036552,0.45608830189896865,0.5390006797722232,voice,769853.548249299
agripilot,grape,loam,drip,83188,0.7,1.0,18.84906093362687,24.0,0.890487793694075,0.9763984798528895,0.9032821150512569,553.0000000000001,36,5530.000000000001,3.408510114579903,80.6521237419475,119.91346548553655,6.458373486624807,1.486798610154503,5,22,8.3,2.7370396460392654,91.42686012303996,7,0.0,46000.0,867056.802946836,57130.91158851648,809925.8913583196,6997.14058440682,1.0,0.7385892116182573,241,0.98,0,F034,Yeola,1,rabi,0.4677500534036552,0.45608830189896865,0.5390006797722232,voice,801004.7959971393
farmer_practice,tomato,loam,flood,861956,2.3,1.05,41.81443234009329,55.0,1.0,0.8589504961986709,0.8851061959310744,1620.0,24,16200.0,2.581137798771191,210.0,113.52168005138043,91.02286771178515,0.5405794288160973,16,0,16.0,171.84139765288887,891.4984416661944,0,0.256,8184.0,342209.3142713235,89850.0,252359.3142713235,29130.688766997326,0.6799999999999999,,0,,0,F035,Yeola,1,kharif,0.5922672324247686,0.7566765025071305,0.6870469555950143,text,160887.87919854486
agronomist,tomato,loam,flood,861956,2.3,1.05,36.49888742020178,55.0,1.0,0.8757022113055175,0.7578102765361584,1068.818181818182,17,10688.18181818182,3.414882721971758,157.5,117.85402016522005,45.55869614010572,0.7482794931125083,6,0,6.0,161.93853627079858,598.2513030482849,0,0.0,11000.0,401487.7616222196,57087.31818181819,344400.4434404014,13858.012131656214,0.88,,0,,0,F035,Yeola,1,kharif,0.5922672324247686,0.7566765025071305,0.6870469555950143,text,287745.98198411555
agripilot,tomato,loam,flood,861956,2.3,1.05,41.718422794835746,55.0,0.9986346978430102,0.9131177734554082,0.8318245691934223,1120.0,22,11200.0,3.7248591781103344,121.96404834407147,127.53045865226076,20.526364311079554,1.0456397633873709,3,15,5.25,164.62107930525386,622.3081271794225,0,0.0,11000.0,458902.6507431932,71506.95740197807,387395.69334121514,8851.335289741604,1.0,0.5,124,0.936806554180858,1,F035,Yeola,1,kharif,0.5922672324247686,0.7566765025071305,0.6870469555950143,text,333469.7470155417
farmer_practice,wheat,loam,flood,171747,2.3,1.0,5.283961976621078,5.4,1.0,0.9947511942440561,0.9836745940231357,1620.0,24,16200.0,0.3261704923840172,168.0,118.91404018842542,60.51664729825638,0.7078216677882465,16,0,16.0,7.154042588743506,499.5024123097406,0,0.0,23000.0,121531.12546228479,88632.0,32899.12546228479,22157.38289698484,0.6799999999999999,,0,,0,F035,Yeola,1,rabi,0.5922672324247686,0.7566765025071305,0.6870469555950143,text,-53587.33905580663
agronomist,wheat,loam,flood,171747,2.3,1.0,5.0740745922418276,5.4,1.0,0.9947511942440561,0.9446014726544877,844.95,12,8449.5,0.6005177338590245,126.0,118.91404018842542,15.165143998072551,0.943762223717662,1,0,1.0,6.014268602199714,104.44141477715641,0,0.0,23000.0,116703.71562156203,40512.3,76191.41562156203,3483.854337072857,0.98,,0,,0,F035,Yeola,1,rabi,0.5922672324247686,0.7566765025071305,0.6870469555950143,text,36381.85669712329
agripilot,wheat,loam,flood,171747,2.3,1.0,5.1043242027809095,5.4,1.0,0.9658702645109796,0.978646157220487,1050.0,20,10500.0,0.48612611455056276,92.51926594451608,112.93867541606477,11.591864647872098,1.22070440424586,10,0,10.0,6.569989486470407,200.43811133943328,0,0.0,23000.0,117399.45666396091,63583.058712390965,53816.39795156995,9145.665541995211,0.8,0.4666666666666667,90,0.906806554180858,0,F035,Yeola,1,rabi,0.5922672324247686,0.7566765025071305,0.6870469555950143,text,2260.462533650192
farmer_practice,soybean,clay_loam,sprinkler,435776,1.31,1.05,2.6491172433443113,3.1,1.0,0.9947511942440563,0.8590630043076349,640.0,20,6400.0,0.4139245692725486,126.0,89.18553014131909,60.631190214366846,0.7078216677882467,12,0,12.0,266.8312218812358,437.3252688832666,0,0.0,46000.0,121859.39319383832,45254.0,76605.39319383832,21715.095235517154,0.76,,0,,0,F036,Yeola,1,kharif,0.5886390236615522,0.3096061703621545,0.37982092354631025,text,49136.81247073205
agronomist,soybean,clay_loam,sprinkler,435776,1.31,1.05,2.5072931103471814,3.1,1.0,0.9947511942440563,0.8130718855370549,455.57575757575756,12,4555.757575757576,0.5503570083906943,94.5,89.18553014131909,32.24025134473099,0.9437622237176624,9,0,9.0,249.02580661080736,316.8125023355132,0,0.0,46000.0,115335.48307597035,35720.07575757576,79615.40731839459,14344.477501548845,0.8200000000000001,,0,,0,F036,Yeola,1,kharif,0.5886390236615522,0.3096061703621545,0.37982092354631025,text,61678.01488424085
agripilot,soybean,clay_loam,sprinkler,435776,1.31,1.05,2.6291314476282537,3.1,1.0,0.9947511942440563,0.852581955666073,430.0,16,4300.0,0.6114259180530822,47.10533823957019,89.18553014131909,17.476111571291753,1.8933210857702751,7,11,8.65,252.0133490060927,305.9070752959651,0,0.0,46000.0,120940.04659089967,42756.054808947534,78183.99178195214,11468.82022388735,0.97,0.7581699346405228,153,0.98,0,F036,Yeola,1,kharif,0.5886390236615522,0.3096061703621545,0.37982092354631025,text,65041.48318915612
farmer_practice,grape,clay_loam,sprinkler,714009,1.31,1.0,21.01734286263209,24.0,1.0,0.9946928631048064,0.8803949960421763,960.0,30,9600.0,2.189306548190843,175.0,123.85622049672551,30.416000328380314,0.70774983140986,17,0,17.0,13.537748264933924,208.4468176023491,0,0.48,23920.0,502734.8412741596,65705.0,437029.8412741596,17496.719793492863,0.6599999999999999,,0,,0,F036,Yeola,1,rabi,0.5886390236615522,0.3096061703621545,0.37982092354631025,text,402279.5533773842
agronomist,grape,clay_loam,sprinkler,714009,1.31,1.0,18.12072810645542,24.0,0.9944728191395463,0.9943889512762107,0.7635108175694997,783.0466666666666,20,7830.466666666666,2.314131312708747,131.25,123.79072225780406,9.517548222895622,0.9431674076785072,2,0,2.0,12.250756856750037,93.12701914181855,0,0.0,46000.0,833553.4928969493,39589.83666666667,793963.6562302826,3223.4154918319623,0.96,,0,,0,F036,Yeola,1,rabi,0.5886390236615522,0.3096061703621545,0.37982092354631025,text,766492.1557540427
agripilot,grape,clay_loam,sprinkler,714009,1.31,1.0,20.964193101812764,24.0,0.9974913484541595,0.9659740750600208,0.9065511248489813,738.0,37,7380.0,2.8406765720613505,65.75971031908446,117.66682652155622,4.308044998823576,1.7893452685634401,5,22,8.3,9.441313900990613,89.91454575549923,0,0.0,46000.0,964352.8826833871,65469.031599253445,898883.8510841337,6670.41992489716,1.0,0.7354260089686099,223,0.98,0,F036,Yeola,1,rabi,0.5886390236615522,0.3096061703621545,0.37982092354631025,text,880022.7690757127
farmer_practice,tomato,loam,drip,118966,1.74,1.05,45.19403600461646,55.0,1.0,0.9505816165899719,0.864428399621493,432.0,18,4320.0,10.461582408476032,210.0,137.2193836008548,103.42667102134237,0.6534256361945466,13,0,13.0,224.8138624095752,476.244103362721,0,0.256,8184.0,369867.9906617811,39708.0,330159.9906617811,29740.125545527804,0.74,,0,,0,F037,Yeola,1,kharif,0.46927106118341183,0.46858466554449973,0.3555510995238104,voice,311562.88074899086
agronomist,tomato,loam,drip,118966,1.74,1.05,37.55570083725173,55.0,0.9983209004154349,0.8793904030921007,0.7777881034688339,467.33333333333337,17,4673.333333333334,8.036169936644448,157.5,118.80786286864675,52.347009871889114,0.7543356372612492,8,0,8.0,230.5978008365065,500.621727385062,0,0.0,11000.0,413112.709209769,35426.833333333336,377685.87587643566,17097.8419844686,0.84,,0,,0,F037,Yeola,1,kharif,0.46927106118341183,0.46858466554449973,0.3555510995238104,voice,362584.34264748223
agripilot,tomato,loam,drip,118966,1.74,1.05,42.89317609364267,55.0,1.0,0.8970141157387953,0.8694132180216617,327.258348827332,29,3272.5834882733197,13.106824087862757,119.5273433678801,123.3657195876195,18.862295289215936,1.0321129551748311,7,12,8.8,221.05844582247903,374.12061765108734,0,0.0,11000.0,471824.9370300694,41313.07681779781,430511.8602122716,11544.739164461182,0.98,0.657608695652174,184,0.98,1,F037,Yeola,1,kharif,0.46927106118341183,0.46858466554449973,0.3555510995238104,voice,424077.3538590296
farmer_practice,grape,loam,drip,152669,1.74,1.0,20.105066117682817,24.0,0.9802721305694946,0.9943295362900839,0.8594433747472728,624.0,26,6240.0,3.221965723987631,175.0,123.77791730389741,38.45873692965937,0.7073023845936995,19,0,19.0,11.058953215008628,214.40653223996253,0,0.48,23920.0,480913.181534973,53561.0,427352.181534973,20322.103226273768,0.62,,0,,0,F037,Yeola,1,rabi,0.46927106118341183,0.46858466554449973,0.3555510995238104,voice,409818.51621988433
agronomist,grape,loam,drip,152669,1.74,1.0,17.842870562772926,24.0,0.9987287325292159,0.9946757483259343,0.7483838546847961,596.25,20,5962.5,2.992514979081413,131.25,123.85253196679622,21.706151215697144,0.9436383387946379,4,0,4.0,10.048704288146128,174.17482162132058,0,0.0,46000.0,820772.0458875546,33738.75,787033.2958875546,6797.545557418801,0.92,,0,,0,F037,Yeola,1,rabi,0.46927106118341183,0.46858466554449973,0.3555510995238104,voice,771816.1093863074
agripilot,grape,loam,drip,152669,1.74,1.0,20.232503436088646,24.0,1.0,0.9588063114123833,0.8792401202093355,614.3333333333333,57,6143.333333333332,3.2934080471115545,82.28553116317934,116.12204987335849,9.999785153138479,1.4112086077815844,4,21,7.15,10.160143852827238,163.06793273670905,0,0.0,46000.0,930695.1580600777,56563.613737065534,874131.5443230121,6896.402622240372,1.0,0.6339622641509434,265,0.98,0,F037,Yeola,1,rabi,0.46927106118341183,0.46858466554449973,0.3555510995238104,voice,863714.9400047744
farmer_practice,soybean,sandy,flood,755146,0.34,1.05,2.500081396202026,3.1,1.0,0.945107341287972,0.8533188078335507,2362.5,35,23625.0,0.10582355116199052,126.0,81.48217364813358,100.98371337779206,0.64668391784233,12,0,12.0,70.01565755387642,1187.7674504478484,0,0.0,46000.0,115003.7442252932,110119.0,4884.744225293194,27207.20932598746,0.76,,0,,0,F038,Niphad,1,kharif,0.22906187609989473,0.8024184972891436,0.34032055182619547,text,-24666.82345917369
agronomist,soybean,sandy,flood,755146,0.34,1.05,2.539326300274108,3.1,1.0,0.9892267145421763,0.8280584260166882,1204.4628099173556,20,12044.628099173555,0.21082645967693636,94.5,88.32828329102735,62.8233533861827,0.9346908284764799,9,0,9.0,61.87204297143028,565.9591747531048,0,0.0,46000.0,116809.00981260897,64702.23553719009,52106.77427541888,18165.05199625576,0.8200000000000001,,0,,0,F038,Niphad,1,kharif,0.22906187609989473,0.8024184972891436,0.34032055182619547,text,35915.49240706016
agripilot,soybean,sandy,flood,755146,0.34,1.05,2.6019232620706148,3.1,0.9928350724569555,0.9939285303905705,0.850551319221538,1032.5,22,10325.0,0.2520022529850474,66.50000000000001,89.05787540543335,43.12500838123551,1.3392161715102757,7,10,8.5,60.263496072491584,487.9930176889107,1,0.0,46000.0,119688.47005524828,66983.5,52704.97005524828,14254.872973274816,0.96,0.6868686868686869,99,0.98,2,F038,Niphad,1,kharif,0.22906187609989473,0.8024184972891436,0.34032055182619547,text,40427.90675419955
farmer_practice,onion,sandy,flood,646685,0.34,1.0,21.487612019725642,34.0,0.9564785774433233,0.7702695481910863,0.8578103075638107,2565.0,38,25650.0,0.8377236654863798,154.0,66.43043155348188,91.0801640699628,0.43136643865897323,12,0,12.0,0.09725030461876803,917.5805763578675,1,0.22400000000000003,10476.0,225104.22351864583,118596.0,106508.22351864583,24795.304785334873,0.76,,0,,0,F038,Niphad,1,rabi,0.22906187609989473,0.8024184972891436,0.34032055182619547,text,76422.0387012021
agronomist,onion,sandy,flood,646685,0.34,1.0,22.670584641538802,34.0,0.99888277158845,0.8139710190263818,0.820087775252902,2065.0,59,20650.0,1.0978491351834772,115.5,74.71864153948621,52.50968163520321,0.646914645363517,10,0,10.0,0.09725030461876803,636.7406191437407,0,0.17,11205.0,254023.90090844227,106059.5,147964.40090844227,16452.617947078146,0.8,,0,,0,F038,Niphad,1,rabi,0.22906187609989473,0.8024184972891436,0.34032055182619547,text,126225.33608824536
agripilot,onion,sandy,flood,646685,0.34,1.0,22.961962969282144,34.0,0.8328642735010747,0.9415184402013106,0.8612456310386112,1301.3677348556434,28,13013.677348556434,1.764448460974733,100.13570588905995,98.90866969335204,17.52538426555925,0.9877462670801228,7,12,8.8,0.09725030461876803,257.3771534362194,11,0.0,13500.0,309986.500085309,80880.43845587462,229106.06162943435,9315.444420542235,0.98,0.7701149425287356,87,0.98,0,F038,Niphad,1,rabi,0.22906187609989473,0.8024184972891436,0.34032055182619547,text,217117.07475567158
farmer_practice,cotton,clay_loam,sprinkler,389774,1.85,1.05,1.4045347421093402,2.4,1.0,0.9946994645041334,0.5883413333332435,1024.0,32,10240.0,0.13716159590911525,154.0,108.99472602664602,53.50065790304171,0.7077579612119872,20,0,20.0,227.70219867942646,558.1757205517971,0,0.0,68000.0,95508.36246343513,71602.0,23906.36246343513,25679.438210662345,0.6,,0,,0,F039,Igatpuri,1,kharif,0.36914754002950706,0.5539949332517224,0.35070709278105666,text,2871.217440559016
agronomist,cotton,clay_loam,sprinkler,389774,1.85,1.05,1.19363935740496,2.4,1.0,0.9946994645041334,0.5,636.4,16,6364.0,0.18756118123899435,115.5,108.99472602664602,26.751677489443974,0.9436772816159829,12,0,12.0,192.37224896141956,320.13819031188496,0,0.0,68000.0,81167.47630353727,47087.1,34080.376303537276,14946.65218875269,0.76,,0,,0,F039,Igatpuri,1,kharif,0.36914754002950706,0.5539949332517224,0.35070709278105666,text,21980.494421958083
agripilot,cotton,clay_loam,sprinkler,389774,1.85,1.05,1.4450909038976412,2.4,1.0,0.9861800086444259,0.6105591318820269,700.0,25,7000.0,0.20644155769966302,63.49627636799235,107.37896715670149,13.207050943802253,1.6911065230721125,7,18,9.7,210.4342537635129,360.0473780333242,0,0.0,68000.0,98266.1814650396,62251.39201467178,36014.78945036782,11061.177453756021,1.0,0.6635514018691588,214,0.98,1,F039,Igatpuri,1,kharif,0.36914754002950706,0.5539949332517224,0.35070709278105666,text,27215.15832755884
farmer_practice,onion,clay_loam,sprinkler,356071,1.85,1.0,27.60019525033056,34.0,0.9473882542506573,0.9936458486632314,0.8623302454640291,800.0,25,8000.0,3.45002440629132,154.0,108.7949023326818,14.953801222605748,0.706460404757674,15,0,15.0,1.178141540456584,124.50175931396097,0,0.22400000000000003,10476.0,289139.64544246293,56256.0,232883.64544246293,13202.287493933143,0.7,,0,,0,F039,Igatpuri,1,rabi,0.36914754002950706,0.5539949332517224,0.35070709278105666,text,219587.4200838041
agronomist,onion,clay_loam,sprinkler,356071,1.85,1.0,27.04755178222118,34.0,1.0,0.9947391969891421,0.799723416244893,738.5400000000002,34,7385.4000000000015,3.662300184447853,115.5,109.00226149794076,4.95744304110823,0.943742523791695,9,0,9.0,1.2309352219591574,62.815699676210876,0,0.14,11610.0,314022.0761915879,49029.86000000001,264992.2161915879,7203.418164397113,0.8200000000000001,,0,,0,F039,Igatpuri,1,rabi,0.36914754002950706,0.5539949332517224,0.35070709278105666,text,254368.18517171827
agripilot,onion,clay_loam,sprinkler,356071,1.85,1.0,20.95300800412384,34.0,0.755357992900021,0.9529671615705413,0.8561240499283779,599.0364821926768,49,5990.364821926768,3.4977849641859406,53.06139570518509,101.07997891855095,1.2667105567263157,1.904962686623668,8,11,9.65,1.2744116219686672,26.534251073436348,10,0.0,13500.0,282865.60805567185,54766.020870001375,228099.58718567048,6994.477604808455,0.95,0.6805555555555556,144,0.9497496833600497,0,F039,Igatpuri,1,rabi,0.36914754002950706,0.5539949332517224,0.35070709278105666,text,221976.27644064644
farmer_practice,tomato,loam,flood,406466,0.3,1.05,41.08652483277236,55.0,1.0,0.856655215690223,0.8720284550305699,1957.5,29,19575.0,2.098928471661423,210.0,112.92807302333352,108.97257268539215,0.5377527286825406,15,0,15.0,187.0605894928909,1092.974126474433,0,0.256,8184.0,336252.119231409,101275.0,234977.119231409,31798.608388806606,0.7,,0,,0,F040,Chandwad,1,kharif,0.4701967436293247,0.49409242154239696,0.6809881675306497,voice,168295.17910922345
agronomist,tomato,loam,flood,406466,0.3,1.05,32.98196805173325,55.0,1.0,0.872407218963995,0.6873764147748289,1060.3636363636365,17,10603.636363636364,3.1104393738774494,157.5,117.001866973447,47.221632298980325,0.7428689966568063,4,0,4.0,177.28626988055566,626.1347291065365,0,0.0,11000.0,362801.6485690657,54099.86363636364,308701.7849327021,12895.47024274146,0.92,,0,,0,F040,Chandwad,1,kharif,0.4701967436293247,0.49409242154239696,0.6809881675306497,voice,275563.2118477221
agripilot,tomato,loam,flood,406466,0.3,1.05,44.89802014902825,55.0,1.0,0.9596290171033282,0.8506700240655006,1225.0,24,12250.0,3.66514450196149,137.70062394060508,139.55922856120557,22.280446019642085,1.01349743063911,6,13,7.95,173.05425007584938,704.1054658914745,0,0.0,11000.0,493878.2216393107,77283.31809427755,416594.9035450332,11132.96853421822,1.0,0.6296296296296297,108,0.98,0,F040,Chandwad,1,kharif,0.4701967436293247,0.49409242154239696,0.6809881675306497,voice,384420.59961834503
farmer_practice,onion,loam,flood,440169,0.3,1.0,28.251509222284064,34.0,1.0,0.9585645953476591,0.866844807188521,2025.0,30,20250.0,1.395136257890571,154.0,102.14156118662501,70.17829623271899,0.6632568908222404,15,0,15.0,15.119918819778704,731.5154255062371,0,0.22400000000000003,10476.0,295962.81061264785,102206.0,193756.81061264785,23268.17259126743,0.7,,0,,0,F040,Chandwad,1,rabi,0.4701967436293247,0.49409242154239696,0.6809881675306497,voice,131208.90316029542
agronomist,onion,loam,flood,440169,0.3,1.0,27.491323491993498,34.0,1.0,0.9947391969891421,0.8128445530719692,1160.0000000000005,32,11600.000000000004,2.3699416803442666,115.5,109.00226149794076,22.268808016023,0.943742523791695,9,0,9.0,17.21060244787377,237.94338043848848,0,0.14,11610.0,319174.2657420445,66919.50000000001,252254.7657420445,10463.280864915005,0.8200000000000001,,0,,0,F040,Chandwad,1,rabi,0.4701967436293247,0.49409242154239696,0.6809881675306497,voice,220419.37735537198
agripilot,onion,loam,flood,440169,0.3,1.0,25.485989090115094,34.0,0.9337676027268912,0.9739025072929306,0.8242677155697249,1179.0422607599342,26,11790.422607599341,2.161584019362332,84.47186072531558,105.05047552107307,14.495848630373022,1.243615028946441,3,14,5.1,9.356043767118642,296.07110125011775,1,0.0,13500.0,344060.8527165538,71367.12082687192,272693.7318896819,6263.457147371211,1.0,0.61,100,0.98,0,F040,Chandwad,1,rabi,0.4701967436293247,0.49409242154239696,0.6809881675306497,voice,244284.37659484218
farmer_practice,soybean,sandy_loam,sprinkler,5681,0.48,1.05,2.6741924622260274,3.1,1.0,0.9947511942440563,0.8671944650500083,576.0,18,5760.0,0.4642695246920186,126.0,89.18553014131909,81.89982078727061,0.7078216677882467,16,0,16.0,73.83855400379039,363.07179727141533,0,0.0,46000.0,123012.85326239726,48198.0,74814.85326239726,26606.514727742822,0.6799999999999999,,0,,0,F041,Yeola,1,kharif,0.3680934983625696,0.6551891343486007,0.23380489427993592,text,59630.2864169671
agronomist,soybean,sandy_loam,sprinkler,5681,0.48,1.05,2.5061170212623516,3.1,1.0,0.9947511942440563,0.8126905001434541,556.0,15,5560.0,0.45074047145006324,94.5,89.18553014131909,56.84530948740626,0.9437622237176624,9,0,9.0,69.30272087991278,357.4039737034047,0,0.0,46000.0,115281.38297806817,39554.5,75726.88297806817,17155.880195652342,0.8200000000000001,,0,,0,F041,Yeola,1,kharif,0.3680934983625696,0.6551891343486007,0.23380489427993592,text,62961.65068757497
agripilot,soybean,sandy_loam,sprinkler,5681,0.48,1.05,2.5323436380269615,3.1,0.9988834371876167,0.9945088048271156,0.8223136523048776,412.0,16,4120.0,0.6146465140842139,65.4539516332004,89.14791799041448,28.331292357895883,1.3619944367911274,4,13,5.95,66.77265217022754,258.0453091449751,0,0.0,46000.0,116487.80734924023,39886.16459736281,76601.64275187743,9865.586493953306,1.0,0.60625,160,0.98,1,F041,Yeola,1,kharif,0.3680934983625696,0.6551891343486007,0.23380489427993592,text,69776.39851918354
farmer_practice,onion,sandy_loam,sprinkler,144104,0.48,1.0,18.877254660006624,34.0,0.6862520612008131,0.9601611510056145,0.8426207034224806,608.0,19,6080.0,3.1048116217116157,154.0,102.44435622520274,19.19378040244259,0.6652230923714464,17,0,17.0,1.4910790500898825,74.36546830364492,35,0.22400000000000003,10476.0,197758.1198182294,51588.0,146170.1198182294,15368.300183890477,0.6599999999999999,,0,,0,F041,Yeola,1,rabi,0.3680934983625696,0.6551891343486007,0.23380489427993592,text,134687.12216853682
agronomist,onion,sandy_loam,sprinkler,144104,0.48,1.0,26.521296651427562,34.0,0.9980592930013108,0.9945945934126426,0.7858024878264579,763.3299999999996,44,7633.299999999996,3.4744208470029445,115.5,108.97483668170807,15.283557305066793,0.9435050794953079,9,0,9.0,1.5063853850028632,100.83089438042957,0,0.14,11610.0,307912.254123074,51272.71999999999,256639.53412307403,9064.597783377048,0.8200000000000001,,0,,0,F041,Yeola,1,rabi,0.3680934983625696,0.6551891343486007,0.23380489427993592,text,243696.50453119178
agripilot,onion,sandy_loam,sprinkler,144104,0.48,1.0,27.01798363796645,34.0,0.9607285582140901,0.9912002744978208,0.834472257917888,647.9634872822223,52,6479.634872822224,4.169676867332293,78.56598366181453,108.33108654269014,2.7830202502459658,1.3788548363245705,8,10,9.5,1.4910790500898825,27.118405824644345,1,0.0,13500.0,364742.77911254705,56689.17209378818,308053.6070187589,7164.363356495082,0.94,0.7342657342657343,143,0.98,0,F041,Yeola,1,rabi,0.3680934983625696,0.6551891343486007,0.23380489427993592,text,299294.4872819294
farmer_practice,soybean,sandy_loam,flood,896538,1.29,1.05,2.6665344093647207,3.1,1.0,0.9947511942440563,0.864711090667576,1350.0,20,13500.0,0.1975210673603497,126.0,89.18553014131909,103.80454261385542,0.7078216677882467,12,0,12.0,140.3259145527397,872.3007330373248,0,0.0,46000.0,122660.58283077716,71794.0,50866.58283077716,28347.750901468633,0.76,,0,,0,F042,Igatpuri,1,kharif,0.39521828726896896,0.6084281387676168,0.42131405725281224,voice,14128.903506304443
agronomist,soybean,sandy_loam,flood,896538,1.29,1.05,2.522256579151026,3.1,1.0,0.9947511942440563,0.8179242802348698,906.3636363636364,14,9063.636363636364,0.278283072925389,94.5,89.18553014131909,68.06908257030398,0.9437622237176624,9,0,9.0,130.9978997625956,643.0997528611125,0,0.0,46000.0,116023.8026409472,53006.86363636363,63016.93900458356,19731.415960518076,0.8200000000000001,,0,,0,F042,Igatpuri,1,kharif,0.39521828726896896,0.6084281387676168,0.42131405725281224,voice,38843.470300152374
agripilot,soybean,sandy_loam,flood,896538,1.29,1.05,2.567425312450258,3.1,1.0,0.9947511942440563,0.8325717209347097,892.5,17,8925.0,0.287666701675099,66.50000000000001,89.18553014131909,47.244610249859264,1.341135791598783,5,12,6.8,136.88842267426386,624.113224915801,0,0.0,46000.0,118101.56437271187,59243.5,58858.06437271187,14496.025649043042,1.0,0.6097560975609756,123,0.98,2,F042,Igatpuri,1,kharif,0.39521828726896896,0.6084281387676168,0.42131405725281224,voice,38802.99405985208
farmer_practice,onion,sandy_loam,flood,862835,1.29,1.0,24.837371308173417,34.0,0.8641502576332036,0.9845192092271864,0.8586442280753982,1485.0,22,14850.0,1.6725502564426544,154.0,107.06398795688017,65.52331439315243,0.6952207010187024,12,0,12.0,0.012189966447681923,370.40565308515943,6,0.22400000000000003,10476.0,260196.3018244247,77716.0,182480.3018244247,20194.30630046547,0.76,,0,,0,F042,Igatpuri,1,rabi,0.39521828726896896,0.6084281387676168,0.42131405725281224,voice,147430.59212199022
agronomist,onion,sandy_loam,flood,862835,1.29,1.0,25.296361224381812,34.0,1.0,0.9164649056006432,0.8118266391869154,1505.0,43,15050.0,1.680821343812745,115.5,94.15713726908751,37.9342559940874,0.8152133096890694,8,0,8.0,0.10226765011651497,354.60330556239296,0,0.0,13500.0,341500.8765291545,80159.5,261341.37652915448,12429.08648778678,0.84,,0,,0,F042,Igatpuri,1,rabi,0.39521828726896896,0.6084281387676168,0.42131405725281224,voice,230149.58279033838
agripilot,onion,sandy_loam,flood,862835,1.29,1.0,20.76491828414826,34.0,0.7397797454261614,0.9641034993137403,0.856298559914854,980.0,19,9800.0,2.1188692126681894,82.8327393111897,103.19204297329557,8.11625296373279,1.245788124736756,8,11,9.65,0.0,127.2573809403801,21,0.0,13500.0,280326.3968360015,67622.1494400245,212704.24739597697,8215.925533471902,0.95,0.6612903225806451,124,0.9189457777088552,0,F042,Igatpuri,1,rabi,0.39521828726896896,0.6084281387676168,0.42131405725281224,voice,195049.07862728945
farmer_practice,tomato,sandy_loam,flood,879757,1.5,1.05,34.865801286565336,55.0,1.0,0.7611519070172648,0.832847758655559,2362.5,35,23625.0,1.4758011126588502,210.0,88.22894146998227,120.66480017256654,0.4201378165237251,11,0,11.0,153.06257167577166,1327.2705619553367,0,0.22,8580.0,299148.5750387306,111205.0,187943.57503873057,30797.227176143922,0.78,,0,,0,F043,Sinnar,1,kharif,0.25014947267224014,0.7460233288460604,0.21684222529781366,text,159322.83471196922
agronomist,tomato,sandy_loam,flood,879757,1.5,1.05,32.96301012281635,55.0,0.999378912143175,0.8417041844188531,0.7124830008211545,1223.2,23,12232.0,2.694817701342082,157.5,109.06142700487581,60.80572169355907,0.6924535047928623,5,0,5.0,146.11366911179945,707.7574591910617,0,0.0,11000.0,362593.11135097983,62546.3,300046.81135097984,15760.052926846827,0.9,,0,,0,F043,Sinnar,1,kharif,0.25014947267224014,0.7460233288460604,0.21684222529781366,text,285858.1456042062
agripilot,tomato,sandy_loam,flood,879757,1.5,1.05,39.851054869308825,55.0,0.999378912143175,0.9021082431157734,0.8036895100898032,1155.0,24,11550.0,3.450307780892539,142.05905952505123,124.68316632304486,29.26762564807401,0.8776854270322532,3,15,5.25,151.72871651075113,664.6324117921102,0,0.0,11000.0,438361.60356239707,73619.71272622648,364741.8908361706,10308.731065250082,1.0,0.5504587155963303,109,0.98,2,F043,Sinnar,1,kharif,0.25014947267224014,0.7460233288460604,0.21684222529781366,text,354537.1531334157
farmer_practice,wheat,sandy_loam,flood,913460,1.5,1.0,4.507895289482001,5.4,1.0,0.8532579715069096,0.9783622911882612,2362.5,35,23625.0,0.19081038262357675,168.0,89.63958031177441,85.43006628774448,0.5335689304272286,11,0,11.0,0.0,860.2619285819594,0,0.0,23000.0,103681.591658086,109987.0,-6305.408341913993,23077.411931794006,0.78,,0,,0,F043,Sinnar,1,rabi,0.25014947267224014,0.7460233288460604,0.21684222529781366,text,-32484.496366480445
agronomist,wheat,sandy_loam,flood,913460,1.5,1.0,5.014007128279653,5.4,1.0,0.9947511942440561,0.9334191745061624,823.52,12,8235.2,0.6088506810131694,126.0,118.91404018842542,10.390590530935377,0.943762223717662,0,0,0.0,0.0,52.40374220711145,0,0.0,23000.0,115322.16395043202,38433.68,76888.48395043201,1870.306295568368,1.0,,0,,0,F043,Sinnar,1,rabi,0.25014947267224014,0.7460233288460604,0.21684222529781366,text,69837.84329576153
agripilot,wheat,sandy_loam,flood,913460,1.5,1.0,4.9479906582344855,5.4,1.0,0.9489783455006524,0.9655589831781779,1102.5,21,11025.0,0.44879733861537285,95.46398146413658,109.44379562082466,12.089146587085677,1.1464407197592104,7,0,7.0,0.0,165.25105533590374,0,0.0,23000.0,113803.78513939316,60403.45546245996,53400.3296769332,7076.046385675421,0.86,0.5869565217391305,92,0.98,0,F043,Sinnar,1,rabi,0.25014947267224014,0.7460233288460604,0.21684222529781366,text,43455.5015277577
farmer_practice,cotton,sandy_loam,sprinkler,186226,1.22,1.05,1.2684125213083368,2.4,1.0,0.8719976194319341,0.6060856193117863,896.0,28,8960.0,0.14156389746744832,154.0,85.7236864439875,84.47690597433375,0.5566473145713474,23,0,23.0,213.01289205922177,821.9377498703839,0,0.0,68000.0,86252.0514489669,70740.0,15512.0514489669,33222.95910391307,0.54,,0,,0,F044,Chandwad,1,kharif,0.44381694690435736,0.51915981521904,0.33407490461779493,icon,-11412.66132444395
agronomist,cotton,sandy_loam,sprinkler,186226,1.22,1.05,1.0609579150992823,2.4,1.0,0.8771294426225896,0.5039915165044185,625.5416666666667,16,6255.416666666668,0.16960627431148184,115.5,86.69696325600839,53.79242517515721,0.7506230584935791,12,0,12.0,202.76197055337545,639.4838088183631,0,0.0,68000.0,72145.1382267512,46717.91666666667,25427.221560084523,19907.494266508675,0.76,,0,,0,F044,Chandwad,1,kharif,0.44381694690435736,0.51915981521904,0.33407490461779493,icon,7478.684946415095
agripilot,cotton,sandy_loam,sprinkler,186226,1.22,1.05,1.3255082607894588,2.4,1.0,0.9215898788896522,0.599285128139308,588.0,21,5880.0,0.22542657496419366,83.53656225888172,95.1291149618306,21.274142236235168,1.1387722021289708,5,18,7.699999999999999,204.87577848590277,602.7103749063485,0,0.0,68000.0,90134.5617336832,55824.56030550757,34310.00142817562,11063.227608895455,1.0,0.7098214285714286,224,0.98,0,F044,Chandwad,1,kharif,0.44381694690435736,0.51915981521904,0.33407490461779493,icon,23335.406306684978
farmer_practice,onion,sandy_loam,sprinkler,215605,1.22,1.0,22.315519522386893,34.0,0.7740664105540885,0.9757408336818478,0.8689912080531612,704.0,22,7040.0,3.169818113975411,154.0,105.399123629316,14.870414594227064,0.6844098936968571,17,0,17.0,0.0,60.967239401130804,20,0.22400000000000003,10476.0,233777.3825165251,55272.0,178505.3825165251,14576.674626960872,0.6599999999999999,,0,,0,F044,Chandwad,1,rabi,0.44381694690435736,0.51915981521904,0.33407490461779493,icon,162285.63096570905
agronomist,onion,sandy_loam,sprinkler,215605,1.22,1.0,27.249806651872564,34.0,0.9996490820948525,0.9946271133026314,0.8060772101592126,772.8999999999995,45,7728.999999999995,3.5256574785706536,115.5,108.9810042470508,9.233140536258839,0.9435584783294442,9,0,9.0,0.0,59.68684484727282,0,0.14,11610.0,316370.25522824045,51738.099999999984,264632.1552282405,7961.9652965265905,0.8200000000000001,,0,,0,F044,Chandwad,1,rabi,0.44381694690435736,0.51915981521904,0.33407490461779493,icon,248379.4865059215
agripilot,onion,sandy_loam,sprinkler,215605,1.22,1.0,25.676703711394286,34.0,0.8998244694565107,0.9770895538465518,0.858950592169481,667.7316339052186,51,6677.316339052186,3.8453627786397453,72.64993412664316,105.65491538469088,1.522205701675089,1.4543015992349495,7,12,8.8,0.0,14.675117307898208,1,0.0,13500.0,346635.50010382285,57319.72364245009,289315.77646137273,6433.997026301517,0.98,0.6216216216216216,148,0.98,0,F044,Chandwad,1,rabi,0.44381694690435736,0.51915981521904,0.33407490461779493,icon,278198.5807120984
farmer_practice,soybean,sandy_loam,drip,628037,1.15,1.05,2.593335620175326,3.1,0.9866464819852188,0.9916354999472963,0.8550340182791963,672.0,28,6720.0,0.38591303871656635,126.0,88.70206033664944,94.33921918872818,0.7039846058464241,14,0,14.0,79.90051304584573,519.9388774993647,1,0.0,46000.0,119293.43852806499,47082.0,72211.43852806499,27500.164071383686,0.72,,0,,0,F045,Igatpuri,1,kharif,0.7619498572102958,0.347227819666715,0.5925386076049819,voice,17592.323579979082
agronomist,soybean,sandy_loam,drip,628037,1.15,1.05,2.1964362532762802,3.1,0.9178856108642192,0.9724328792611328,0.7937956474901104,387.5,14,3875.0,0.5668222589100078,94.5,85.72234333362405,46.929035234507985,0.907114744271154,8,0,8.0,64.25098423803726,312.60218680859236,9,0.0,46000.0,101036.0676507089,30795.5,70240.5676507089,14625.485200353773,0.84,,0,,0,F045,Igatpuri,1,kharif,0.7619498572102958,0.347227819666715,0.5925386076049819,voice,40621.64387211532
agripilot,soybean,sandy_loam,drip,628037,1.15,1.05,2.541773958244405,3.1,1.0,0.9947511942440563,0.8242534294494975,534.0000000000001,31,5340.000000000001,0.47598763263003835,66.50000000000001,89.18553014131909,37.31276734585897,1.341135791598783,4,13,5.95,66.31764552534607,404.40868002895104,0,0.0,46000.0,116921.60207924264,43774.5,73147.10207924264,11478.15693198273,1.0,0.6556291390728477,151,0.98,0,F045,Igatpuri,1,kharif,0.7619498572102958,0.347227819666715,0.5925386076049819,voice,38394.44935271167
farmer_practice,wheat,sandy_loam,drip,889876,1.15,1.0,5.259981437176504,5.4,1.0,0.9947511942440561,0.9792103212848066,672.0,28,6720.0,0.7827353329131701,168.0,118.91404018842542,50.90444399465622,0.7078216677882465,14,0,14.0,3.6130707411980665,259.7455576600649,0,0.0,23000.0,120979.57305505959,48300.0,72679.57305505959,18995.3175557089,0.72,,0,,0,F045,Igatpuri,1,rabi,0.7619498572102958,0.347227819666715,0.5925386076049819,voice,23977.50194181379
agronomist,wheat,sandy_loam,drip,889876,1.15,1.0,5.031264497544423,5.4,1.0,0.9929723862397692,0.9383097260354567,432.5516666666667,15,4325.516666666666,1.1631591981407439,126.0,118.54601094615916,19.625206548204144,0.9408413567155489,2,0,2.0,3.3028876245224335,88.3395259722638,0,0.0,23000.0,115719.08344352173,25170.756666666668,90548.32677685506,4962.2631672974485,0.96,,0,,0,F045,Igatpuri,1,rabi,0.7619498572102958,0.347227819666715,0.5925386076049819,voice,62209.777738477685
agripilot,wheat,sandy_loam,drip,889876,1.15,1.0,4.906466108342683,5.4,1.0,0.9405778310528048,0.9660070702083822,474.00000000000017,35,4740.000000000002,1.0351194321398063,94.1375155327313,107.70575814885619,9.30587098000775,1.1441321511338087,8,0,8.0,3.2785854374942267,110.51740663145912,0,0.0,23000.0,112848.72049188172,36835.98795044921,76012.7325414325,7304.564045338843,0.84,0.5612903225806452,155,0.98,0,F045,Igatpuri,1,rabi,0.7619498572102958,0.347227819666715,0.5925386076049819,voice,46456.58569196512
farmer_practice,soybean,black_cotton,drip,333858,0.82,1.05,2.7061462478108402,3.1,1.0,0.9947511942440563,0.8775565262658559,480.0,20,4800.0,0.563780468293925,126.0,89.18553014131909,16.22458953879181,0.7078216677882467,16,0,16.0,483.2787548036064,191.421321194775,0,0.0,46000.0,124482.72739929864,43014.0,81468.72739929864,18469.934910214983,0.6799999999999999,,0,,0,F046,Yeola,1,kharif,0.6336706544689321,0.5321265409703532,0.10076971497016882,voice,59701.18708039673
agronomist,soybean,black_cotton,drip,333858,0.82,1.05,2.570991321480015,3.1,0.999468329675972,0.9947462909370517,0.8341757322193762,382.22222222222223,13,3822.222222222222,0.6726430782941899,94.5,89.18476928333563,7.77932274148435,0.9437541723104299,9,0,9.0,469.3197658404223,129.50449790574427,0,0.0,46000.0,118265.60078808069,31936.055555555555,86329.54523252512,11924.155986030983,0.8200000000000001,,0,,0,F046,Yeola,1,kharif,0.6336706544689321,0.5321265409703532,0.10076971497016882,voice,69164.4673419168
agripilot,soybean,black_cotton,drip,333858,0.82,1.05,2.685918418555929,3.1,0.9996226432626654,0.9947467341918741,0.871329697663561,347.33333333333337,25,3473.333333333334,0.7732970494882712,37.61087444990203,89.18483806425634,3.4621227707888242,2.3712513832416002,8,9,9.35,468.542805262063,104.03520198205143,0,0.0,46000.0,123552.24725357274,37250.04869238049,86302.19856119226,11385.067346100555,0.9299999999999999,0.6625766871165644,163,0.98,0,F046,Yeola,1,kharif,0.6336706544689321,0.5321265409703532,0.10076971497016882,voice,72307.0563979079
farmer_practice,grape,black_cotton,drip,932027,0.82,1.0,21.11313937755989,24.0,0.9859439027613125,0.9944630980272804,0.897223613859643,720.0,30,7200.0,2.93238046910554,175.0,123.80670216105182,12.886601701716149,0.7074668694917247,24,0,24.0,5.359957392119156,142.4168515090668,0,0.48,23920.0,505026.29391123255,63695.0,441331.29391123255,19167.82792283798,0.52,,0,,0,F046,Yeola,1,rabi,0.6336706544689321,0.5321265409703532,0.10076971497016882,voice,410517.87280904205
agronomist,grape,black_cotton,drip,932027,0.82,1.0,18.272422469553653,24.0,0.9970755338387098,0.9945677253991783,0.7677546660071297,658.0,22,6580.0,2.7769639011479716,131.25,123.829251163616,5.116996367231087,0.9434609612465981,1,0,1.0,4.69553213332075,80.83618965554729,0,0.0,46000.0,840531.4335994681,31848.25,808683.1835994681,1663.3191353014822,0.98,,0,,0,F046,Yeola,1,rabi,0.6336706544689321,0.5321265409703532,0.10076971497016882,voice,778708.8746738523
agripilot,grape,black_cotton,drip,932027,0.82,1.0,20.926625995059652,24.0,1.0,0.9648160232623288,0.9037399139017772,688.3333333333331,54,6883.333333333331,3.040187795892444,52.8849353673809,117.4172463927433,2.4255285253232235,2.220239952588947,5,21,8.15,5.242649264356831,82.60774874648408,0,0.0,46000.0,962624.795772744,57806.99645898737,904817.7993137566,6188.778977937392,1.0,0.6454183266932271,251,0.98,0,F046,Yeola,1,rabi,0.6336706544689321,0.5321265409703532,0.10076971497016882,voice,877569.6399360683
farmer_practice,cotton,loam,drip,959728,1.39,1.05,1.433628994194386,2.4,1.0,0.9788061432852451,0.6102795924867644,1152.0,48,11520.0,0.124446961301596,154.0,105.98047545064992,83.77061955144852,0.6881849055237008,20,0,20.0,111.89605139307821,818.2420649881332,0,0.0,68000.0,97486.77160521825,72914.0,24572.77160521825,30085.775981798433,0.6,,0,,0,F047,Igatpuri,1,kharif,0.6048225460621297,0.39865089591388525,0.7387267476061551,text,-37930.3216207591
agronomist,cotton,loam,drip,959728,1.39,1.05,1.231346013505639,2.4,1.0,0.9946994645041334,0.5157948277537763,480.0,16,4800.0,0.2565304194803415,115.5,108.99472602664602,34.15820875743301,0.9436772816159829,12,0,12.0,87.50841954116679,288.74878516154854,0,0.0,68000.0,83731.52891838345,40009.5,43722.028918383454,15336.05335220844,0.76,,0,,0,F047,Igatpuri,1,kharif,0.6048225460621297,0.39865089591388525,0.7387267476061551,text,18106.245513211532
agripilot,cotton,loam,drip,959728,1.39,1.05,1.3720391225216377,2.4,1.0,0.9109724049462793,0.6275524534149437,693.0,33,6930.0,0.19798544336531568,66.118697631772,93.11545611050127,16.71041549563147,1.4083074749759823,8,17,10.55,98.93295307928241,470.2662346072714,0,0.0,68000.0,93298.66033147137,57869.44223132139,35429.218100149985,11283.271366927207,1.0,0.6836734693877551,196,0.98,1,F047,Igatpuri,1,kharif,0.6048225460621297,0.39865089591388525,0.7387267476061551,text,6921.793041536288
farmer_practice,wheat,loam,drip,993431,1.39,1.0,5.248526841654544,5.4,1.0,0.9947511942440561,0.9770779072648693,840.0,35,8400.0,0.6248246240064933,168.0,118.91404018842542,53.53739877133711,0.7078216677882465,14,0,14.0,14.745298999956235,404.70759004893984,0,0.0,23000.0,120716.11735805451,54222.0,66494.11735805451,19569.439469840287,0.72,,0,,0,F047,Igatpuri,1,rabi,0.6048225460621297,0.39865089591388525,0.7387267476061551,text,23046.77356116174
agronomist,wheat,loam,drip,993431,1.39,1.0,4.951475622354024,5.4,0.992715970391404,0.9946154508277236,0.9286684155450534,382.9166666666667,13,3829.166666666667,1.2930948306474053,126.0,118.88595534366698,8.119575331178664,0.943539328124341,1,0,1.0,14.625483989638749,74.63408677291596,0,0.0,23000.0,113883.93931414254,22073.166666666668,91810.77264747587,2293.1529155189082,0.98,,0,,0,F047,Igatpuri,1,rabi,0.6048225460621297,0.39865089591388525,0.7387267476061551,text,76445.40699111905
agripilot,wheat,loam,drip,993431,1.39,1.0,5.100084890470406,5.4,1.0,0.9876498534069682,0.9562702425803482,588.0,28,5880.0,0.867361375930341,94.77390963970134,117.44479725661412,10.503547955794243,1.239210218330128,6,0,6.0,14.966759204951263,187.40015176946628,0,0.0,23000.0,117301.95248081934,38060.44337955134,79241.50910126799,6225.3394648875255,0.88,0.603448275862069,116,0.98,0,F047,Igatpuri,1,rabi,0.6048225460621297,0.39865089591388525,0.7387267476061551,text,54670.38177408938
farmer_practice,cotton,sandy,drip,387846,0.4,1.05,1.013484368503779,2.4,1.0,0.727104958599337,0.5807760606621537,936.0,39,9360.0,0.108278244498267,154.0,58.24404387228804,112.45951044030866,0.3782080770927795,18,0,18.0,90.4369351059121,875.3007469899844,0,0.0,68000.0,68916.93705825698,62600.0,6316.937058256983,33656.64429520877,0.64,,0,,0,F048,Igatpuri,1,kharif,0.8521844479423258,0.6441329895765036,0.7275435159190239,text,-94626.42992493723
agronomist,cotton,sandy,drip,387846,0.4,1.05,0.910505938938917,2.4,0.9650734993691715,0.7700540129116272,0.5104932013393167,519.7222222222222,18,5197.222222222222,0.17519088082202575,115.5,66.38955417289483,62.61862590804583,0.5748013348302583,13,0,13.0,92.24294515503051,539.1191770326913,5,0.0,68000.0,61914.403847846355,42770.055555555555,19144.3482922908,21201.539169843523,0.74,,0,,0,F048,Igatpuri,1,kharif,0.8521844479423258,0.6441329895765036,0.7275435159190239,text,-37553.80365997138
agripilot,cotton,sandy,drip,387846,0.4,1.05,1.3650206153812934,2.4,0.9963654292200427,0.95486522262898,0.5978155977758752,558.0,29,5580.0,0.24462735042675507,108.41183550031633,101.43995601584106,30.384351256117135,0.93569079010331,8,16,10.4,90.49593307839935,546.3866703497205,0,0.0,68000.0,92821.40184592795,56185.943229509176,36635.45861641877,13563.646623806679,1.0,0.6572769953051644,213,0.98,0,F048,Igatpuri,1,kharif,0.8521844479423258,0.6441329895765036,0.7275435159190239,text,-15525.636774927356
farmer_practice,grape,sandy,drip,354143,0.4,1.0,18.54626356153577,24.0,1.0,0.8667839568875866,0.8915266319711969,984.0,41,9840.0,1.8847828822698955,175.0,96.28964588094539,81.42773530303106,0.5502265478911165,19,0,19.0,4.26766644258634,394.4503844279974,0,0.48,23920.0,443626.62439193565,66251.0,377375.62439193565,27995.40135252887,0.62,,0,,0,F048,Igatpuri,1,rabi,0.8521844479423258,0.6441329895765036,0.7275435159190239,text,277002.6872557027
agronomist,grape,sandy,drip,354143,0.4,1.0,17.97645831364142,24.0,0.9859306806620132,0.9870909871581517,0.7696429974988046,612.3555555555556,22,6123.555555555557,2.9356242709894893,131.25,122.2178851633948,14.544936746938466,0.9311838869591984,1,0,1.0,4.496293538755845,74.63009658554293,0,0.0,46000.0,826917.0824275053,30296.33888888889,796620.7435386163,3358.555256297727,0.98,,0,,0,F048,Igatpuri,1,rabi,0.8521844479423258,0.6441329895765036,0.7275435159190239,text,743213.1085944482
agripilot,grape,sandy,drip,354143,0.4,1.0,19.166505874206486,24.0,1.0,0.8814461256097598,0.9060161344209416,719.6219959240005,65,7196.219959240006,2.6634130116598973,94.3632754620761,99.44959603658617,15.205291860625563,1.0539014839152572,5,22,8.3,3.925591115671863,149.60541345674596,0,0.0,46000.0,881659.2702134984,62503.68284981622,819155.5873636822,8582.282854953648,1.0,0.6946564885496184,262,0.98,0,F048,Igatpuri,1,rabi,0.8521844479423258,0.6441329895765036,0.7275435159190239,text,757138.4457848693
farmer_practice,soybean,sandy,flood,164180,2.35,1.05,2.5136133657295554,3.1,1.0,0.9298079343003467,0.8720543149733585,2295.0,34,22950.0,0.10952563685096102,126.0,79.10812773626068,111.6072045405805,0.6278422836211165,14,0,14.0,64.83608653631309,1339.818851944337,0,0.0,46000.0,115626.21482355955,110264.0,5362.214823559552,30472.821596131307,0.72,,0,,0,F049,Dindori,1,kharif,0.5581348410216913,0.36733514592583627,0.2197354619901516,voice,-76279.10709315729
agronomist,soybean,sandy,flood,164180,2.35,1.05,2.403178118717286,3.1,1.0,0.967078604981872,0.8016088288788579,1158.512396694215,19,11585.123966942152,0.20743654755656407,94.5,84.89150766960083,78.34935787501408,0.8983228324825484,8,0,8.0,61.27827227172597,729.1370679485233,0,0.0,46000.0,110546.19346099514,61529.921487603315,49016.27197339183,20254.388867948066,0.84,,0,,0,F049,Dindori,1,kharif,0.5581348410216913,0.36733514592583627,0.2197354619901516,voice,7834.024781873568
agripilot,soybean,sandy,flood,164180,2.35,1.05,2.5290913534452732,3.1,1.0,0.9781702829810897,0.8340428396371443,1225.0,25,12250.0,0.20645643701594069,66.50000000000001,86.61263011775529,53.078035563087774,1.3024455656805303,5,12,6.8,61.51484159916708,760.46279960398,0,0.0,46000.0,116338.20225848258,72088.5,44249.702258482575,14867.679975748302,1.0,0.6046511627906976,86,0.98,1,F049,Dindori,1,kharif,0.5581348410216913,0.36733514592583627,0.2197354619901516,voice,4910.245246381191
farmer_practice,onion,sandy,flood,197883,2.35,1.0,21.202463182600052,34.0,0.9506368158603602,0.7730176781382216,0.8486006211733279,2565.0,38,25650.0,0.8266067517582866,154.0,66.95162861242135,90.57624228640111,0.43475083514559315,15,0,15.0,0.0,911.1381992725752,2,0.22400000000000003,10476.0,222117.00430091814,122646.0,99471.00430091814,26803.7236115522,0.7,,0,,0,F049,Dindori,1,rabi,0.5581348410216913,0.36733514592583627,0.2197354619901516,voice,10499.794101123547
agronomist,onion,sandy,flood,197883,2.35,1.0,21.93882523853576,34.0,0.9986259177005625,0.8224473723285917,0.7856398443467193,1995.0,57,19950.0,1.0996904881471559,115.5,76.32622578645704,54.501160322483116,0.6608331236922688,9,0,9.0,0.0,591.3833735940666,0,0.14,11610.0,254709.76101940018,101809.5,152900.26101940018,16110.20885804696,0.8200000000000001,,0,,0,F049,Dindori,1,rabi,0.5581348410216913,0.36733514592583627,0.2197354619901516,voice,87123.02589280735
agripilot,onion,sandy,flood,197883,2.35,1.0,20.69261308081093,34.0,0.7880700213852607,0.9415011301792864,0.8202585528218815,1332.4361074843355,27,13324.361074843355,1.552991018824833,97.70121642531487,98.90538675814052,18.264574035606724,1.0123250290721422,4,14,6.1,0.0,268.6374651852171,16,0.0,13500.0,279350.2765909475,79836.16293080154,199514.113660146,7557.62332640921,1.0,0.6020408163265306,98,0.7554009035878715,0,F049,Dindori,1,rabi,0.5581348410216913,0.36733514592583627,0.2197354619901516,voice,160031.22880816145
farmer_practice,cotton,sandy,sprinkler,352178,0.9,1.05,1.1303980550317048,2.4,1.0,0.7804521428406785,0.6034952865683827,768.0,24,7680.0,0.1471872467489199,154.0,68.36161329737007,87.73368635099816,0.44390657985305243,17,0,17.0,59.76874369541091,639.1347987836989,0,0.0,68000.0,76867.06774215592,57728.0,19139.067742155923,28229.98223643837,0.6599999999999999,,0,,0,F050,Dindori,1,kharif,0.5971575946786069,0.5828396068690151,0.5910493404262496,text,-26847.628242060655
agronomist,cotton,sandy,sprinkler,352178,0.9,1.05,1.0488937936006633,2.4,1.0,0.7952880874818203,0.5495355551606114,646.6666666666667,17,6466.666666666668,0.16220007117536026,115.5,71.17532693620731,50.99481903793911,0.6162365968502798,12,0,12.0,63.18745894466002,560.9504629266921,0,0.0,68000.0,71324.7779648451,47576.16666666667,23748.611298178424,18147.75455733098,0.76,,0,,0,F050,Dindori,1,kharif,0.5971575946786069,0.5828396068690151,0.5910493404262496,text,-11498.549879417731
agripilot,cotton,sandy,sprinkler,352178,0.9,1.05,1.3812728779160375,2.4,0.963478089238942,0.9076600628763314,0.6581170965197944,588.0,21,5880.0,0.23491035338708122,99.10887745802643,92.48725330413183,27.47903292125875,0.9331883851000238,8,16,10.4,56.58694351482755,550.8660011743647,5,0.0,68000.0,93926.55569829055,58706.15744628277,35220.398252007784,12735.508417460023,1.0,0.6457399103139013,223,0.98,2,F050,Dindori,1,kharif,0.5971575946786069,0.5828396068690151,0.5910493404262496,text,8527.319473087331
farmer_practice,wheat,sandy,sprinkler,385881,0.9,1.0,4.49484398784959,5.4,0.863018405933157,0.9892042229670066,0.9750229599144463,576.0,18,5760.0,0.7803548590016649,168.0,117.76639095869105,44.01119859143363,0.700990422373161,12,0,12.0,0.006419893832367235,115.31407672241124,11,0.0,23000.0,103381.41172054058,44016.0,59365.41172054058,16322.073525502547,0.76,,0,,0,F050,Dindori,1,rabi,0.5971575946786069,0.5828396068690151,0.5910493404262496,text,28174.920142580966
agronomist,wheat,sandy,sprinkler,385881,0.9,1.0,4.9501025162867895,5.4,0.9987645872044322,0.9801722640089179,0.93638595057828,555.2106666666667,15,5552.1066666666675,0.891571940792466,126.0,115.89770979494854,18.981249237769312,0.9198230936107027,2,0,2.0,0.08256310928144664,68.70419325578857,0,0.0,23000.0,113852.35787459616,30991.162666666667,82861.19520792949,4817.367930782009,0.96,,0,,0,F050,Dindori,1,rabi,0.5971575946786069,0.5828396068690151,0.5910493404262496,text,57770.872867023565
agripilot,wheat,sandy,sprinkler,385881,0.9,1.0,4.7250098773667455,5.4,1.0,0.9194104314407702,0.9516988270089676,588.0,35,5880.0,0.803573108395705,99.54928441179342,103.32629616015936,10.816574479446741,1.0379411240440668,5,0,5.0,0.006419893832367235,90.10428325848846,0,0.0,23000.0,108675.22717943514,40428.92924794201,68246.29793149313,5447.041185344905,0.9,0.6893939393939394,132,0.98,0,F050,Dindori,1,rabi,0.5971575946786069,0.5828396068690151,0.5910493404262496,text,42877.11535985686
farmer_practice,soybean,loam,flood,574599,0.41,1.05,2.6920656879108096,3.1,1.0,0.9947511942440563,0.872990443688558,1147.5,17,11475.0,0.2346026743277394,126.0,89.18553014131909,85.0623669315457,0.7078216677882467,14,0,14.0,236.72355993370905,613.9592698212181,0,0.0,46000.0,123835.02164389724,66829.0,57006.02164389724,27241.738087081605,0.72,,0,,0,F051,Sinnar,1,kharif,0.2587263831208246,0.95,0.827996788551717,voice,19430.93631372015
agronomist,soybean,loam,flood,574599,0.41,1.05,2.5405579909153193,3.1,1.0,0.9947511942440563,0.8238591122294919,830.2479338842975,12,8302.479338842975,0.30599991728125986,94.5,89.18553014131909,53.56594787128854,0.9437622237176624,9,0,9.0,232.62013785159456,443.57405553969636,0,0.0,46000.0,116865.66758210468,49898.92975206611,66966.73783003856,18035.45185749629,0.8200000000000001,,0,,0,F051,Sinnar,1,kharif,0.2587263831208246,0.95,0.827996788551717,voice,41244.77035004631
agripilot,soybean,loam,flood,574599,0.41,1.05,2.507412712863152,3.1,1.0,0.9947511942440563,0.8131106705689181,840.0,18,8400.0,0.29850151343608955,61.982334836423206,89.18553014131909,35.12445641209483,1.4388862629439096,3,13,4.95,233.70227156468866,447.8555581902386,0,0.0,46000.0,115340.98479170499,55427.487710256275,59913.49708144872,11890.722598259266,1.0,0.639344262295082,122,0.98,0,F051,Sinnar,1,kharif,0.2587263831208246,0.95,0.827996788551717,voice,39427.83000036306
farmer_practice,onion,loam,flood,943314,0.41,1.0,28.657368080962048,34.0,0.9606578602219747,0.9908484133879583,0.8854854430496669,1282.5,19,12825.0,2.2344926378917775,154.0,108.26435426323346,43.669112909681914,0.7030152874235939,15,0,15.0,10.756269603093768,307.30708230736394,0,0.22400000000000003,10476.0,300214.58801615844,74101.0,226113.58801615844,18457.246750170587,0.7,,0,,0,F051,Sinnar,1,rabi,0.2587263831208246,0.95,0.827996788551717,voice,194341.14256142612
agronomist,onion,loam,flood,943314,0.41,1.0,27.90406679949714,34.0,1.0,0.9947391969891421,0.8250482634324019,1123.1818181818187,31,11231.818181818187,2.484376647466357,115.5,109.00226149794076,19.02725116140153,0.943742523791695,7,0,7.0,12.437924110054755,202.66092776059418,0,0.0,13500.0,376704.9017932114,62707.68181818184,313997.2199750296,8436.846526042767,0.86,,0,,0,F051,Sinnar,1,rabi,0.2587263831208246,0.95,0.827996788551717,voice,292720.22860163404
agripilot,onion,loam,flood,943314,0.41,1.0,27.95876909875695,34.0,0.9679822737449586,0.97950506890938,0.8672913965626559,927.5,25,9275.0,3.014422544340372,76.32852935116135,106.1130303103997,6.95441744270838,1.390214526762465,5,12,6.8,10.468654371943188,104.3181410121617,0,0.0,13500.0,377443.38283321884,63938.52735118368,313504.85548203514,6106.013029034997,1.0,0.6538461538461539,104,0.98,0,F051,Sinnar,1,rabi,0.2587263831208246,0.95,0.827996788551717,voice,296943.35196376377
farmer_practice,soybean,sandy,sprinkler,807139,2.82,1.05,2.5292461046357473,3.1,1.0,0.945479025168972,0.862933834052287,1088.0,34,10880.0,0.2324674728525503,126.0,81.53984873311634,100.778018965428,0.6471416566120345,11,0,11.0,71.58163555686153,938.9811357428979,0,0.0,46000.0,116345.32081324437,61096.0,55249.32081324437,26484.278133788794,0.78,,0,,0,F052,Yeola,1,kharif,0.5951453716118442,0.4196235116796657,0.31803336030378265,voice,5965.020190531612
agronomist,soybean,sandy,sprinkler,807139,2.82,1.05,2.3713249264525538,3.1,1.0,0.9563304542679076,0.7998736433084687,656.0,19,6560.0,0.3614824583006942,94.5,83.22369117950291,67.14852219283324,0.8806739807354805,8,0,8.0,62.50674713092525,628.5180045538775,0,0.0,46000.0,109080.94661681747,42164.5,66916.44661681747,18249.29471888831,0.84,,0,,0,F052,Yeola,1,kharif,0.5951453716118442,0.4196235116796657,0.31803336030378265,voice,37633.5169419935
agripilot,soybean,sandy,sprinkler,807139,2.82,1.05,2.400133084200266,3.1,1.0,0.959591046273151,0.8068400406415321,896.0,32,8960.0,0.267871996004494,66.50000000000001,83.72964511135103,54.574331341727536,1.259092407689489,3,13,4.95,71.20623507968668,795.3565362200729,0,0.0,46000.0,110406.12187321225,56722.5,53683.62187321225,13929.235757228138,1.0,0.4186046511627907,129,0.7256813611790173,0,F052,Yeola,1,kharif,0.5951453716118442,0.4196235116796657,0.31803336030378265,voice,18082.916129329926
farmer_practice,onion,sandy,sprinkler,710774,2.82,1.0,23.94197535451754,34.0,0.9464995601481392,0.8814617636800135,0.8440286093624285,1216.0,38,12160.0,1.968912446917561,154.0,87.51861035310601,69.83910380261673,0.5683026646305586,11,0,11.0,0.0,405.56533929202664,2,0.2,10800.0,258573.33382878944,66820.0,191753.33382878944,20271.038684471012,0.78,,0,,0,F052,Yeola,1,rabi,0.5951453716118442,0.4196235116796657,0.31803336030378265,voice,140209.84834866965
agronomist,onion,sandy,sprinkler,710774,2.82,1.0,27.33719624087915,34.0,0.9983703049749231,0.9939586177583153,0.8102426401189333,795.7599999999993,60,7957.599999999993,3.435356921795412,115.5,108.85422060933567,12.431702459297988,0.9424607844964127,9,0,9.0,0.0,84.7762322393239,0,0.14,11610.0,317384.8483566069,54615.339999999975,262769.50835660694,8537.706442673638,0.8200000000000001,,0,,0,F052,Yeola,1,rabi,0.5951453716118442,0.4196235116796657,0.31803336030378265,voice,233869.84347147975
agripilot,onion,sandy,sprinkler,710774,2.82,1.0,19.897134763261253,34.0,0.7169880846813087,0.9660602897498374,0.8448808282626734,628.5032571118055,39,6285.032571118055,3.165796602979532,82.536246942367,103.56315840083123,1.3224715981885924,1.2547597236053971,6,11,7.65,0.0,10.524514661952734,19,0.0,13500.0,268611.3193040269,52882.661903130036,215728.65740089686,5593.0448876739465,0.99,0.524390243902439,164,0.7676813611790173,0,F052,Yeola,1,rabi,0.5951453716118442,0.4196235116796657,0.31803336030378265,voice,195932.23757033012
farmer_practice,tomato,sandy,sprinkler,952868,1.0,1.05,35.8548791085947,55.0,0.9917607901983997,0.7921138879605267,0.8298335916222832,928.0,29,9280.0,3.8636723177364978,210.0,96.23635033461899,98.94498023097847,0.4582683349267571,10,0,10.0,44.00372659937464,735.4614488234085,1,0.19,8910.0,319466.9728575788,56042.0,263424.9728575788,25206.129980970498,0.8,,0,,0,F053,Sinnar,1,kharif,0.21714424879128935,0.6891062765787171,0.4772716943167168,voice,247275.40498507797
agronomist,tomato,sandy,sprinkler,952868,1.0,1.05,29.64736326248478,55.0,0.9981236285037932,0.7774493065461137,0.6946514842019489,860.5866666666666,31,8605.866666666665,3.4450177316038038,157.5,92.44378617571907,69.00144219734351,0.5869446741315496,4,0,4.0,45.31026438140572,682.0517823032567,0,0.0,11000.0,326120.9958873326,47227.44666666666,278893.54922066594,15628.051974954482,0.92,,0,,0,F053,Sinnar,1,kharif,0.21714424879128935,0.6891062765787171,0.4772716943167168,voice,267558.39241845894
agripilot,tomato,sandy,sprinkler,952868,1.0,1.05,44.82864135519197,55.0,0.9754363903295212,0.9650998938823259,0.865808142167557,587.2006160232761,26,5872.0061602327605,7.63429739886632,163.68089033244868,140.9741104868084,33.454957718050515,0.8612740937593812,8,11,9.65,43.99062275416034,483.79789711553525,2,0.0,11000.0,493115.0549071117,55911.5667644324,437203.48814267927,13172.807994036535,0.95,0.6369426751592356,157,0.98,0,F053,Sinnar,1,kharif,0.21714424879128935,0.6891062765787171,0.4772716943167168,voice,431388.6708596464
farmer_practice,grape,sandy,sprinkler,919165,1.0,1.0,17.755878823758255,24.0,1.0,0.860344450724362,0.8599210277934222,1312.0,41,13120.0,1.35334442254255,175.0,94.9018212768022,82.85277879825146,0.5422961215817268,14,0,14.0,0.0,467.6896645594857,0,0.48,23920.0,424720.62146429747,75163.0,349557.62146429747,24713.500183685264,0.72,,0,,0,F053,Sinnar,1,rabi,0.21714424879128935,0.6891062765787171,0.4772716943167168,voice,332225.80618061905
agronomist,grape,sandy,sprinkler,919165,1.0,1.0,17.811135157738963,24.0,1.0,0.991736299231283,0.7483144785037099,796.6133333333333,22,7966.133333333333,2.2358570227804746,131.25,123.21903000674206,15.064784908753122,0.9388116571942252,1,0,1.0,0.0,81.14966455948564,0,0.0,46000.0,819312.2172559923,38981.10333333333,780331.1139226591,3411.661283575562,0.98,,0,,0,F053,Sinnar,1,rabi,0.21714424879128935,0.6891062765787171,0.4772716943167168,voice,775318.9146498638
agripilot,grape,sandy,sprinkler,919165,1.0,1.0,20.280918314562857,24.0,1.0,0.9475894696434366,0.8917767558400166,1071.6452252547022,62,10716.452252547022,1.8925030258724485,104.5387943794349,113.70462707832687,14.053604337375209,1.0876787679951958,4,22,7.3,0.0,278.1675365658899,0,0.0,46000.0,932922.2424698914,80687.56269566348,852234.679774228,7639.648780727537,1.0,0.6790697674418604,215,0.98,0,F053,Sinnar,1,rabi,0.21714424879128935,0.6891062765787171,0.4772716943167168,voice,847749.1069744728
farmer_practice,soybean,loam,drip,706663,0.92,1.05,2.6266091421294053,3.1,1.0,0.9947511942440563,0.8517640155220245,576.0,24,5760.0,0.45600853161968846,126.0,89.18553014131909,84.5994464140845,0.7078216677882467,16,0,16.0,175.95894453477857,630.394986078215,0,0.0,46000.0,120824.02053795265,46398.0,74426.02053795265,28011.530855348217,0.6799999999999999,,0,,0,F054,Chandwad,1,kharif,0.7636866234114701,0.47367006541237794,0.14341909832230745,text,34368.31847610087
agronomist,soybean,loam,drip,706663,0.92,1.05,2.5033572797558294,3.1,1.0,0.9947511942440563,0.8117955635997198,349.6212121212121,12,3496.212121212121,0.7160198503310282,94.5,89.18553014131909,52.32768247968282,0.9437622237176624,9,0,9.0,168.75717625137972,444.05313264700493,0,0.0,46000.0,115154.43486876815,30797.621212121212,84356.81365664693,17237.797432605326,0.8200000000000001,,0,,0,F054,Chandwad,1,kharif,0.7636866234114701,0.47367006541237794,0.14341909832230745,text,60602.6260290681
agripilot,soybean,loam,drip,706663,0.92,1.05,2.6048954765483865,3.1,1.0,0.9947511942440563,0.8447226485023402,346.91323437877674,19,3469.1323437877672,0.7508780923890136,64.41163517375546,89.18553014131909,37.3294771070741,1.3846183209094771,9,9,10.35,170.5359354253782,445.5386102288502,0,0.0,46000.0,119825.19192122578,39242.98738891732,80582.20453230846,15499.129298101741,0.91,0.7169811320754716,159,0.98,2,F054,Chandwad,1,kharif,0.7636866234114701,0.47367006541237794,0.14341909832230745,text,59505.225604319756
farmer_practice,onion,loam,drip,695168,0.92,1.0,26.876544562780254,34.0,0.9464349914400015,0.9930382735686154,0.8410808386167378,600.0,25,6000.0,4.479424093796709,154.0,108.6796725733581,16.20533825550076,0.7057121595672604,17,0,17.0,0.5152408929027921,90.14998932673714,0,0.22400000000000003,10476.0,281558.68083968596,49406.0,232152.68083968596,14821.59805402626,0.6599999999999999,,0,,0,F054,Chandwad,1,rabi,0.7636866234114701,0.47367006541237794,0.14341909832230745,text,194584.2402785772
agronomist,onion,loam,drip,695168,0.92,1.0,26.567582888309996,34.0,1.0,0.9947391969891421,0.7855320259623078,615.3750000000001,32,6153.750000000001,4.31729967715783,115.5,109.00226149794076,9.130540909747262,0.943742523791695,10,0,10.0,0.6096510342611395,78.79146339647163,0,0.17,11205.0,297689.7662635135,42392.25,255297.51626351348,8648.984223062858,0.8,,0,,0,F054,Chandwad,1,rabi,0.7636866234114701,0.47367006541237794,0.14341909832230745,text,216586.97458318516
agripilot,onion,loam,drip,695168,0.92,1.0,22.87152179971862,34.0,0.8519517444800414,0.9672171661157729,0.816351420608894,483.0279714554068,64,4830.279714554068,4.73503050574994,64.40098641189446,103.78256598747419,0.3140471013471037,1.611505844393498,6,12,7.8,0.29161353721186284,4.172631258308928,3,0.0,13500.0,308765.5442962014,45070.579635428774,263694.9646607726,5519.1530000773855,1.0,0.6631016042780749,187,0.9289530839111688,0,F054,Chandwad,1,rabi,0.7636866234114701,0.47367006541237794,0.14341909832230745,text,236448.78794582264
farmer_practice,cotton,sandy_loam,sprinkler,208421,1.35,1.05,1.296915071089178,2.4,1.0,0.8708121746620745,0.6205486043304229,896.0,28,8960.0,0.14474498561263147,154.0,85.49886071177275,76.97087211297227,0.5551874072193036,18,0,18.0,125.37398608858456,568.7763797971315,0,0.0,68000.0,88190.2248340641,63990.0,24200.224834064094,27583.12285513227,0.64,,0,,0,F055,Igatpuri,1,kharif,0.19370052325287831,0.663627031578785,0.2464856734881212,voice,15737.492083146533
agronomist,cotton,sandy_loam,sprinkler,208421,1.35,1.05,1.1097584609899618,2.4,1.0,0.8587583496593597,0.5384510775694182,625.5416666666667,16,6255.416666666668,0.17740760050462318,115.5,83.2127904526372,49.11110945294658,0.720457060195993,13,0,13.0,117.38280694868038,421.94728087571735,0,0.0,68000.0,75463.5753473174,48067.91666666667,27395.658680650726,18996.444964068505,0.74,,0,,0,F055,Igatpuri,1,kharif,0.19370052325287831,0.663627031578785,0.2464856734881212,voice,22094.774147451335
agripilot,cotton,sandy_loam,sprinkler,208421,1.35,1.05,1.441714073180453,2.4,1.0,0.9600070434976089,0.6257393643383392,650.0,27,6500.0,0.22180216510468506,92.14371510395604,102.41512893920171,22.28743558682566,1.1114716703538328,6,19,8.85,119.56591006324344,457.62104935197584,0,0.0,68000.0,98036.5569762708,60492.16773801473,37544.38923825607,11282.83159619781,1.0,0.6090909090909091,220,0.98,0,F055,Igatpuri,1,kharif,0.19370052325287831,0.663627031578785,0.2464856734881212,voice,36672.561191557535
farmer_practice,onion,sandy_loam,sprinkler,941364,1.35,1.0,22.003923313992892,34.0,0.7736959854825497,0.9775981992496783,0.8556387987591393,704.0,22,7040.0,3.125557288919445,154.0,105.75138261631831,15.943392469760362,0.6866972897163527,14,0,14.0,0.0,61.8606893759301,17,0.22400000000000003,10476.0,230513.10063738955,51222.0,179291.10063738955,12669.810644556865,0.72,,0,,0,F055,Igatpuri,1,rabi,0.19370052325287831,0.663627031578785,0.2464856734881212,voice,176021.28908417374
agronomist,onion,sandy_loam,sprinkler,941364,1.35,1.0,26.635478885404172,34.0,0.9998905624752993,0.9947219075757636,0.7876394137793473,792.6999999999995,46,7926.9999999999945,3.36009573425056,115.5,108.99898247126552,11.517552507076392,0.9437141339503509,10,0,10.0,0.0,78.32277746647532,0,0.17,11205.0,298450.5409109538,53901.29999999998,244549.24091095378,9073.15945127375,0.8,,0,,0,F055,Igatpuri,1,rabi,0.19370052325287831,0.663627031578785,0.2464856734881212,voice,242163.0730262205
agripilot,onion,sandy_loam,sprinkler,941364,1.35,1.0,19.39010066439135,34.0,0.8018168237431754,0.935074747979953,0.7606408641241437,633.2434429231172,45,6332.434429231172,3.0620294424028525,69.91950223916933,97.68659013412905,1.3500083400613236,1.397129370286112,2,14,4.1,0.0,12.938227618371709,10,0.0,13500.0,261766.35896928323,49917.94262432189,211848.41634496133,3113.001501211038,1.0,0.47878787878787876,165,0.6874576552346937,0,F055,Igatpuri,1,rabi,0.19370052325287831,0.663627031578785,0.2464856734881212,voice,212467.1054005022
farmer_practice,soybean,sandy,drip,937874,0.96,1.05,2.576087150115827,3.1,0.9728612625024637,0.9911443362043051,0.8618090352402248,432.0,18,4320.0,0.5963164699342193,126.0,88.62584527308182,93.56536661354747,0.7033797243895382,11,0,11.0,147.48403329810185,582.6601786572662,3,0.0,46000.0,118500.00890532805,34572.0,83928.00890532805,25869.12229012146,0.78,,0,,0,F056,Niphad,1,kharif,0.4765000469009743,0.22041326981488962,0.225645950170281,icon,72211.07605500823
agronomist,soybean,sandy,drip,937874,0.96,1.05,2.523910366396146,3.1,0.9976402953786357,0.990810518079682,0.8236593694144252,501.01010101010104,19,5010.101010101011,0.5037643674863276,94.5,88.57404590891618,70.95486600344726,0.937291491099642,9,0,9.0,156.55999398924928,637.6756099717823,0,0.0,46000.0,116099.87685422272,36154.843434343435,79945.03341987928,20480.915826523753,0.8200000000000001,,0,,0,F056,Niphad,1,kharif,0.4765000469009743,0.22041326981488962,0.225645950170281,icon,68228.36749074938
agripilot,soybean,sandy,drip,937874,0.96,1.05,2.6284169341448385,3.1,1.0,0.9947511942440563,0.8523502512742711,349.42736259767383,33,3494.2736259767385,0.7522069578652785,66.50000000000001,89.18553014131909,45.125269957606235,1.341135791598783,7,10,8.5,161.77588704207022,487.01161259726337,0,0.0,46000.0,120907.17897066257,38189.03032832091,82718.14864234166,15528.531575747755,0.96,0.6573033707865169,178,0.98,1,F056,Niphad,1,kharif,0.4765000469009743,0.22041326981488962,0.225645950170281,icon,78672.2485146409
farmer_practice,wheat,sandy,drip,463957,0.96,1.0,4.414968340423201,5.4,0.8441590487660129,0.9901337519047668,0.9781730394231937,432.0,18,4320.0,1.0219834121350002,168.0,117.95870729064141,33.263077646561925,0.7021351624442941,11,0,11.0,5.929523026815106,97.739544730227,17,0.0,23000.0,101544.27182973361,35790.0,65754.27182973361,13740.719683622481,0.78,,0,,0,F056,Niphad,1,rabi,0.4765000469009743,0.22041326981488962,0.225645950170281,icon,58610.10704786559
agronomist,wheat,sandy,drip,463957,0.96,1.0,4.397867155304187,5.4,0.914644132157225,0.9578903134714871,0.9295663901253459,420.94666666666666,15,4209.466666666666,1.0447563797403125,126.0,111.28765106306629,17.930663259447353,0.8832353258973515,0,0,0.0,2.262983512924599,65.39275989204745,6,0.0,23000.0,101150.9445719963,22076.18666666667,79074.75790532964,3247.8862383168453,1.0,,0,,0,F056,Niphad,1,rabi,0.4765000469009743,0.22041326981488962,0.225645950170281,icon,71089.91464270082
agripilot,wheat,sandy,drip,463957,0.96,1.0,5.100266769331515,5.4,1.0,0.9891350769144216,0.9548684180919195,418.00000000000017,44,4180.000000000002,1.220159514194142,104.20303780715494,117.75208487884586,5.448956487976864,1.1300254518180717,6,0,6.0,3.2668482658538314,37.21434540303446,0,0.0,23000.0,117306.13569462486,33093.8880964075,84212.24759821736,5210.21380222852,0.88,0.6770186335403726,161,0.98,0,F056,Niphad,1,rabi,0.4765000469009743,0.22041326981488962,0.225645950170281,icon,79524.18372044819
farmer_practice,soybean,black_cotton,sprinkler,473277,0.45,1.05,2.7147319378540966,3.1,1.0,0.9947511942440563,0.8803407173774969,1088.0,34,10880.0,0.24951580311158975,126.0,89.18553014131909,50.36566569391331,0.7078216677882467,16,0,16.0,435.3489220974428,695.4792256726438,0,0.0,46000.0,124877.66914128844,67846.0,57031.66914128844,24183.960123781377,0.6799999999999999,,0,,0,F057,Sinnar,1,kharif,0.6946876357504727,0.38248153544033126,0.751846302414412,voice,-13127.788200552328
agronomist,soybean,black_cotton,sprinkler,473277,0.45,1.05,2.547630002216088,3.1,0.9996314317988196,0.9946943956507184,0.8265042412153936,466.66666666666663,12,4666.666666666666,0.5459207147605903,94.5,89.17671656649078,14.460037427943533,0.9436689583755639,8,0,8.0,407.9066602241079,256.4998770296349,0,0.0,46000.0,117190.98010194005,34747.166666666664,82443.81343527339,11873.966679046807,0.84,,0,,0,F057,Sinnar,1,kharif,0.6946876357504727,0.38248153544033126,0.751846302414412,voice,52735.64266206855
agripilot,soybean,black_cotton,sprinkler,473277,0.45,1.05,2.625340931933843,3.1,1.0,0.9947511942440563,0.8513527568420131,588.0,21,5880.0,0.4464865530499733,39.872590368568595,89.18553014131909,10.778638153911318,2.2367628818925116,5,12,6.8,414.493715232302,351.10723346291354,0,0.0,46000.0,120765.68286895678,47658.305120688485,73107.37774826829,10430.598304794756,1.0,0.6875,144,0.98,1,F057,Sinnar,1,kharif,0.6946876357504727,0.38248153544033126,0.751846302414412,voice,40327.35886221332
farmer_practice,wheat,black_cotton,sprinkler,439574,0.45,1.0,5.257857908094806,5.4,1.0,0.9947511942440561,0.9788150001949545,1120.0,35,11200.0,0.4694515989370362,168.0,118.91404018842542,31.515866268224066,0.7078216677882465,16,0,16.0,9.667785406354485,436.7634631743658,0,0.0,23000.0,120930.73188618054,70292.0,50638.73188618054,16959.865996937522,0.6799999999999999,,0,,0,F057,Sinnar,1,rabi,0.6946876357504727,0.38248153544033126,0.751846302414412,voice,-15197.473528528246
agronomist,wheat,black_cotton,sprinkler,439574,0.45,1.0,4.997426594486213,5.4,0.9999762666441415,0.9947506373422583,0.9303551052376768,509.3333333333333,13,5093.333333333333,0.9811701428965078,126.0,118.9139249673638,3.172375856004956,0.9437613092647921,1,0,1.0,8.467219028370739,55.02445358320023,0,0.0,23000.0,114940.8116731829,27801.333333333332,87139.47833984958,1347.2326253362287,0.98,,0,,0,F057,Sinnar,1,rabi,0.6946876357504727,0.38248153544033126,0.751846302414412,voice,61065.15041446026
agripilot,wheat,black_cotton,sprinkler,439574,0.45,1.0,5.106126619846128,5.4,1.0,0.979959600406282,0.9649163121450931,748.0,28,7480.0,0.6826372486425305,69.71024182550138,115.85371042888593,3.62232517728042,1.6619324133014892,8,0,8.0,8.706009509373155,154.76064816503506,0,0.0,23000.0,117440.91225646094,47893.59701293954,69547.3152435214,6330.372617494834,0.84,0.5583333333333333,120,0.98,0,F057,Sinnar,1,rabi,0.6946876357504727,0.38248153544033126,0.751846302414412,voice,29784.232720112836
farmer_practice,soybean,black_cotton,drip,924332,1.49,1.05,2.639163205324457,3.1,1.0,0.9947511942440563,0.8558350815617419,480.0,20,4800.0,0.5498256677759286,126.0,89.18553014131909,30.579638644792446,0.7078216677882467,13,0,13.0,551.4705498699083,359.2611126356924,0,0.0,46000.0,121401.50744492502,38964.0,82437.50744492502,19567.569904891818,0.74,,0,,0,F058,Niphad,1,kharif,0.5551802888365084,0.5181094931611406,0.3519387958503348,voice,60788.22201275475
agronomist,soybean,black_cotton,drip,924332,1.49,1.05,2.484313742580544,3.1,1.0,0.9947511942440563,0.8056200731417015,352.22222222222223,12,3522.222222222222,0.705325668240533,94.5,89.18553014131909,13.645940801735273,0.9437622237176624,9,0,9.0,542.8836370444683,247.48331659597986,0,0.0,46000.0,114278.43215870502,30886.055555555555,83392.37660314946,13642.222077712564,0.8200000000000001,,0,,0,F058,Niphad,1,kharif,0.5551802888365084,0.5181094931611406,0.3519387958503348,voice,68325.52139130827
agripilot,soybean,black_cotton,drip,924332,1.49,1.05,2.5865629099114624,3.1,1.0,0.9947511942440563,0.8387777135201859,378.0,18,3780.0,0.6842759020929795,41.593809804092054,89.18553014131909,8.066134131462345,2.1442019993211803,7,10,8.5,551.8998477112893,265.0181007371012,0,0.0,46000.0,118981.89385592726,37148.22048431867,81833.6733716086,12369.002773064825,0.96,0.5897435897435898,156,0.98,0,F058,Niphad,1,kharif,0.5551802888365084,0.5181094931611406,0.3519387958503348,voice,67552.2152796115
farmer_practice,onion,black_cotton,drip,890629,1.49,1.0,22.70508663615952,34.0,0.7840754705257688,0.984237566684057,0.8653393273749191,528.0,22,5280.0,4.30020580230294,154.0,107.01057299180394,4.695306340157121,0.6948738505961295,14,0,14.0,12.429348816337603,71.79510683629188,21,0.22400000000000003,10476.0,237858.48760040716,42818.0,195040.48760040716,10757.019280575321,0.72,,0,,0,F058,Niphad,1,rabi,0.5551802888365084,0.5181094931611406,0.3519387958503348,voice,176053.19358139933
agronomist,onion,black_cotton,drip,890629,1.49,1.0,27.26637463328763,34.0,0.999072299797047,0.9945723166453049,0.807077417800514,607.5999999999999,30,6075.999999999999,4.487553428783349,115.5,108.97061177755782,3.194058141352632,0.9434685002385959,9,0,9.0,14.61213142269798,68.30272120315492,0,0.14,11610.0,316562.6094924694,40717.899999999994,275844.70949246944,7006.439648247755,0.8200000000000001,,0,,0,F058,Niphad,1,rabi,0.5551802888365084,0.5181094931611406,0.3519387958503348,voice,254552.67698524584
agripilot,onion,black_cotton,drip,890629,1.49,1.0,27.99908989941115,34.0,0.978931850008397,0.9924345924293485,0.847638443912237,532.5939588972611,72,5325.939588972611,5.257117440344879,57.05798046421944,108.56518132280748,0.5884185965313838,1.9027168581770564,7,11,8.65,12.007466587830796,21.27719064723173,0,0.0,13500.0,377987.7136420505,46872.87603596924,331114.8376060813,6268.982546666126,0.97,0.6855670103092784,194,0.98,0,F058,Niphad,1,rabi,0.5551802888365084,0.5181094931611406,0.3519387958503348,voice,314818.68713067856
farmer_practice,soybean,loam,sprinkler,358535,0.79,1.05,2.668930136075398,3.1,1.0,0.9947511942440563,0.8654879834950813,544.0,17,5440.0,0.4906121573668011,126.0,89.18553014131909,78.97726010390633,0.7078216677882467,13,0,13.0,237.93856555733876,453.44011667250385,0,0.0,46000.0,122770.78625946831,42920.0,79850.78625946831,25457.353908719186,0.74,,0,,0,F059,Sinnar,1,kharif,0.26690093470139037,0.41332232394708046,0.4667025569613542,voice,69420.87232192933
agronomist,soybean,loam,sprinkler,358535,0.79,1.05,2.5129606007772507,3.1,1.0,0.9947511942440563,0.8149097548755949,459.54545454545456,12,4595.454545454546,0.5468361346894116,94.5,89.18553014131909,50.52512958371072,0.9437622237176624,9,0,9.0,241.71456386894525,386.32320926998835,0,0.0,46000.0,115596.18763575354,35855.045454545456,79741.14218120808,17569.954399888436,0.8200000000000001,,0,,0,F059,Sinnar,1,kharif,0.26690093470139037,0.41332232394708046,0.4667025569613542,voice,72975.75336111768
agripilot,soybean,loam,sprinkler,358535,0.79,1.05,2.6047404339911213,3.1,1.0,0.9947511942440563,0.8446723708766993,404.0,17,4040.0,0.6447377311859211,61.13772882618772,89.18553014131909,28.219407720863657,1.4587642009874169,7,11,8.65,235.1910320826826,351.18765014716007,0,0.0,46000.0,119818.05996359159,42598.994135959445,77219.06582763215,13251.212678499602,0.97,0.6410256410256411,156,0.98,4,F059,Sinnar,1,kharif,0.26690093470139037,0.41332232394708046,0.4667025569613542,voice,75396.02655898938
farmer_practice,onion,loam,sprinkler,324832,0.79,1.0,22.21709447350254,34.0,0.7834196716794213,0.9651047775596691,0.8642500368454488,608.0,19,6080.0,3.6541273805102863,154.0,103.38194057166139,22.753920780059666,0.6713113024133857,14,0,14.0,8.296798003630254,126.03335351214427,18,0.22400000000000003,10476.0,232746.28170441263,47538.0,185208.28170441263,13970.376922443413,0.72,,0,,0,F059,Sinnar,1,rabi,0.26690093470139037,0.41332232394708046,0.4667025569613542,voice,181354.6707128372
agronomist,onion,loam,sprinkler,324832,0.79,1.0,27.257210213639432,34.0,1.0,0.9947391969891421,0.8059224526075319,726.7,32,7267.0,3.7508201752634416,115.5,109.00226149794076,18.004673329728668,0.943742523791695,9,0,9.0,12.335873558986691,146.4044632832818,0,0.14,11610.0,316456.2105803538,48347.3,268108.9105803538,9651.86406138204,0.8200000000000001,,0,,0,F059,Sinnar,1,rabi,0.26690093470139037,0.41332232394708046,0.4667025569613542,voice,265118.42799241404
agripilot,onion,loam,sprinkler,324832,0.79,1.0,27.6624657715067,34.0,0.9780881545897137,0.9715025438765383,0.8562291932592004,613.933583074857,49,6139.33583074857,4.5057749786158565,68.77183427857123,104.59531004555036,5.120626188579929,1.5209033050052214,7,11,8.65,10.906437488881771,80.93879908333113,0,0.0,13500.0,373443.28791534045,55158.1250186237,318285.16289671673,7074.870651344323,0.97,0.7379310344827587,145,0.98,0,F059,Sinnar,1,rabi,0.26690093470139037,0.41332232394708046,0.4667025569613542,voice,320127.5044001571
farmer_practice,cotton,sandy_loam,flood,728673,1.97,1.05,1.1428792364988227,2.4,1.0,0.8577915336382123,0.5551461668720019,2227.5,33,22275.0,0.051307709831596986,154.0,83.02942879345406,87.80587954107875,0.539152135022429,17,0,17.0,112.08329760347488,1000.9030985508447,0,0.0,68000.0,77715.78808191995,112571.0,-34855.21191808005,28713.807995825453,0.6599999999999999,,0,,0,F060,Niphad,1,kharif,0.5285033085645036,0.8891373175201338,0.647567618218542,text,-140664.38817742153
agronomist,cotton,sandy_loam,flood,728673,1.97,1.05,1.0530852192900102,2.4,1.0,0.8775710160750085,0.5,1137.5,16,11375.0,0.09257892037714376,115.5,86.78070994526024,46.03566129730592,0.7513481380542012,12,0,12.0,105.90582890660804,427.0288745062369,0,0.0,68000.0,71609.79491172069,66044.5,5565.294911720688,17639.571493674535,0.76,,0,,0,F060,Niphad,1,kharif,0.5285033085645036,0.8891373175201338,0.647567618218542,text,-50125.31714187313
agripilot,cotton,sandy_loam,flood,728673,1.97,1.05,1.3092542020714655,2.4,1.0,0.924519848119711,0.5900604354854341,1260.0,24,12600.0,0.10390906365646552,82.47168216585094,95.68479878132453,22.09533008848626,1.1602139821630164,6,19,8.85,106.57958995446458,472.26235496168425,0,0.0,68000.0,89029.28574085965,83831.67878280967,5197.606958049975,11131.375725517708,1.0,0.7017543859649122,171,0.98,1,F060,Niphad,1,kharif,0.5285033085645036,0.8891373175201338,0.647567618218542,text,-50068.78873503629
farmer_practice,onion,sandy_loam,flood,789240,1.97,1.0,26.430568415617905,34.0,0.9494786022724934,0.9608912784385293,0.8520560270925366,1687.5,25,16875.0,1.5662559061106907,154.0,102.58282866937625,72.52193399127543,0.6661222640868588,12,0,12.0,0.08825580459337604,519.2419611300651,0,0.22400000000000003,10476.0,276886.6347220132,85381.0,191505.6347220132,21454.742420670922,0.76,,0,,0,F060,Niphad,1,rabi,0.5285033085645036,0.8891373175201338,0.647567618218542,text,111560.98229260552
agronomist,onion,sandy_loam,flood,789240,1.97,1.0,25.056636159193236,34.0,1.0,0.9095786919079007,0.8102211425921528,1505.0,43,15050.0,1.6648927680527068,115.5,92.85113122391223,37.90490445203673,0.8039058980425302,10,0,10.0,1.146855546727925,397.7517993956116,0,0.17,11205.0,280759.6081637602,82859.5,197900.10816376022,13833.204501287162,0.8,,0,,0,F060,Niphad,1,rabi,0.5285033085645036,0.8891373175201338,0.647567618218542,text,130649.35205354549
agripilot,onion,sandy_loam,flood,789240,1.97,1.0,22.408154468717925,34.0,0.8549900169114422,0.9269623671722027,0.831579980819996,1030.1320842343316,23,10301.320842343317,2.175270027180376,82.97145827118905,96.1480351533488,13.05916906890005,1.1588085488276294,6,11,7.65,0.016502625400617338,180.21646199626304,5,0.0,13500.0,302510.085327692,67670.66315383176,234839.42217386022,7705.798956030615,0.99,0.5641025641025641,117,0.8985504894288314,0,F060,Niphad,1,rabi,0.5285033085645036,0.8891373175201338,0.647567618218542,text,190589.26180063238
farmer_practice,tomato,sandy_loam,sprinkler,929141,0.54,0.78,46.84309218494944,55.0,0.9958088458585747,0.9593560235812402,0.89151176692327,768.0,24,7680.0,6.099360961581959,210.0,139.4886267882518,63.10192459313894,0.6642315561345323,12,0,12.0,25.307922848799144,332.94708524687667,1,0.25,8250.0,386455.5105258329,52602.0,333853.5105258329,19986.1177324042,0.76,,0,,0,F001,Igatpuri,2,kharif,0.4613671721408448,0.35308452742598323,0.7140229789741377,voice,308695.9392367722
agronomist,tomato,sandy_loam,sprinkler,929141,0.54,0.78,39.770030380486,55.0,0.999452000316847,0.9066893371975004,0.7979446795497374,807.9466666666667,25,8079.466666666667,4.922358371074741,157.5,125.86793203383635,37.736623891128474,0.799161473230707,5,0,5.0,20.67422558069142,375.80363294032804,0,0.0,11000.0,437470.334185346,45947.68666666667,391522.6475186793,10478.660330629347,0.9,,0,,0,F001,Igatpuri,2,kharif,0.4613671721408448,0.35308452742598323,0.7140229789741377,voice,370306.1307274924
agripilot,tomato,sandy_loam,sprinkler,929141,0.54,0.78,48.167873037512685,55.0,0.9985862176365978,0.9947343504192114,0.8816619472303203,473.37825720223464,30,4733.782572022346,10.175345467321414,133.10649046283845,148.63819407393402,10.33695834286353,1.1166862979940997,5,13,6.95,20.96875173805873,139.94973346861698,0,0.0,11000.0,529846.6034126396,48084.9489682983,481761.6544443413,6914.371267357964,1.0,0.6625766871165644,163,0.98,2,F001,Igatpuri,2,kharif,0.4613671721408448,0.35308452742598323,0.7140229789741377,voice,474905.41755190096
farmer_practice,onion,sandy_loam,sprinkler,472690,0.54,1.0,26.368929784682212,34.0,0.9330779655207843,0.9887352726021859,0.8406507897719961,800.0,25,8000.0,3.2961162230852765,154.0,107.86358618317321,29.881165304635978,0.7004128972933326,12,0,12.0,0.3500895982407639,126.10267088891247,0,0.22400000000000003,10476.0,276240.9084243309,52206.0,224034.90842433088,13781.760561218643,0.76,,0,,0,F001,Igatpuri,2,rabi,0.4613671721408448,0.35308452742598323,0.7140229789741377,voice,202402.30759748697
agronomist,onion,sandy_loam,sprinkler,472690,0.54,1.0,26.904794475060566,34.0,0.9998473784796571,0.9946712881515838,0.7956782150052291,763.3299999999996,44,7633.299999999996,3.5246609559509756,115.5,108.9893822356452,9.897387924835941,0.9436310150272311,9,0,9.0,0.342478869889581,72.11212331975328,0,0.14,11610.0,312364.6638554532,51272.71999999999,261091.94385545322,8084.612136299476,0.8200000000000001,,0,,0,F001,Igatpuri,2,rabi,0.4613671721408448,0.35308452742598323,0.7140229789741377,voice,244709.98776317216
agripilot,onion,sandy_loam,sprinkler,472690,0.54,1.0,24.54822443927644,34.0,0.9304148908073069,0.932334210440473,0.8323249159601487,666.2339700500488,54,6662.339700500488,3.6846251531473735,68.06828626661321,97.16683301457249,0.51894799461708,1.4274905149511867,5,13,6.95,0.09134296715465172,6.465469723460528,5,0.0,13500.0,331401.0299302319,55995.93528343344,275405.09464679845,4959.232725735466,1.0,0.6597222222222222,144,0.98,0,F001,Igatpuri,2,rabi,0.4613671721408448,0.35308452742598323,0.7140229789741377,voice,265967.79594864545
farmer_practice,soybean,black_cotton,drip,803475,1.9,0.78,2.662778729985397,3.1,1.0,0.9947511942440563,0.8634931886593036,672.0,28,6720.0,0.39624683481925543,126.0,89.18553014131909,21.34049351967414,0.7078216677882467,16,0,16.0,210.81228900573498,256.8087396400004,0,0.0,46000.0,122487.82157932826,49782.0,72705.82157932826,16938.599434592958,0.6799999999999999,,0,,0,F002,Chandwad,2,kharif,0.20773058449336504,0.7811275872955491,0.40380063920177023,voice,62456.66359388664
agronomist,soybean,black_cotton,drip,803475,1.9,0.78,2.499605427020524,3.1,1.0,0.9947511942440563,0.8105789025060636,382.22222222222223,13,3822.222222222222,0.6539665361390906,94.5,89.18553014131909,5.249124146462706,0.9437622237176624,9,0,9.0,177.09177219236875,91.06357334172262,0,0.0,46000.0,114981.84964294411,31936.055555555555,83045.79408738855,8838.668296094605,0.8200000000000001,,0,,0,F002,Chandwad,2,kharif,0.20773058449336504,0.7811275872955491,0.40380063920177023,voice,77965.35158863047
agripilot,soybean,black_cotton,drip,803475,1.9,0.78,2.5186118685288403,3.1,0.9850531657155671,0.9936927855151025,0.8300184457489207,423.6666666666667,23,4236.666666666667,0.5944795913128654,39.77503571932256,89.02129430406764,4.002765175506738,2.238119782776749,5,12,6.8,177.2935799471682,133.90374136765766,0,0.0,46000.0,115856.14595232665,38738.142702527024,77118.00324979963,7076.139951115727,1.0,0.6481481481481481,162,0.98,1,F002,Chandwad,2,kharif,0.20773058449336504,0.7811275872955491,0.40380063920177023,voice,73157.61341149158
farmer_practice,grape,black_cotton,drip,230228,1.9,1.0,21.508493453477033,24.0,1.0,0.9946928631048064,0.900968791945361,984.0,41,9840.0,2.1858225054346576,175.0,123.85622049672551,32.39358914412498,0.70774983140986,24,0,24.0,25.35883477447585,378.2554758938906,0,0.48,23920.0,514483.1634071706,73001.0,441482.1634071706,22859.07555891278,0.52,,0,,0,F002,Chandwad,2,rabi,0.20773058449336504,0.7811275872955491,0.40380063920177023,voice,427443.67880290444
agronomist,grape,black_cotton,drip,230228,1.9,1.0,18.62636992455293,24.0,0.994747280032907,0.9942188835834915,0.7847335386483419,658.0,22,6580.0,2.8307553076828156,131.25,123.75406973782145,6.732574933348634,0.9428881503834016,2,0,2.0,23.81443219168942,105.4718840814743,0,0.0,46000.0,856813.0165294347,33198.25,823614.7665294347,2826.1933777279587,0.96,,0,,0,F002,Chandwad,2,rabi,0.20773058449336504,0.7811275872955491,0.40380063920177023,voice,818834.520192722
agripilot,grape,black_cotton,drip,230228,1.9,1.0,20.94070270956712,24.0,0.9641143965782819,0.9941307284716219,0.9103490504719592,667.3333333333331,39,6673.333333333331,3.1379674389960726,62.72765780363068,123.7350707912978,4.850725522818651,1.9725759756350414,6,21,9.15,24.6076113213298,168.76402155575707,0,0.0,46000.0,963272.3246400876,59538.43540963862,903733.889230449,7499.599095999325,1.0,0.591304347826087,230,0.98,0,F002,Chandwad,2,rabi,0.20773058449336504,0.7811275872955491,0.40380063920177023,voice,899148.4771813373
farmer_practice,tomato,sandy,flood,622094,2.57,0.78,34.880632200884946,55.0,0.9980469277199522,0.7296813482365525,0.8708381590364287,2430.0,36,24300.0,1.4354169629993805,210.0,80.09000385428082,116.14293522199382,0.3813809707346706,16,0,16.0,19.758626246060295,1142.1905526600497,0,0.256,8184.0,285463.0939320424,120510.0,164953.09393204242,32283.555976173433,0.6799999999999999,,0,,0,F003,Sinnar,2,kharif,0.634256430266418,0.6427538023321879,0.33474546335422406,voice,36081.88895883854
agronomist,tomato,sandy,flood,622094,2.57,0.78,31.517375237935532,55.0,0.996861235966834,0.8184354392352962,0.702373662275519,1363.7090909090916,32,13637.090909090915,2.3111509227327254,157.5,103.04364807809385,51.317265247871845,0.6542453846228181,4,0,4.0,14.886373683330088,562.1451509316738,0,0.0,11000.0,346691.1276172908,68313.60909090911,278377.5185263817,12171.085107766903,0.92,,0,,0,F003,Sinnar,2,kharif,0.634256430266418,0.6427538023321879,0.33474546335422406,voice,208749.17442900172
agripilot,tomato,sandy,flood,622094,2.57,0.78,46.28789416246456,55.0,0.9881009135362231,0.9812352168391882,0.8680211479526856,1287.499536811586,27,12874.99536811586,3.5951775390221656,164.3374455505083,145.14703883772108,35.009752268409194,0.8832255993239888,7,11,8.65,23.013905556709688,512.8830221089335,1,0.0,11000.0,509166.83578711015,81650.77017255867,427516.0656145515,12563.880558324043,0.97,0.594059405940594,101,0.98,1,F003,Sinnar,2,kharif,0.634256430266418,0.6427538023321879,0.33474546335422406,voice,364070.41371987533
farmer_practice,onion,sandy,flood,895819,2.57,1.0,21.783872528208764,34.0,0.9742037857682565,0.7490012757979296,0.8780592039392312,2565.0,38,25650.0,0.8492737827761702,154.0,62.39679368581424,95.1038106979025,0.4051739849728197,17,0,17.0,8.76134485110093,992.19441928913,1,0.22400000000000003,10476.0,228207.84860551503,125346.0,102861.84860551503,29097.538029282357,0.6599999999999999,,0,,0,F003,Sinnar,2,rabi,0.634256430266418,0.6427538023321879,0.33474546335422406,voice,-31303.940561977328
agronomist,onion,sandy,flood,895819,2.57,1.0,21.391447183594874,34.0,0.9965022173191205,0.8083915383243834,0.7810183203429653,1925.0,55,19250.0,1.111244009537396,115.5,73.66046416496928,53.58396496797821,0.6377529364932405,8,0,8.0,8.76134485110093,637.0502380906438,0,0.0,13500.0,288784.5369785308,97559.5,191225.0369785308,15323.965797895986,0.84,,0,,0,F003,Sinnar,2,rabi,0.634256430266418,0.6427538023321879,0.33474546335422406,voice,93926.47037418633
agripilot,onion,sandy,flood,895819,2.57,1.0,17.77865405805441,34.0,0.6849603636507006,0.8917380365140888,0.8560856744134371,1161.1706753427798,23,11611.706753427798,1.531097403300003,93.90806590321581,89.46755864922376,20.84121290897518,0.9527143146727294,7,11,8.65,3.9409272224164544,290.24931751633727,37,0.0,13500.0,240011.82978373455,73613.13687284777,166398.69291088678,9841.88666861728,0.97,0.6403508771929824,114,0.7591570362657566,0,F003,Sinnar,2,rabi,0.634256430266418,0.6427538023321879,0.33474546335422406,voice,109821.2250091243
farmer_practice,cotton,black_cotton,flood,660691,0.95,0.78,1.4387369634873077,2.4,1.0,0.9946994645041334,0.6026681989672341,3307.5,49,33075.0,0.043499227921007036,154.0,108.99472602664602,75.1078746009156,0.7077579612119872,17,0,17.0,207.30502385519236,1360.4254414150364,0,0.0,68000.0,97834.11351713692,153451.0,-55616.886482863076,27285.16264286154,0.6599999999999999,,0,,0,F004,Chandwad,2,kharif,0.09827290014336414,0.7759884449855182,0.5243314146704945,voice,-69027.44346404733
agronomist,cotton,black_cotton,flood,660691,0.95,0.78,1.2223843370116976,2.4,1.0,0.9946994645041334,0.512040898043623,1180.0,16,11800.0,0.10359189296709302,115.5,108.99472602664602,12.72628213133148,0.9436772816159829,12,0,12.0,195.1574595708238,231.02336481193944,0,0.0,68000.0,83122.13491679543,67489.5,15632.634916795432,12447.14791977708,0.76,,0,,0,F004,Chandwad,2,kharif,0.09827290014336414,0.7759884449855182,0.5243314146704945,voice,10516.89533668523
agripilot,cotton,black_cotton,flood,660691,0.95,0.78,1.3790516195460742,2.4,1.0,0.9946994645041334,0.5776667847750141,1365.0,26,13650.0,0.10102942267736809,48.32494682776908,108.99472602664602,7.080437118749798,2.2554546498541437,5,18,7.699999999999999,201.66497484879525,297.69049042143325,0,0.0,68000.0,93775.51012913305,83481.4234580053,10294.086671127749,8479.46345501412,1.0,0.6807228915662651,166,0.98,1,F004,Chandwad,2,kharif,0.09827290014336414,0.7759884449855182,0.5243314146704945,voice,8447.680148402396
farmer_practice,wheat,black_cotton,flood,162431,0.95,1.0,5.261130368519565,5.4,1.0,0.9947511942440561,0.979424209003425,2362.5,35,23625.0,0.22269334893204507,168.0,118.91404018842542,51.508557193859495,0.7078216677882465,12,0,12.0,0.607841791102736,857.6037352406897,0,0.0,23000.0,121005.99847595,111337.0,9668.998475949993,17677.010871014634,0.76,,0,,0,F004,Chandwad,2,rabi,0.09827290014336414,0.7759884449855182,0.5243314146704945,voice,1343.9439611923772
agronomist,wheat,black_cotton,flood,162431,0.95,1.0,4.983338247960195,5.4,1.0,0.9947511942440561,0.9277097847469502,851.28,12,8512.8,0.5853935541725631,126.0,118.91404018842542,4.347678282772429,0.943762223717662,0,0,0.0,0.3808613292403985,74.95063694959153,0,0.0,23000.0,114616.7797030845,39377.520000000004,75239.25970308449,786.0098428622008,1.0,,0,,0,F004,Chandwad,2,rabi,0.09827290014336414,0.7759884449855182,0.5243314146704945,voice,75490.85804493084
agripilot,wheat,black_cotton,flood,162431,0.95,1.0,5.109415796855494,5.4,1.0,0.9906886055572308,0.9550812487609004,958.3333333333334,19,9583.333333333334,0.5331564309762254,69.99058699507563,118.07350459804775,3.75605518125649,1.6869912036364991,7,0,7.0,0.4994794501011638,146.88867056634743,0,0.0,23000.0,117516.56332767635,53763.06035619053,63753.502971485825,5580.585247677079,0.86,0.7032967032967034,91,0.98,0,F004,Chandwad,2,rabi,0.09827290014336414,0.7759884449855182,0.5243314146704945,voice,62190.53580962858
farmer_practice,tomato,loam,drip,267102,0.68,0.78,47.63954946115019,55.0,0.9971219794858303,0.9939555329629264,0.8739562872284117,504.0,21,5040.0,9.452291559752021,210.0,148.43677576627408,47.815819438994495,0.70684178936321,11,0,11.0,71.72708458811847,219.3624215592806,0,0.22,8580.0,408747.3343766686,39546.0,369201.3343766686,16952.391260312077,0.78,,0,,0,F005,Yeola,2,kharif,0.7699065618162414,0.15109678207217636,0.39927632583698547,icon,337483.5129183945
agronomist,tomato,loam,drip,267102,0.68,0.78,38.80869010468357,55.0,0.9974035025411401,0.9351699979025287,0.7564928725394436,497.33333333333337,18,4973.333333333334,7.803355919172299,157.5,133.2336201472057,25.96240969773808,0.8459277469663854,4,0,4.0,69.31896978488426,220.41686534113313,0,0.0,11000.0,426895.5911515193,31076.833333333336,395818.75781818596,8097.104473656813,0.92,,0,,0,F005,Yeola,2,kharif,0.7699065618162414,0.15109678207217636,0.39927632583698547,icon,365708.938498752
agripilot,tomato,loam,drip,267102,0.68,0.78,38.25279118351146,55.0,0.8371922623385025,0.9644695589225261,0.8613639858478731,354.12207836888086,21,3541.2207836888088,10.802148050103899,116.43366418027763,140.81109282479122,7.500230909196266,1.2093675297100441,4,14,6.1,60.36402330899454,152.76362234680943,9,0.0,11000.0,420780.7030186261,40666.726925769995,380113.9760928561,6163.317773436279,1.0,0.580110497237569,181,0.8081572096984635,0,F005,Yeola,2,kharif,0.7699065618162414,0.15109678207217636,0.39927632583698547,icon,365561.7437027731
farmer_practice,onion,loam,drip,233399,0.68,1.0,21.09242270023487,34.0,0.7476331542100636,0.9708831536663134,0.8546573492407342,528.0,22,5280.0,3.9947770265596345,154.0,104.47783948843876,21.038468833454893,0.6784275291457063,11,0,11.0,5.807689947631943,105.81168561312413,26,0.2,10800.0,227798.1651625366,38768.0,189030.1651625366,11539.193599550568,0.78,,0,,0,F005,Yeola,2,rabi,0.7699065618162414,0.15109678207217636,0.39927632583698547,icon,157829.59382825415
agronomist,onion,loam,drip,233399,0.68,1.0,27.184115806604552,34.0,0.9989999844593831,0.9947015206999494,0.8045963002843779,589.8750000000001,30,5898.750000000001,4.6084536226496375,115.5,108.99511599481801,10.78217974228754,0.9436806579637923,8,0,8.0,6.445307867860409,92.08669020474339,0,0.0,13500.0,366985.5633891614,38765.25,328220.3133891614,7598.800124422501,0.84,,0,,0,F005,Yeola,2,rabi,0.7699065618162414,0.15109678207217636,0.39927632583698547,icon,294217.01084834564
agripilot,onion,loam,drip,233399,0.68,1.0,21.50443956202861,34.0,0.8123181904384675,0.9407007163147152,0.827697337719931,486.2955606773498,51,4862.9556067734975,4.422092509352868,65.40207313778691,98.7535841286529,3.6471854642864283,1.5099457768043856,3,14,5.1,5.70885393409448,50.66863137070513,7,0.0,13500.0,290309.93408738624,42330.70918402571,247979.22490336053,4277.873068978407,1.0,0.5228426395939086,197,0.7661572096984633,0,F005,Yeola,2,rabi,0.7699065618162414,0.15109678207217636,0.39927632583698547,icon,224881.31807391666
farmer_practice,soybean,sandy,drip,837647,4.0,0.78,2.5604640285814084,3.1,0.9761889265975489,0.9865080111959672,0.857674487594129,480.0,20,4800.0,0.5334300059544601,126.0,87.90641553040871,80.83570198688675,0.6976699645270532,11,0,11.0,55.0304396450325,403.4413957901647,3,0.0,46000.0,117781.34531474479,36264.0,81517.34531474479,22745.700314444908,0.78,,0,,0,F006,Dindori,2,kharif,0.702438580207078,0.05,0.4543512202100458,text,53393.13629683998
agronomist,soybean,sandy,drip,837647,4.0,0.78,2.5002524661220202,3.1,0.9950703847985399,0.9932122705111532,0.816067896054764,501.01010101010104,19,5010.101010101011,0.49904232690741934,94.5,88.94673163104103,64.59385642908639,0.9412352553549316,8,0,8.0,56.87903992413876,434.5575415396184,0,0.0,46000.0,115011.61344161294,34804.843434343435,80206.7700072695,17738.805516552795,0.84,,0,,0,F006,Dindori,2,kharif,0.702438580207078,0.05,0.4543512202100458,text,52767.69977223706
agripilot,soybean,sandy,drip,837647,4.0,0.78,2.52706536701073,3.1,0.9916585594722017,0.9920332195171147,0.8286409696672504,387.44653085783773,24,3874.4653085783775,0.6522358998583894,66.50000000000001,88.76377544231092,38.82972556642782,1.334793615673848,4,13,5.95,51.607785853600824,331.64699098090813,0,0.0,46000.0,116245.00688249359,38161.682049166484,78083.3248333271,11618.820674639415,1.0,0.5621301775147929,169,0.7311258841075041,0,F006,Dindori,2,kharif,0.702438580207078,0.05,0.4543512202100458,text,62797.08090653374
farmer_practice,grape,sandy,drip,803944,4.0,1.0,19.55014055553093,24.0,0.9367177066623905,0.9929916691141931,0.875758392174691,720.0,30,7200.0,2.715297299379296,175.0,123.48958386081748,48.553333373308305,0.705654764918957,16,0,16.0,0.29712167412669743,135.9713492562926,9,0.48,23920.0,467639.3620882999,52895.0,414744.3620882999,19942.274102262636,0.6799999999999999,,0,,0,F006,Dindori,2,rabi,0.702438580207078,0.05,0.4543512202100458,text,379517.6697133562
agronomist,grape,sandy,drip,803944,4.0,1.0,18.075416150488586,24.0,0.9913173161936085,0.9920167257118035,0.7658529263303955,640.3333333333334,23,6403.333333333334,2.8228135581189875,131.25,123.27946674823352,12.61814510866854,0.9392721276055886,1,0,1.0,0.5611954090396064,37.67644691187901,0,0.0,46000.0,831469.1429224749,31277.583333333336,800191.5595891415,2976.3168782416933,0.98,,0,,0,F006,Dindori,2,rabi,0.702438580207078,0.05,0.4543512202100458,text,770037.1923470135
agripilot,grape,sandy,drip,803944,4.0,1.0,20.664924256974313,24.0,0.9917227339186439,0.9591509629812545,0.9052016563548971,650.1814219309479,60,6501.814219309479,3.178332010103023,99.53079439665082,116.19632822871864,6.941885372530282,1.1674409807848234,6,21,9.15,0.06159182153587564,55.99540384681842,0,0.0,46000.0,950586.5158208184,60412.5613831551,890173.9544376633,7655.093693449274,1.0,0.6037735849056604,265,0.98,0,F006,Dindori,2,rabi,0.702438580207078,0.05,0.4543512202100458,text,869321.1747941138
farmer_practice,soybean,sandy,sprinkler,799830,1.15,0.78,2.676963758263364,3.1,1.0,0.9947511942440563,0.8680931485286809,1120.0,35,11200.0,0.23901462127351464,126.0,89.18553014131909,99.67281024560955,0.7078216677882467,12,0,12.0,22.15238091237661,707.7140612966093,0,0.0,46000.0,123140.33288011474,63674.0,59466.33288011474,26540.47727242111,0.76,,0,,0,F007,Sinnar,2,kharif,0.6956183690913526,0.42328418443420873,0.614488818410937,voice,-14000.806649445283
agronomist,soybean,sandy,sprinkler,799830,1.15,0.78,2.553382696546085,3.1,1.0,0.9947511942440563,0.8280179429404416,661.0909090909091,19,6610.909090909091,0.38623775662825816,94.5,89.18553014131909,61.66514646016144,0.9437622237176624,9,0,9.0,14.211460393629736,371.4731636335382,0,0.0,46000.0,117455.6040411199,43687.59090909091,73768.013132029,17527.629506371726,0.8200000000000001,,0,,0,F007,Sinnar,2,kharif,0.6956183690913526,0.42328418443420873,0.614488818410937,voice,30735.530215790954
agripilot,soybean,sandy,sprinkler,799830,1.15,0.78,2.5970214634928332,3.1,1.0,0.9947511942440563,0.8421692419558933,628.0809754916049,41,6280.809754916049,0.4134851340561812,66.50000000000001,89.18553014131909,40.29470485802918,1.341135791598783,5,12,6.8,20.668063432542436,340.2591103951472,0,0.0,46000.0,119462.98732067033,51753.25316671457,67709.73415395577,12199.059445338135,1.0,0.6896551724137931,145,0.98,0,F007,Sinnar,2,kharif,0.6956183690913526,0.42328418443420873,0.614488818410937,voice,32479.389492257767
farmer_practice,wheat,sandy,sprinkler,233873,1.15,1.0,4.437650598639466,5.4,1.0,0.8456537965601647,0.9717772819550402,1120.0,35,11200.0,0.3962188034499523,168.0,88.06630273658583,79.57697941223921,0.524204182955868,12,0,12.0,5.609924800113731,507.28860200093794,0,0.0,23000.0,102065.9637687077,64892.0,37173.963768707705,22774.345617404084,0.76,,0,,0,F007,Sinnar,2,rabi,0.6956183690913526,0.42328418443420873,0.614488818410937,voice,-33445.049152017426
agronomist,wheat,sandy,sprinkler,233873,1.15,1.0,4.368073866602641,5.4,0.9614354667087778,0.915177288632517,0.9193287484445876,555.2106666666667,15,5552.1066666666675,0.7867417052390877,126.0,102.45047351017595,26.904888448567945,0.8130989961125076,0,0,0.0,5.0559067372408615,112.19628552976135,2,0.0,23000.0,100465.69893186074,28291.162666666667,72174.53626519407,4888.3830813773975,1.0,,0,,0,F007,Sinnar,2,rabi,0.6956183690913526,0.42328418443420873,0.614488818410937,voice,40464.51486213441
agripilot,wheat,sandy,sprinkler,233873,1.15,1.0,4.992402779420616,5.4,1.0,0.9856537963858731,0.9379754195803862,801.0231196732248,54,8010.231196732248,0.6232532690763349,117.7219266143597,117.03181994190481,20.076469174691535,0.9941378238336552,4,0,4.0,5.0559067372408615,268.6099598187295,0,0.0,23000.0,114825.26392667418,48968.72194070607,65856.5419859681,6459.267612079644,0.92,0.7264957264957265,117,0.98,0,F007,Sinnar,2,rabi,0.6956183690913526,0.42328418443420873,0.614488818410937,voice,22621.880375601428
farmer_practice,soybean,clay_loam,sprinkler,122435,0.38,0.78,2.5340155982380352,3.1,0.9669551242478182,0.9943798275095457,0.850137092547663,576.0,18,5760.0,0.43993326358299223,126.0,89.12790426872263,13.832102642744841,0.7073643195930368,13,0,13.0,47.41909127089163,104.54139371375555,0,0.0,46000.0,116564.71751894962,44148.0,72416.71751894962,12016.550297132095,0.74,,0,,0,F008,Niphad,2,kharif,0.5280376584730487,0.4555885213201006,0.4325764666442935,voice,53432.7598070249
agronomist,soybean,clay_loam,sprinkler,122435,0.38,0.78,2.3959930187455125,3.1,0.9885897564726176,0.9945572539208305,0.7861002946519859,535.5757575757575,14,5355.757575757575,0.4473677131300324,94.5,89.15543595323233,6.447783862483576,0.9434437667008712,9,0,9.0,46.91446786561723,55.615063222441435,0,0.0,46000.0,110215.67886229357,38720.07575757576,71495.60310471781,7882.8313060375995,0.8200000000000001,,0,,0,F008,Niphad,2,kharif,0.5280376584730487,0.4555885213201006,0.4325764666442935,voice,54976.646680551465
agripilot,soybean,clay_loam,sprinkler,122435,0.38,0.78,2.4491267102104803,3.1,0.9638492310510796,0.9940319608869022,0.8245938801563782,406.0,22,4060.0,0.6032331798547981,38.69354310572437,89.07392496520895,0.6823904081008787,2.3020358906349734,7,11,8.65,37.237262239216136,12.281955641460735,0,0.0,46000.0,112659.8286696821,41816.11275006601,70843.7159196161,6512.965633611104,0.97,0.6835443037974683,158,0.98,1,F008,Niphad,2,kharif,0.5280376584730487,0.4555885213201006,0.4325764666442935,voice,61096.62687039426
farmer_practice,onion,clay_loam,sprinkler,27350,0.38,1.0,17.43097159227899,34.0,0.6432472025059579,0.9503224586384806,0.8386751576943898,608.0,19,6080.0,2.86693611715115,154.0,100.57839732798773,5.370721794609611,0.6531064761557644,14,0,14.0,2.5929706353431157,47.260232584531444,38,0.22400000000000003,10476.0,182606.8584007147,47538.0,135068.8584007147,10790.066658747819,0.72,,0,,0,F008,Niphad,2,rabi,0.5280376584730487,0.4555885213201006,0.4325764666442935,voice,116240.4101039804
agronomist,onion,clay_loam,sprinkler,27350,0.38,1.0,26.865123370615944,34.0,0.9999301208138294,0.9947320408870524,0.7943907241713373,782.9800000000004,37,7829.800000000004,3.4311378797179914,115.5,109.0009043061651,5.670244732369794,0.9437307732135506,10,0,10.0,3.1371835349362396,63.2940603038674,0,0.17,11205.0,301023.70736775163,52310.82000000001,248712.88736775162,8048.8787036409885,0.8,,0,,0,F008,Niphad,2,rabi,0.5280376584730487,0.4555885213201006,0.4325764666442935,voice,225309.94139179555
agripilot,onion,clay_loam,sprinkler,27350,0.38,1.0,26.164514575925367,34.0,0.9686214714529959,0.9875422674629044,0.8044961686100456,688.4448903783515,58,6884.448903783515,3.800524187425667,59.98941510214816,107.63732658779224,0.59364123935848,1.7942719795569047,4,14,6.1,2.8997832260674605,11.884754019296437,1,0.0,13500.0,353220.94677499245,56626.81931082625,296594.1274641662,4402.953472119134,1.0,0.75177304964539,141,0.98,0,F008,Niphad,2,rabi,0.5280376584730487,0.4555885213201006,0.4325764666442935,voice,280005.81645107706
farmer_practice,soybean,loam,sprinkler,387401,4.0,0.78,2.4630394423058233,3.1,1.0,0.9947511942440563,0.7987211847084088,1120.0,35,11200.0,0.2199142359201628,126.0,89.18553014131909,79.83852946737694,0.7078216677882467,9,0,9.0,88.28710905531938,561.1631403091205,0,0.0,46000.0,113299.81434606787,59624.0,53675.81434606787,21465.519285625727,0.8200000000000001,,0,,0,F009,Niphad,2,kharif,0.5884319754642743,0.4520564311238757,0.44744335257185763,text,2320.3023319702443
agronomist,soybean,loam,sprinkler,387401,4.0,0.78,2.4404237729869407,3.1,1.0,0.9947511942440563,0.7913873134430583,459.54545454545456,12,4595.454545454546,0.5310516617775736,94.5,89.18553014131909,19.028143983801442,0.9437622237176624,9,0,9.0,62.86926690463237,98.32945289757943,0,0.0,46000.0,112259.49355739927,35855.045454545456,76404.44810285381,10290.889319225951,0.8200000000000001,,0,,0,F009,Niphad,2,kharif,0.5884319754642743,0.4520564311238757,0.44744335257185763,text,57354.84391327504
agripilot,soybean,loam,sprinkler,387401,4.0,0.78,2.544845433193442,3.1,1.0,0.9947511942440563,0.8252494557688326,738.0,27,7380.0,0.3448300044977564,57.7053688379726,89.18553014131909,25.283636013183383,1.54553262438609,6,12,7.8,81.35529841161062,279.2431302729055,0,0.0,46000.0,117062.88992689834,54685.4556963012,62377.43423059714,10743.252168077504,1.0,0.6222222222222222,135,0.9377811363237577,0,F009,Niphad,2,kharif,0.5884319754642743,0.4520564311238757,0.44744335257185763,text,34138.089464955716
farmer_practice,onion,loam,sprinkler,14430,4.0,1.0,28.528288848912183,34.0,1.0,0.9947391969891421,0.8435048318446943,1216.0,38,12160.0,2.346076385601331,154.0,109.00226149794076,55.58742452207339,0.7078068928437712,10,0,10.0,1.2041826298006675,428.1682455597852,0,0.17,11205.0,319659.47655206104,65470.0,254189.47655206104,17016.574057641414,0.8,,0,,0,F009,Niphad,2,rabi,0.5884319754642743,0.4520564311238757,0.44744335257185763,text,201948.53178302202
agronomist,onion,loam,sprinkler,14430,4.0,1.0,27.543320134990832,34.0,1.0,0.9947391969891421,0.8143819540650761,738.3000000000001,32,7383.000000000001,3.73064067926193,115.5,109.00226149794076,7.626710571756565,0.943742523791695,7,0,7.0,1.8359505790874882,69.26147761049847,0,0.0,13500.0,371834.8218223762,46041.7,325793.1218223762,6289.331458127969,0.86,,0,,0,F009,Niphad,2,rabi,0.5884319754642743,0.4520564311238757,0.44744335257185763,text,297769.8354435654
agripilot,onion,loam,sprinkler,14430,4.0,1.0,27.695515876854106,34.0,0.9908504859708421,0.9514255399245246,0.8640673796221345,652.5139700726658,52,6525.139700726658,4.244432632418561,62.472660420501995,100.7876023994788,1.4446488109073798,1.613307352705645,5,12,6.8,1.2041826298006675,19.481657324444754,0,0.0,13500.0,373889.46433753043,53887.18213466519,320002.28220286523,5030.8744296315335,1.0,0.554140127388535,157,0.9377811363237577,0,F009,Niphad,2,rabi,0.5884319754642743,0.4520564311238757,0.44744335257185763,text,298768.58739745116
farmer_practice,cotton,loam,flood,507220,1.1,0.78,1.3360957402403033,2.4,1.0,0.9898287299318909,0.5624271569403387,1890.0,28,18900.0,0.07069289630901075,154.0,108.07096602156551,68.04203916760687,0.7017595196205553,15,0,15.0,78.41747543011584,666.1945939020522,0,0.0,68000.0,90854.51033634062,97096.0,-6241.489663659377,23453.32432904028,0.7,,0,,0,F010,Chandwad,2,kharif,0.10202054505707105,0.7319390454096757,0.7319617542841332,text,-20193.941666870094
agronomist,cotton,loam,flood,507220,1.1,0.78,1.246012642556178,2.4,1.0,0.975447403895475,0.5322398033200771,1171.875,16,11718.75,0.10632641216479385,115.5,105.3434731525901,30.739699483858967,0.9120647026198276,13,0,13.0,72.50960502136809,290.46519691466676,0,0.0,68000.0,84728.8596938201,68563.25,16165.609693820094,15285.732352286928,0.74,,0,,0,F010,Chandwad,2,kharif,0.10202054505707105,0.7319390454096757,0.7319617542841332,text,7948.673956836308
agripilot,cotton,loam,flood,507220,1.1,0.78,1.415540868969158,2.4,1.0,0.9293705152975937,0.6346324589552458,1260.0,24,12600.0,0.11234451341025065,65.77938475696403,96.60475290126777,15.50657841490967,1.4686174590746726,8,17,10.55,72.51729634524789,321.5658169048178,0,0.0,68000.0,96256.77908990275,83827.60215795196,12429.176931950788,10828.839781790972,1.0,0.6265060240963856,166,0.98,0,F010,Chandwad,2,kharif,0.10202054505707105,0.7319390454096757,0.7319617542841332,text,9142.741528481554
farmer_practice,onion,loam,flood,473517,1.1,1.0,28.58511712020659,34.0,0.963653042252399,0.9934655347047794,0.8781881184002517,1485.0,22,14850.0,1.9249237117984235,154.0,108.76070485780298,53.61891768655945,0.7062383432324869,11,0,11.0,0.763040173264644,348.6689925749276,1,0.2,10800.0,308719.2648982312,76366.0,232353.2648982312,17358.272545140084,0.78,,0,,0,F010,Chandwad,2,rabi,0.10202054505707105,0.7319390454096757,0.7319617542841332,text,222225.53533124077
agronomist,onion,loam,flood,473517,1.1,1.0,27.75876596179866,34.0,1.0,0.9947391969891421,0.8207521081558324,1195.0000000000005,33,11950.000000000004,2.3229092855061633,115.5,109.00226149794076,17.633062283648293,0.943742523791695,7,0,7.0,0.3531357285682304,181.32676729238636,0,0.0,13500.0,374743.3404842819,65669.50000000001,309073.8404842819,8077.129432613807,0.86,,0,,0,F010,Chandwad,2,rabi,0.10202054505707105,0.7319390454096757,0.7319617542841332,text,305981.64915218245
agripilot,onion,loam,flood,473517,1.1,1.0,28.32815310462407,34.0,0.9736115097767838,0.9592239792629214,0.8921412443469712,1036.935223989908,27,10369.35223989908,2.731911545604875,69.17003578321649,102.26661675676095,5.818707016132738,1.4784814782700324,7,11,8.65,0.18148119930195888,104.71756939937396,1,0.0,13500.0,382430.066912425,69831.72865337016,312598.3382590548,7104.00059369761,0.97,0.6703296703296703,91,0.98,0,F010,Chandwad,2,rabi,0.10202054505707105,0.7319390454096757,0.7319617542841332,text,311391.4851257142
farmer_practice,soybean,sandy_loam,sprinkler,685284,4.0,0.78,2.632657562449556,3.1,0.9978743876337237,0.9946927802349874,0.8555942110902859,576.0,18,5760.0,0.45705860459193676,126.0,89.17646589853254,83.07261500464409,0.7077497293534328,12,0,12.0,124.70910913655422,518.9532919343143,0,0.0,46000.0,121102.24787267957,42798.0,78304.24787267957,24475.452683064927,0.76,,0,,0,F011,Sinnar,2,kharif,0.14145511134989552,0.42596376964519567,0.4235542891493692,text,73395.03129611268
agronomist,soybean,sandy_loam,sprinkler,685284,4.0,0.78,2.4393557780573487,3.1,0.9986995719614762,0.9947030314613676,0.7921093639623507,541.3333333333334,15,5413.333333333334,0.450619909739658,94.5,89.17805660607428,62.78034694031439,0.9436831386886168,8,0,8.0,128.56116539605682,488.99583046250774,0,0.0,46000.0,112210.36579063804,37705.833333333336,74504.53245730471,18057.5129378211,0.84,,0,,0,F011,Sinnar,2,kharif,0.14145511134989552,0.42596376964519567,0.4235542891493692,text,71762.75429939046
agripilot,soybean,sandy_loam,sprinkler,685284,4.0,0.78,2.6056861459399046,3.1,1.0,0.9947511942440563,0.8449790489408631,428.7151816525242,21,4287.151816525242,0.6077895669325344,66.50000000000001,89.18553014131909,37.65470555605103,1.341135791598783,6,11,7.65,128.21538858968051,404.43721643363625,0,0.0,46000.0,119861.5627132356,42744.81617618582,77116.74653704978,13286.78549739631,0.99,0.6086956521739131,161,0.98,0,F011,Sinnar,2,kharif,0.14145511134989552,0.42596376964519567,0.4235542891493692,text,78790.51352563871
farmer_practice,wheat,sandy_loam,sprinkler,832629,4.0,1.0,4.982408536596442,5.4,0.9523910435771661,0.9939634916625464,0.9746750287538752,576.0,18,5760.0,0.8650014820479934,168.0,118.75106724052685,29.508549943461414,0.7068515907174218,12,0,12.0,46.29776150948747,151.2810553837584,2,0.0,23000.0,114595.39634171818,44016.0,70579.39634171818,14128.21884340844,0.76,,0,,0,F011,Sinnar,2,rabi,0.14145511134989552,0.42596376964519567,0.4235542891493692,text,71262.11708153253
agronomist,wheat,sandy_loam,sprinkler,832629,4.0,1.0,4.837058092015281,5.4,0.9903162872913535,0.9818816177110128,0.9212011939212265,540.1666666666667,14,5401.666666666668,0.895475117312301,126.0,116.25136918158887,17.868290150450495,0.9226299141395942,0,0,0.0,44.636315568060446,117.21666120736651,0,0.0,23000.0,111252.33611635145,27639.666666666668,83612.66944968478,3618.019067193633,1.0,,0,,0,F011,Sinnar,2,rabi,0.14145511134989552,0.42596376964519567,0.4235542891493692,text,85642.13546624458
agripilot,wheat,sandy_loam,sprinkler,832629,4.0,1.0,4.971407327136372,5.4,1.0,0.9536836321117736,0.9653421276279551,606.0,33,6060.0,0.8203642454020417,95.36228651284308,110.4173031955394,10.269171201898414,1.1578718090056361,9,0,9.0,44.85533999206221,120.90939252110635,0,0.0,23000.0,114342.36852413656,45679.50630887245,68662.86221526412,8552.148876270276,0.8200000000000001,0.5954198473282443,131,0.98,0,F011,Sinnar,2,rabi,0.14145511134989552,0.42596376964519567,0.4235542891493692,text,72437.8719682354
farmer_practice,cotton,loam,flood,152183,0.81,0.78,1.330750435978447,2.4,1.0,0.9946994645041334,0.5574340472785575,1620.0,24,16200.0,0.08214508864064488,154.0,108.99472602664602,67.73358132078083,0.7077579612119872,14,0,14.0,50.82883500676734,602.1933417504346,0,0.0,68000.0,90491.0296465344,85526.0,4965.0296465344,22449.504152801455,0.72,,0,,0,F012,Dindori,2,kharif,0.2966487799225014,0.6431407430026036,0.49774508853832405,icon,-21413.675081871035
agronomist,cotton,loam,flood,152183,0.81,0.78,1.2429103759445774,2.4,1.0,0.9906098108697818,0.522788405311198,1171.875,16,11718.75,0.10606168541393728,115.5,108.21910206151037,36.82699532556462,0.9369619226104794,13,0,13.0,47.39287053980465,359.1605562173972,0,0.0,68000.0,84517.90556423126,68563.25,15954.65556423126,16155.394993459871,0.74,,0,,0,F012,Dindori,2,kharif,0.2966487799225014,0.6431407430026036,0.49774508853832405,icon,-2003.7494749047055
agripilot,cotton,loam,flood,152183,0.81,0.78,1.2942709557235041,2.4,1.0,0.9217637104174543,0.5850518509136805,1050.0,20,10500.0,0.12326390054509563,65.11849809647651,95.16208301020686,15.206215566204936,1.4613679030069024,5,19,7.85,45.496571409376976,294.04999382908704,0,0.0,68000.0,88010.42498919828,72778.43644479782,15231.988544400461,8641.58794460128,1.0,0.6373626373626373,182,0.98,1,F012,Dindori,2,kharif,0.2966487799225014,0.6431407430026036,0.49774508853832405,icon,4306.401341360474
farmer_practice,wheat,loam,flood,997602,0.81,1.0,5.238798385899954,5.4,1.0,0.9947511942440561,0.9752668354200661,1215.0,18,12150.0,0.4311768218847699,168.0,118.91404018842542,47.82020137817035,0.7078216677882465,10,0,10.0,20.478979289030722,305.65191537038646,0,0.0,23000.0,120492.36287569893,65202.0,55290.362875698935,15791.947061671939,0.8,,0,,0,F012,Dindori,2,rabi,0.2966487799225014,0.6431407430026036,0.49774508853832405,icon,36275.13056162735
agronomist,wheat,loam,flood,997602,0.81,1.0,5.02543389846736,5.4,1.0,0.9947511942440561,0.9355464084974591,844.95,12,8449.5,0.5947610981084513,126.0,118.91404018842542,14.916995847183749,0.943762223717662,2,0,2.0,20.680514390484568,120.2028804150954,0,0.0,23000.0,115584.97966474928,41862.3,73722.67966474927,4271.183882007436,0.96,,0,,0,F012,Dindori,2,rabi,0.2966487799225014,0.6431407430026036,0.49774508853832405,icon,63785.819059857015
agripilot,wheat,loam,flood,997602,0.81,1.0,4.97862223777728,5.4,1.0,0.9652017269671849,0.9552066219015498,840.0,16,8400.0,0.5926931235449143,89.75300736385054,112.80035730355549,7.534435874628127,1.2567863809429034,6,0,6.0,21.51472771595438,124.5832027466868,0,0.0,23000.0,114508.31146887745,48722.83721355167,65785.47425532578,5749.831006876652,0.88,0.5769230769230769,104,0.98,0,F012,Dindori,2,rabi,0.2966487799225014,0.6431407430026036,0.49774508853832405,icon,56186.193000872816
farmer_practice,soybean,sandy_loam,flood,103109,1.79,0.78,2.6474397445538096,3.1,1.0,0.9947511942440563,0.8585190203996704,1215.0,18,12150.0,0.2178962752719185,126.0,89.18553014131909,87.12126451977444,0.7078216677882467,13,0,13.0,91.58678093764847,660.9628366195002,0,0.0,46000.0,121782.22824947524,68034.0,53748.22824947524,25606.108641998235,0.74,,0,,0,F013,Niphad,2,kharif,0.35801722869111724,0.5874121457420199,0.36191732253487696,icon,27595.802417699153
agronomist,soybean,sandy_loam,flood,103109,1.79,0.78,2.468244705653321,3.1,1.0,0.9947511942440563,0.8004091617810538,925.0,14,9250.0,0.2668372654760347,94.5,89.18553014131909,65.0533065885052,0.9437622237176624,8,0,8.0,75.21115130758687,527.092532251869,0,0.0,46000.0,113539.25646005277,52290.5,61248.75646005277,17986.495547699218,0.84,,0,,0,F013,Niphad,2,kharif,0.35801722869111724,0.5874121457420199,0.36191732253487696,icon,42120.43472945418
agripilot,soybean,sandy_loam,flood,103109,1.79,0.78,2.5841660894249827,3.1,1.0,0.9947511942440563,0.8380004660000641,735.0,16,7350.0,0.351587223051018,66.50000000000001,89.18553014131909,38.74730211439066,1.341135791598783,7,10,8.5,79.60586964909199,423.6483587269184,0,0.0,46000.0,118871.6401135492,54888.5,63983.140113549205,13640.967207432146,0.96,0.6587301587301587,126,0.98,0,F013,Niphad,2,kharif,0.35801722869111724,0.5874121457420199,0.36191732253487696,icon,51558.331328843924
farmer_practice,onion,sandy_loam,flood,298722,1.79,1.0,22.718371711531443,34.0,0.7853761717224854,0.9707592402856888,0.8764134426274361,1282.5,19,12825.0,1.7714129989498202,154.0,104.45433867487203,47.18990643007784,0.678274926460208,14,0,14.0,0.0,250.21625841347137,17,0.22400000000000003,10476.0,237997.6620500034,72751.0,165246.6620500034,18294.18315741401,0.72,,0,,0,F013,Niphad,2,rabi,0.35801722869111724,0.5874121457420199,0.36191732253487696,icon,141812.5141400771
agronomist,onion,sandy_loam,flood,298722,1.79,1.0,26.208075599691835,34.0,1.0,0.9332215282882967,0.825983680794368,1540.0,44,15400.0,1.7018230908890801,115.5,97.33511743398734,33.68420517784708,0.8427282894717518,8,0,8.0,0.0,338.1337476614947,0,0.0,13500.0,353809.0205958398,81609.5,272199.5205958398,11663.156932012476,0.84,,0,,0,F013,Niphad,2,rabi,0.35801722869111724,0.5874121457420199,0.36191732253487696,icon,247708.466987073
agripilot,onion,sandy_loam,flood,298722,1.79,1.0,25.589697700058068,34.0,0.9042591193621936,0.9727520930227243,0.8556401736884973,1081.8742965476608,26,10818.74296547661,2.365311550677989,83.3394296031605,104.8322935043098,6.656747934042753,1.2578955004070993,4,13,5.95,0.0,109.27210908467393,5,0.0,13500.0,345460.9189507839,70160.56954111211,275300.3494096718,5363.2146281276955,1.0,0.6530612244897959,98,0.98,0,F013,Niphad,2,rabi,0.35801722869111724,0.5874121457420199,0.36191732253487696,icon,261772.06182894603
farmer_practice,cotton,loam,drip,662259,0.3,0.78,1.3855252438990402,2.4,1.0,0.9946994645041334,0.5803785018078036,1176.0,49,11760.0,0.11781677244039457,154.0,108.99472602664602,58.2615880294149,0.7077579612119872,15,0,15.0,75.00836447519565,596.9488737375597,0,0.0,68000.0,94215.71658513474,67010.0,27205.716585134738,21662.161125571445,0.7,,0,,0,F014,Yeola,2,kharif,0.431984458948205,0.5290017279073365,0.5750084960109004,icon,-7419.702607632304
agronomist,cotton,loam,drip,662259,0.3,0.78,1.2631002774711975,2.4,1.0,0.9946994645041334,0.5290962758706489,480.0,16,4800.0,0.2631458911398328,115.5,108.99472602664602,12.873695813415354,0.9436772816159829,13,0,13.0,47.884325290614164,96.96434210326659,0,0.0,68000.0,85890.81886804143,41359.5,44531.31886804143,11848.22417403029,0.74,,0,,0,F014,Yeola,2,kharif,0.431984458948205,0.5290017279073365,0.5750084960109004,icon,31447.141026573576
agripilot,cotton,loam,drip,662259,0.3,0.78,1.3476201710452584,2.4,1.0,0.9451351207601222,0.5941038400420455,651.0,31,6510.0,0.20700770676578473,62.21044995968698,99.59459186829906,9.198576954728763,1.6009302606368767,4,20,7.0,66.0661049709933,188.94360631184085,0,0.0,68000.0,91638.17163107758,54888.10304883092,36750.06858224666,7150.3387965901165,1.0,0.6898148148148148,216,0.98,0,F014,Yeola,2,kharif,0.431984458948205,0.5290017279073365,0.5750084960109004,icon,24446.058859456127
farmer_practice,wheat,loam,drip,628556,0.3,1.0,5.211683778786016,5.4,1.0,0.9947511942440561,0.9702191173889921,840.0,35,8400.0,0.6204385450935733,168.0,118.91404018842542,52.98340711278966,0.7078216677882465,11,0,11.0,0.5269881488708178,366.22213756757236,0,0.0,23000.0,119868.72691207836,50172.0,69696.72691207836,17241.756173641978,0.78,,0,,0,F014,Yeola,2,rabi,0.431984458948205,0.5290017279073365,0.5750084960109004,icon,44323.57936416687
agronomist,wheat,loam,drip,628556,0.3,1.0,4.941304816495135,5.4,0.9960225759397375,0.9946356906800822,0.9236653757243571,382.9166666666667,13,3829.166666666667,1.2904386898355085,126.0,118.89014289932736,6.868994236716233,0.9435725626930743,1,0,1.0,0.13766103819553718,45.958472158750524,0,0.0,23000.0,113650.0107793881,22073.166666666668,91576.84411272143,1937.6579119526818,0.98,,0,,0,F014,Yeola,2,rabi,0.431984458948205,0.5290017279073365,0.5750084960109004,icon,83624.05330393014
agripilot,wheat,loam,drip,628556,0.3,1.0,5.006744843681038,5.4,1.0,0.9653487374227521,0.9604559835312751,546.0,26,5460.0,0.9169862351064173,90.22890602803494,112.83077325987975,7.87522017283765,1.2504947497071748,7,1,7.15,0.4481229543543199,131.69332743755308,0,0.0,23000.0,115155.13140466387,38210.63827481301,76944.49312985086,6426.572737699966,0.87,0.6417910447761194,134,0.98,0,F014,Yeola,2,rabi,0.431984458948205,0.5290017279073365,0.5750084960109004,icon,64692.23947116973
farmer_practice,cotton,clay_loam,drip,556233,0.9,0.78,1.42526476878487,2.4,1.0,0.9946994645041334,0.597024871852197,672.0,28,6720.0,0.21209297154536758,154.0,108.99472602664602,45.43108575810601,0.7077579612119872,23,0,23.0,197.77217996307533,338.250824183403,0,0.0,68000.0,96918.00427737116,60044.0,36874.00427737116,26057.545056126757,0.54,,0,,0,F015,Dindori,2,kharif,0.5957872477753853,0.41311654330545483,0.22226805236838126,text,10420.650756118257
agronomist,cotton,clay_loam,drip,556233,0.9,0.78,1.2016496383002992,2.4,1.0,0.9946994645041334,0.5033554024696179,480.0,16,4800.0,0.2503436746458957,115.5,108.99472602664602,18.934541250764237,0.9436772816159829,13,0,13.0,178.36027261310042,230.97712575621816,0,0.0,68000.0,81712.17540442036,41359.5,40352.675404420355,14113.459878655465,0.74,,0,,0,F015,Dindori,2,kharif,0.5957872477753853,0.41311654330545483,0.22226805236838126,text,22578.459741152372
agripilot,cotton,clay_loam,drip,556233,0.9,0.78,1.462437952148153,2.4,1.0,0.9476129582340413,0.6430358950177,483.0,23,4830.0,0.30278218470976254,53.41509554880798,100.06452656162853,9.384116395637763,1.8733379681066877,10,14,12.1,181.83988125585262,238.3720987113719,0,0.0,68000.0,99445.78074607441,50121.03777091543,49324.74297515898,11795.69988251747,0.9400000000000001,0.6680672268907563,238,0.98,1,F015,Dindori,2,kharif,0.5957872477753853,0.41311654330545483,0.22226805236838126,text,34500.52070696544
farmer_practice,onion,clay_loam,drip,522530,0.9,1.0,21.843727452001186,34.0,0.7716803361044193,0.9727092357554019,0.8559085384736665,528.0,22,5280.0,4.1370695931820425,154.0,104.82416540188659,6.744193268035959,0.6806763987135492,17,0,17.0,3.3696374009630743,60.08018011900987,19,0.22400000000000003,10476.0,228834.88878716444,46868.0,181966.88878716444,13144.28152485514,0.6599999999999999,,0,,0,F015,Dindori,2,rabi,0.5957872477753853,0.41311654330545483,0.22226805236838126,text,163584.56464132023
agronomist,onion,clay_loam,drip,522530,0.9,1.0,26.528934409351518,34.0,1.0,0.9947391969891421,0.7843892943068068,635.25,36,6352.5,4.176140796434714,115.5,109.00226149794076,7.766664024770226,0.943742523791695,8,0,8.0,4.1746011047397005,86.94683149266453,0,0.0,13500.0,358140.6145262455,40488.0,317652.6145262455,7035.5709344012985,0.84,,0,,0,F015,Dindori,2,rabi,0.5957872477753853,0.41311654330545483,0.22226805236838126,text,294312.5396230759
agripilot,onion,clay_loam,drip,522530,0.9,1.0,27.370720970260255,34.0,0.9551088985657696,0.9868242777986247,0.8541115670792288,537.1934993734786,70,5371.934993734786,5.095132573678265,60.272702726302015,107.50115613422193,0.9601561026983321,1.783579485764626,7,12,8.8,3.278547295059845,19.245183880694174,1,0.0,13500.0,369504.73309851345,47482.487357761034,322022.24574075243,6362.33502414124,0.98,0.6494845360824743,194,0.98,0,F015,Dindori,2,rabi,0.5957872477753853,0.41311654330545483,0.22226805236838126,text,305642.7743913089
farmer_practice,cotton,loam,drip,625881,0.3,0.78,1.3713489451780312,2.4,1.0,0.9946994645041334,0.5744402346783463,600.0,25,6000.0,0.22855815752967187,154.0,108.99472602664602,47.77866300843684,0.7077579612119872,15,0,15.0,129.5947599355386,331.14359852082663,0,0.0,68000.0,93251.72827210612,46706.0,46545.72827210612,20266.512180938476,0.7,,0,,0,F016,Niphad,2,kharif,0.4020576759388249,0.571065237181065,0.4561823617916903,icon,28696.37362119076
agronomist,cotton,loam,drip,625881,0.3,0.78,1.2451565796769035,2.4,1.0,0.9819478692889152,0.5283531415040872,510.0,17,5100.0,0.2441483489562556,115.5,106.57632003755288,34.001350212419894,0.9227387016238344,13,0,13.0,122.83118421351426,288.5595673872193,0,0.0,68000.0,84670.64741802945,42409.5,42261.147418029446,16325.723696157209,0.74,,0,,0,F016,Niphad,2,kharif,0.4020576759388249,0.571065237181065,0.4561823617916903,icon,28096.582075354338
agripilot,cotton,loam,drip,625881,0.3,0.78,1.3716967430216258,2.4,0.99989757309872,0.9946947841673945,0.5746474856309465,490.0000000000001,35,4900.000000000001,0.2799381108207399,75.77905911533703,108.99383837657484,14.783037079333411,1.438310789933197,3,21,6.15,124.05569465281803,283.1421152748038,0,0.0,68000.0,93275.37852547056,50137.59271434478,43137.78581112578,8082.447926155377,1.0,0.6363636363636364,242,0.98,0,F016,Niphad,2,kharif,0.4020576759388249,0.571065237181065,0.4561823617916903,icon,35429.96999929293
farmer_practice,wheat,loam,drip,775950,0.3,1.0,4.8200780194507695,5.4,0.9264446715223832,0.9933675427918074,0.9699086990860236,432.0,18,4320.0,1.1157588007987893,168.0,118.62776747416706,21.3736633193053,0.7061176635367087,11,0,11.0,4.063097042741016,105.75506202917548,2,0.0,23000.0,110861.7944473677,35790.0,75071.7944473677,11583.827270859623,0.78,,0,,0,F016,Niphad,2,rabi,0.4020576759388249,0.571065237181065,0.4561823617916903,icon,64255.10809709729
agronomist,wheat,loam,drip,775950,0.3,1.0,4.859266644413712,5.4,0.9862767468950371,0.9943346738068761,0.9175834946653608,442.9166666666667,15,4429.166666666667,1.097106297892089,126.0,118.82786354625024,12.9047712672822,0.9430782821130972,0,0,0.0,4.047440254329105,86.21063409758372,0,0.0,23000.0,111763.13282151536,22823.166666666668,88939.96615484869,2359.285790399758,1.0,,0,,0,F016,Niphad,2,rabi,0.4020576759388249,0.571065237181065,0.4561823617916903,icon,80290.46128455031
agripilot,wheat,loam,drip,775950,0.3,1.0,4.952522429292246,5.4,1.0,0.9691497785471193,0.946328218304058,466.6666666666667,37,4666.666666666667,1.0612548062769098,81.67391161574042,113.61719556147294,4.643832652371049,1.3911075558131627,6,0,6.0,4.031338848995537,65.23938738717345,0,0.0,23000.0,113908.01587372167,33285.21010352314,80622.80577019852,5072.171927067749,0.88,0.6134969325153374,163,0.98,0,F016,Niphad,2,rabi,0.4020576759388249,0.571065237181065,0.4561823617916903,icon,71901.82937895111
farmer_practice,cotton,loam,drip,982926,1.06,0.78,1.3487017559985268,2.4,1.0,0.9946994645041334,0.5649536217248572,1176.0,49,11760.0,0.11468552346926249,154.0,108.99472602664602,65.51241170743579,0.7077579612119872,13,0,13.0,80.48397771147354,698.0155303764747,0,0.0,68000.0,91711.71940789983,64310.0,27401.71940789983,21616.589906741705,0.74,,0,,0,F017,Igatpuri,2,kharif,0.802182840476792,0.21957792371904009,0.16919528287314511,voice,-52773.32154436519
agronomist,cotton,loam,drip,982926,1.06,0.78,1.3418644723819635,2.4,1.0,0.9946994645041334,0.5620895725570131,480.0,16,4800.0,0.27955509841290904,115.5,108.99472602664602,24.478261637601634,0.9436772816159829,12,0,12.0,58.432500258296834,195.1631851749065,0,0.0,68000.0,91246.78412197351,40009.5,51237.28412197351,13331.979597092966,0.76,,0,,0,F017,Igatpuri,2,kharif,0.802182840476792,0.21957792371904009,0.16919528287314511,voice,22020.55233387247
agripilot,cotton,loam,drip,982926,1.06,0.78,1.4409532039233994,2.4,1.0,0.9332377635220621,0.6433485567873967,756.0,36,7560.0,0.19060227565124332,68.72077883814711,97.33819653004628,16.234525247277258,1.4164303457517502,5,19,7.85,74.53973514674645,356.4349954017244,0,0.0,68000.0,97984.81786679116,59366.90258630627,38617.915280484885,9088.072160830625,1.0,0.6335078534031413,191,0.98,0,F017,Igatpuri,2,kharif,0.802182840476792,0.21957792371904009,0.16919528287314511,voice,-5180.310786374954
farmer_practice,onion,loam,drip,949223,1.06,1.0,28.508373991354176,34.0,1.0,0.9947391969891421,0.8429160030276333,912.0,38,9120.0,3.125918200806379,154.0,109.00226149794076,52.45081026041168,0.7078068928437712,10,0,10.0,1.1046707552358042,375.64386411589174,0,0.17,11205.0,319436.33057312353,50954.0,268482.33057312353,16451.087883671225,0.8,,0,,0,F017,Igatpuri,2,rabi,0.802182840476792,0.21957792371904009,0.16919528287314511,voice,206777.28812264703
agronomist,onion,loam,drip,949223,1.06,1.0,27.66386517042164,34.0,0.9980054018961596,0.9944968555132483,0.8197805987859468,617.2500000000001,32,6172.500000000001,4.481792656204396,115.5,108.95630018354709,13.897787343945687,0.943344590333741,8,0,8.0,1.1071573767905392,106.40353479683955,0,0.0,13500.0,373462.17980069213,39756.0,333706.17980069213,8111.5661383013385,0.84,,0,,0,F017,Igatpuri,2,rabi,0.802182840476792,0.21957792371904009,0.16919528287314511,voice,294682.4739532054
agripilot,onion,loam,drip,949223,1.06,1.0,25.27571971600524,34.0,0.9093158391787457,0.945234485361752,0.8649087683032088,540.725087383084,58,5407.25087383084,4.674412248621695,68.03737817647621,99.61343687895297,5.0086941765379605,1.46409869910881,6,11,7.65,0.5455539618223706,74.64207279557228,1,0.0,13500.0,341222.2161660708,45577.73693814267,295644.4792279281,6261.474937433234,0.99,0.5875706214689266,177,0.8719001484265633,0,F017,Igatpuri,2,rabi,0.802182840476792,0.21957792371904009,0.16919528287314511,voice,265482.4261095786
farmer_practice,soybean,loam,flood,672729,2.49,0.78,2.4896112442250535,3.1,1.0,0.9947511942440563,0.8073379615022452,2362.5,35,23625.0,0.1053803701259282,126.0,89.18553014131909,105.7757966066814,0.7078216677882467,9,0,9.0,58.443101261117,1014.685412633,0,0.0,46000.0,114522.11723435247,106069.0,8453.117234352467,25865.631300552704,0.8200000000000001,,0,,0,F018,Yeola,2,kharif,0.30105892916334,0.6585010390602911,0.11979854022068252,voice,-22369.621537570823
agronomist,soybean,loam,flood,672729,2.49,0.78,2.4543636194712852,3.1,1.0,0.9947511942440563,0.7959077650880412,830.2479338842975,12,8302.479338842975,0.2956181544455759,94.5,89.18553014131909,29.35639578828786,0.9437622237176624,9,0,9.0,44.79709510157037,206.63259811708843,0,0.0,46000.0,112900.72649567912,49898.92975206611,63001.796743613006,11987.325097805948,0.8200000000000001,,0,,0,F018,Yeola,2,kharif,0.30105892916334,0.6585010390602911,0.11979854022068252,voice,53380.06418343874
agripilot,soybean,loam,flood,672729,2.49,0.78,2.5001561467627655,3.1,1.0,0.9947511942440563,0.8107574914143083,1238.3333333333335,25,12383.333333333336,0.20189686245728924,64.68946224605237,89.18553014131909,29.277132899321806,1.378671688475221,5,11,6.65,51.426481392816946,403.41036583463364,0,0.0,46000.0,115007.18275108721,72489.32773846886,42517.855012618355,10387.722254413278,1.0,0.4895833333333333,96,0.7020000000000004,1,F018,Yeola,2,kharif,0.30105892916334,0.6585010390602911,0.11979854022068252,voice,29755.916568453984
farmer_practice,onion,loam,flood,360974,2.49,1.0,25.866805056548184,34.0,0.9993193671687955,0.9316133400184208,0.8171915552824784,2565.0,38,25650.0,1.008452438851781,154.0,97.03011621039016,75.65265562140833,0.6300656896778581,10,0,10.0,0.10306289264917096,943.7841890615397,0,0.17,11205.0,289837.5506586224,115896.0,173941.5506586224,20618.40557788734,0.8,,0,,0,F018,Yeola,2,rabi,0.30105892916334,0.6585010390602911,0.11979854022068252,voice,142469.5910384092
agronomist,onion,loam,flood,360974,2.49,1.0,27.050776359538062,34.0,0.999339123572882,0.9947248433119369,0.8003592381058667,1195.0000000000005,33,11950.000000000004,2.263663293685193,115.5,108.99953924881564,20.681645634836503,0.9437189545352003,9,0,9.0,0.10041782120247268,190.3587484395089,0,0.14,11610.0,314059.51353423693,68369.50000000001,245690.01353423693,10023.599974661392,0.8200000000000001,,0,,0,F018,Yeola,2,rabi,0.30105892916334,0.6585010390602911,0.11979854022068252,voice,233131.5178259484
agripilot,onion,loam,flood,360974,2.49,1.0,25.068357212674464,34.0,0.9538002742242834,0.947542128312509,0.8158136855816094,1261.0610167062696,27,12610.610167062696,1.98787821370847,73.69818901825613,100.05109330064826,11.429574876362928,1.3575787225363722,6,11,7.65,0.2741266464243527,244.7065941065098,2,0.0,13500.0,338422.82237110526,75633.32204954259,262789.50032156263,7414.790617563146,0.99,0.4722222222222222,108,0.6540000000000004,0,F018,Yeola,2,rabi,0.30105892916334,0.6585010390602911,0.11979854022068252,voice,250868.71611043395
farmer_practice,soybean,black_cotton,drip,372569,0.84,0.78,2.6580201505975385,3.1,1.0,0.9947511942440563,0.8619500634860254,840.0,35,8400.0,0.31643097030923073,126.0,89.18553014131909,37.50692517547223,0.7078216677882467,14,0,14.0,277.5774859858075,439.57666717752295,0,0.0,46000.0,122268.92692748677,53004.0,69264.92692748677,19049.44390545727,0.72,,0,,0,F019,Niphad,2,kharif,0.6051935099550773,0.6888332122414815,0.4484133458762014,voice,23628.60638456481
agronomist,soybean,black_cotton,drip,372569,0.84,0.78,2.4002834409788516,3.1,0.9682770321679778,0.9940483665249276,0.8044400583546067,382.22222222222223,13,3822.222222222222,0.6279811328142344,94.5,89.07647066766117,4.804070756527096,0.9426081552133457,9,0,9.0,235.60049372295921,100.56988520700234,0,0.0,46000.0,110413.03828502717,31936.055555555555,78476.98272947161,9285.137179681511,0.8200000000000001,,0,,0,F019,Niphad,2,kharif,0.6051935099550773,0.6888332122414815,0.4484133458762014,voice,58478.14936271191
agripilot,soybean,black_cotton,drip,372569,0.84,0.78,2.557175842190824,3.1,1.0,0.9947511942440563,0.8292479946120062,516.3333333333335,33,5163.333333333335,0.495256780282277,39.762426148472045,89.18553014131909,5.750019824550643,2.24295996950242,5,12,6.8,262.5465762088418,170.99210439360598,0,0.0,46000.0,117630.08874077791,41948.443691639026,75681.64504913888,8157.922754298692,1.0,0.6646706586826348,167,0.98,0,F019,Niphad,2,kharif,0.6051935099550773,0.6888332122414815,0.4484133458762014,voice,50827.87475520039
farmer_practice,grape,black_cotton,drip,406272,0.84,1.0,21.271744942846155,24.0,1.0,0.9946928631048064,0.8910516389806802,1248.0,52,12480.0,1.7044667422152369,175.0,123.85622049672551,44.63137183463361,0.70774983140986,21,0,21.0,5.937937599802332,553.0352822409428,0,0.48,23920.0,508820.13903288,78257.0,430563.13903288,22787.08836863227,0.5800000000000001,,0,,0,F019,Niphad,2,rabi,0.6051935099550773,0.6888332122414815,0.4484133458762014,voice,365621.01049465063
agronomist,grape,black_cotton,drip,406272,0.84,1.0,18.012488613570564,24.0,0.9800917100430921,0.9934631109779173,0.7708041001639426,658.0,22,6580.0,2.7374602756186266,131.25,123.59118771075804,3.257746070722806,0.9416471444629184,1,0,1.0,4.724656784788925,53.41552544401597,0,0.0,46000.0,828574.476224246,31848.25,796726.226224246,1328.9162037932053,0.98,,0,,0,F019,Niphad,2,rabi,0.6051935099550773,0.6888332122414815,0.4484133458762014,voice,766843.534746134
agripilot,grape,black_cotton,drip,406272,0.84,1.0,21.005158731399582,24.0,1.0,0.9743535353242463,0.8982519336273505,819.0,39,8190.0,2.564732445836335,57.34408310632449,119.47274468194962,4.033870870012006,2.083436306068916,4,22,7.3,5.47885408847338,167.3943657522717,0,0.0,46000.0,966237.3016443808,63158.97841008341,903078.3232342973,5885.406443398421,1.0,0.5845410628019324,207,0.98,0,F019,Niphad,2,rabi,0.6051935099550773,0.6888332122414815,0.4484133458762014,voice,866929.5520569368
farmer_practice,cotton,clay_loam,drip,590855,0.58,0.78,1.3984300327921935,2.4,1.0,0.9946994645041334,0.5857841500101254,936.0,39,9360.0,0.149404918033354,154.0,108.99472602664602,45.69091605349682,0.7077579612119872,17,0,17.0,169.31259526754528,386.4252512915818,0,0.0,68000.0,95093.24222986915,61250.0,33843.24222986915,21648.178247037333,0.6599999999999999,,0,,0,F020,Niphad,2,kharif,0.15377724386419636,0.1456794459502896,0.750419855118582,voice,34024.66098280285
agronomist,cotton,clay_loam,drip,590855,0.58,0.78,1.19363935740496,2.4,1.0,0.9946994645041334,0.5,570.0,19,5700.0,0.20941041357981754,115.5,108.99472602664602,15.121521663188435,0.9436772816159829,13,0,13.0,158.27991718042642,144.925882200119,0,0.0,68000.0,81167.47630353727,44509.5,36657.976303537274,13246.393153997757,0.74,,0,,0,F020,Niphad,2,kharif,0.15377724386419636,0.1456794459502896,0.750419855118582,voice,39490.43109935407
agripilot,cotton,clay_loam,drip,590855,0.58,0.78,1.4681940386759162,2.4,1.0,0.9776072435774206,0.6257600075428639,644.6666666666665,50,6446.666666666665,0.22774468024962513,53.70214533235682,105.75309791985563,7.633943284730002,1.9692527601152812,9,16,11.4,157.3013033926602,206.49479003282863,0,0.0,68000.0,99837.19462996231,57606.02888130501,42231.1657486573,10769.821521785341,0.9800000000000001,0.7035398230088495,226,0.98,1,F020,Niphad,2,kharif,0.15377724386419636,0.1456794459502896,0.750419855118582,voice,51546.317922463735
farmer_practice,onion,clay_loam,drip,557152,0.58,1.0,28.192884170050068,34.0,1.0,0.9947391969891421,0.8335878168865994,720.0,30,7200.0,3.915678356951398,154.0,109.00226149794076,20.959740058086055,0.7078068928437712,12,0,12.0,2.402162843861852,149.12919248403963,0,0.22400000000000003,10476.0,295348.6545654445,46886.0,248462.6545654445,12194.372676050247,0.76,,0,,0,F020,Niphad,2,rabi,0.15377724386419636,0.1456794459502896,0.750419855118582,voice,252026.34464066452
agronomist,onion,clay_loam,drip,557152,0.58,1.0,26.60686237658393,34.0,0.9995677944288992,0.9946915984287275,0.7870712367512747,632.4499999999999,35,6324.499999999999,4.2069511228688325,115.5,108.99323418475865,4.3676339688429575,0.9436643652360056,9,0,9.0,2.402162843861852,66.568375473077,0,0.14,11610.0,308905.67219213943,41712.8,267192.87219213945,7107.793579986489,0.8200000000000001,,0,,0,F020,Niphad,2,rabi,0.15377724386419636,0.1456794459502896,0.750419855118582,voice,273365.4775374894
agripilot,onion,clay_loam,drip,557152,0.58,1.0,28.049580871035417,34.0,0.9945834760294865,0.9945390924651905,0.8340351629960481,606.9249713369016,75,6069.249713369017,4.621589520241573,63.23002793583147,108.96431063994993,1.7508434257271257,1.723300055323897,7,11,8.65,2.3839103898057785,38.93056869544208,0,0.0,13500.0,378669.34175897815,50389.11983559377,328280.22192338435,6391.607010139134,0.97,0.6632124352331606,193,0.98,0,F020,Niphad,2,rabi,0.15377724386419636,0.1456794459502896,0.750419855118582,voice,338524.72024991416
farmer_practice,soybean,loam,drip,680450,0.72,0.78,2.585910447351642,3.1,1.0,0.9947511942440563,0.8385661311720487,816.0,34,8160.0,0.3169007901166228,126.0,89.18553014131909,76.92822350705842,0.7078216677882467,10,0,10.0,133.0921262234529,564.514235590463,0,0.0,46000.0,118951.88057817554,46758.0,72193.88057817554,22044.909367281594,0.8,,0,,0,F021,Niphad,2,kharif,0.6317398891665841,0.6890812203535643,0.6287038332306529,voice,18873.905732921063
agronomist,soybean,loam,drip,680450,0.72,0.78,2.5041947630965296,3.1,1.0,0.9947511942440563,0.8120671449940606,349.6212121212121,12,3496.212121212121,0.7162593905281516,94.5,89.18553014131909,29.058108571165576,0.9437622237176624,9,0,9.0,106.27902203984023,191.36234840908554,0,0.0,46000.0,115192.95910244036,30797.621212121212,84395.33789031915,12486.970741168367,0.8200000000000001,,0,,0,F021,Niphad,2,kharif,0.6317398891665841,0.6890812203535643,0.6287038332306529,voice,60974.292314794904
agripilot,soybean,loam,drip,680450,0.72,0.78,2.648523258668037,3.1,1.0,0.9947511942440563,0.8588703853279371,567.0,27,5670.0,0.46711168583210533,61.260084687396095,89.18553014131909,30.286596953380645,1.455850585196277,7,11,8.65,110.34914135669915,358.41792541531646,0,0.0,46000.0,121832.06989872971,46094.54245593448,75737.52744279522,12499.72972381881,0.97,0.5808823529411765,136,0.98,0,F021,Niphad,2,kharif,0.6317398891665841,0.6890812203535643,0.6287038332306529,voice,42520.25265208404
farmer_practice,grape,loam,drip,721381,0.72,1.0,19.72373756723009,24.0,1.0,0.9946928631048064,0.8262071933132944,1224.0,51,12240.0,1.6114164679109548,175.0,123.85622049672551,72.74796152816873,0.70774983140986,15,0,15.0,5.310192060879165,593.9236934293182,0,0.48,23920.0,471791.8026081437,69311.0,402480.8026081437,23642.424803618283,0.7,,0,,0,F021,Niphad,2,rabi,0.6317398891665841,0.6890812203535643,0.6287038332306529,voice,328835.68383479724
agronomist,grape,loam,drip,721381,0.72,1.0,16.904680403822663,24.0,0.9998464702153851,0.9946876548788277,0.708232214545101,626.25,21,6262.5,2.69935016428306,131.25,123.85509803423014,13.964742224019187,0.9436578897846106,1,0,1.0,2.898603200585001,78.93476901376592,0,0.0,46000.0,777615.2985758425,30738.75,746876.5485758425,3239.7410291287188,0.98,,0,,0,F021,Niphad,2,rabi,0.6317398891665841,0.6890812203535643,0.6287038332306529,voice,714597.2187323193
agripilot,grape,loam,drip,721381,0.72,1.0,19.832910910989543,24.0,1.0,0.9432569079894233,0.8760829430015302,750.9999999999999,45,7509.999999999999,2.640866965511258,76.18141017231378,112.77088534254813,8.356106415318374,1.4802940125087352,6,20,9.0,2.5339524696027,170.9999330205946,0,0.0,46000.0,912313.901905519,61933.260894997096,850380.6410105219,7826.904726983732,1.0,0.6291666666666667,240,0.98,0,F021,Niphad,2,rabi,0.6317398891665841,0.6890812203535643,0.6287038332306529,voice,812481.2671121769
farmer_practice,tomato,clay_loam,drip,467289,1.26,0.78,48.26040762883605,55.0,1.0,0.9947450064777559,0.8820973728683399,600.0,25,6000.0,8.043401271472675,210.0,148.6409499511438,39.82013707047518,0.7078140473863991,16,0,16.0,171.61514182440203,287.3679283050422,0,0.256,8184.0,394963.17603439424,49680.0,345283.17603439424,19912.16094910515,0.6799999999999999,,0,,0,F022,Igatpuri,2,kharif,0.6986190164935682,0.26796414675520414,0.6612752330338824,icon,308538.5964580836
agronomist,tomato,clay_loam,drip,467289,1.26,0.78,42.416358324734865,55.0,1.0,0.9947450064777559,0.775280609576425,520.1777777777778,19,5201.777777777778,8.154204223398278,157.5,148.6409499511438,20.433509663009016,0.9437520631818653,6,0,6.0,154.56901740109507,232.57405272834905,0,0.0,11000.0,466579.9415720835,34583.544444444444,431996.39712763904,9269.152895951478,0.88,,0,,0,F022,Igatpuri,2,kharif,0.6986190164935682,0.26796414675520414,0.6612752330338824,icon,403036.7607121398
agripilot,tomato,clay_loam,drip,467289,1.26,0.78,46.593609792418576,55.0,0.9877938982477813,0.9838520686834273,0.8717009645241627,357.7197992369513,24,3577.197992369513,13.02516939006646,109.19237766846386,145.82381086640362,3.359430157193838,1.335476101721699,6,13,7.95,144.9623567864434,102.18957535753086,0,0.0,11000.0,512529.70771660435,41749.05212644179,470780.65559016255,7474.358639372881,1.0,0.6944444444444444,180,0.98,3,F022,Igatpuri,2,kharif,0.6986190164935682,0.26796414675520414,0.6612752330338824,icon,456000.5406016397
farmer_practice,wheat,clay_loam,drip,500992,1.26,1.0,5.254930690417799,5.4,1.0,0.9947511942440561,0.9782700625756477,576.0,24,5760.0,0.9123143559753124,168.0,118.91404018842542,17.97261510646819,0.7078216677882465,16,0,16.0,5.485709025513785,139.9100562812608,0,0.0,23000.0,120863.40587960939,47616.0,73247.40587960939,14484.442100393899,0.6799999999999999,,0,,0,F022,Igatpuri,2,rabi,0.6986190164935682,0.26796414675520414,0.6612752330338824,icon,41245.13658677827
agronomist,wheat,clay_loam,drip,500992,1.26,1.0,4.989780369390992,5.4,0.9939736462806431,0.9943559764498644,0.9349123828965425,441.3888888888889,15,4413.888888888889,1.130472582115014,126.0,118.83227098962713,6.742826092496394,0.9431132618224376,1,0,1.0,4.718089012136685,78.43412272676794,0,0.0,23000.0,114764.94849599282,24121.222222222223,90643.7262737706,1956.1714977585812,0.98,,0,,0,F022,Igatpuri,2,rabi,0.6986190164935682,0.26796414675520414,0.6612752330338824,icon,68557.28521551257
agripilot,wheat,clay_loam,drip,500992,1.26,1.0,4.990957815243395,5.4,0.9945750400122952,0.9566846852119677,0.971367931374978,448.0000000000001,31,4480.000000000001,1.1140530837596863,75.0502400521719,111.03821073351055,4.308441746675819,1.4795183953618438,8,0,8.0,4.718089012136685,93.10318827700549,0,0.0,23000.0,114792.02975059809,34618.45696151299,80173.5727890851,6417.982315510877,0.84,0.5563380281690141,142,0.98,0,F022,Igatpuri,2,rabi,0.6986190164935682,0.26796414675520414,0.6612752330338824,icon,57938.94613948669
farmer_practice,soybean,sandy_loam,sprinkler,125878,1.62,0.78,2.6322061308777394,3.1,1.0,0.9947511942440563,0.8535790223818757,640.0,20,6400.0,0.41128220794964676,126.0,89.18553014131909,79.13922918211034,0.7078216677882467,12,0,12.0,42.14295961305127,414.41265057162565,0,0.0,46000.0,121081.48202037602,45254.0,75827.48202037602,23024.347889297325,0.76,,0,,0,F023,Dindori,2,kharif,0.23563147207227728,0.7173071140891454,0.6124488383462805,voice,58422.42027869682
agronomist,soybean,sandy_loam,sprinkler,125878,1.62,0.78,2.4784048096830853,3.1,1.0,0.9947511942440563,0.8037039081777323,541.3333333333334,15,5413.333333333334,0.4578334008035255,94.5,89.18553014131909,53.23828825164541,0.9437622237176624,9,0,9.0,41.24687695201814,347.32496001933123,0,0.0,46000.0,114006.62124542192,39055.833333333336,74950.78791208859,16254.113777864337,0.8200000000000001,,0,,0,F023,Dindori,2,kharif,0.23563147207227728,0.7173071140891454,0.6124488383462805,voice,62487.74628154826
agripilot,soybean,sandy_loam,sprinkler,125878,1.62,0.78,2.5616512608881377,3.1,0.9942836097230602,0.9940003370754293,0.8361063069410425,406.0,18,4060.0,0.6309485864256497,66.50000000000001,89.06901782204937,30.771106850890792,1.3393837266473587,6,12,7.8,37.60929624911334,264.6622053745246,0,0.0,46000.0,117835.95800085433,42092.5,75743.45800085433,11337.282899402362,1.0,0.6193548387096774,155,0.98,0,F023,Dindori,2,kharif,0.23563147207227728,0.7173071140891454,0.6124488383462805,voice,68596.77614505916
farmer_practice,wheat,sandy_loam,sprinkler,159581,1.62,1.0,5.218701607619227,5.4,1.0,0.9947511942440561,0.9715255726509672,640.0,20,6400.0,0.8154221261905044,168.0,118.91404018842542,34.43611812679242,0.7078216677882465,12,0,12.0,2.8684695181895408,135.99286231763514,0,0.0,23000.0,120030.13697524223,46472.0,73558.13697524223,14624.317488486342,0.76,,0,,0,F023,Dindori,2,rabi,0.23563147207227728,0.7173071140891454,0.6124488383462805,voice,61940.92429634503
agronomist,wheat,sandy_loam,sprinkler,159581,1.62,1.0,4.728546132718079,5.4,0.9643166695542934,0.9929373734095848,0.9145181705977401,531.062,14,5310.62,0.8903943668946525,126.0,118.53876691232789,14.525673815024348,0.9407838643835547,0,0,0.0,2.8690065429133518,68.03796856646531,0,0.0,23000.0,108756.56105251581,27330.108,81426.4530525158,2640.442345590603,1.0,,0,,0,F023,Dindori,2,rabi,0.23563147207227728,0.7173071140891454,0.6124488383462805,voice,76724.77049801424
agripilot,wheat,sandy_loam,sprinkler,159581,1.62,1.0,4.933670252016805,5.4,1.0,0.9610155329712242,0.9507053818762038,526.0,33,5260.0,0.9379601239575674,94.2038380390908,111.93424820094295,6.597018124069807,1.188213246200168,6,0,6.0,2.8684695181895408,70.52855372418662,0,0.0,23000.0,113474.41579638651,38755.91130313363,74718.50449325288,5413.279487996271,0.88,0.6492537313432836,134,0.98,0,F023,Dindori,2,rabi,0.23563147207227728,0.7173071140891454,0.6124488383462805,voice,69671.98339790138
farmer_practice,cotton,clay_loam,sprinkler,884471,0.86,0.78,1.4940598427969072,2.4,1.0,0.9946994645041334,0.6258422334720424,1248.0,39,12480.0,0.11971633355744447,154.0,108.99472602664602,64.4274611217634,0.7077579612119872,17,0,17.0,181.7975359430945,689.9376046745604,0,0.0,68000.0,101596.06931018969,76148.0,25448.06931018969,25133.12082540526,0.6599999999999999,,0,,0,F024,Igatpuri,2,kharif,0.6514950244034458,0.5749368002005145,0.2074519587109617,text,-40253.97828672139
agronomist,cotton,clay_loam,sprinkler,884471,0.86,0.78,1.2761602875395819,2.4,1.0,0.9946994645041334,0.5345669442041636,636.4,16,6364.0,0.20052801501250503,115.5,108.99472602664602,25.356842562822965,0.9436772816159829,12,0,12.0,151.48939832271193,274.124495158232,0,0.0,68000.0,86778.89955269157,47087.1,39691.79955269157,14327.636246212542,0.76,,0,,0,F024,Igatpuri,2,kharif,0.6514950244034458,0.5749368002005145,0.2074519587109617,text,7274.050624673201
agripilot,cotton,clay_loam,sprinkler,884471,0.86,0.78,1.5338004740837312,2.4,1.0,0.9896392397574951,0.645774242970423,822.0,30,8220.0,0.18659373164035659,60.73909598339067,108.0350282298698,10.500314340999337,1.7786736282576938,7,18,9.7,169.20389147522332,397.7717858294753,0,0.0,68000.0,104298.43223769372,65939.43378351833,38358.998454175395,10202.89160465689,1.0,0.665,200,0.98,0,F024,Igatpuri,2,kharif,0.6514950244034458,0.5749368002005145,0.2074519587109617,text,175.8732340917236
farmer_practice,onion,clay_loam,sprinkler,633442,0.86,1.0,28.691361168209955,34.0,1.0,0.9947391969891421,0.8483264420715213,960.0,30,9600.0,2.9886834550218704,154.0,109.00226149794076,29.529166381017628,0.7078068928437712,12,0,12.0,32.486709974716,278.7936111766609,0,0.22400000000000003,10476.0,300570.6995981675,58346.0,242224.6995981675,14007.630338355617,0.76,,0,,0,F024,Igatpuri,2,rabi,0.6514950244034458,0.5749368002005145,0.2074519587109617,text,193378.6921481086
agronomist,onion,clay_loam,sprinkler,633442,0.86,1.0,27.63113147558514,34.0,1.0,0.9947391969891421,0.8169782994145758,766.6800000000003,35,7666.800000000003,3.603997949025034,115.5,109.00226149794076,7.6796795789952945,0.943742523791695,9,0,9.0,32.486151369996776,118.74629862353085,0,0.14,11610.0,320797.4364315435,50126.62000000001,270670.8164315435,7974.717686549124,0.8200000000000001,,0,,0,F024,Igatpuri,2,rabi,0.6514950244034458,0.5749368002005145,0.2074519587109617,text,233384.62186154752
agripilot,onion,clay_loam,sprinkler,633442,0.86,1.0,28.353172436515955,34.0,1.0,0.9832533891325512,0.8481199714997342,688.209879127804,57,6882.09879127804,4.119843858162726,61.361887687079516,106.82391862858731,2.52391538283895,1.7408838393848887,6,12,7.8,32.428730330847955,67.50900016638215,0,0.0,13500.0,382767.8278929654,58018.630633270644,324749.19725969475,6206.163341888642,1.0,0.7122302158273381,139,0.98,0,F024,Igatpuri,2,rabi,0.6514950244034458,0.5749368002005145,0.2074519587109617,text,294080.9686322745
farmer_practice,soybean,loam,drip,556178,0.42,0.78,2.544790493537821,3.1,1.0,0.9947511942440563,0.8252316397866477,672.0,28,6720.0,0.37868906153836623,126.0,89.18553014131909,78.47357970958349,0.7078216677882467,9,0,9.0,103.15827658451795,481.2726761429713,0,0.0,46000.0,117060.36270273977,40332.0,76728.36270273977,21353.66883698569,0.8200000000000001,,0,,0,F025,Dindori,2,kharif,0.7121158663573999,0.4225034468618557,0.2313266560723774,voice,34781.597816562244
agronomist,soybean,loam,drip,556178,0.42,0.78,2.49123313665911,3.1,1.0,0.9947511942440563,0.8078639132284533,349.6212121212121,12,3496.212121212121,0.7125520564225407,94.5,89.18553014131909,33.90353078803502,0.9437622237176624,8,0,8.0,87.45339284023107,206.836650796349,0,0.0,46000.0,114596.72428631906,29447.621212121212,85149.10307419785,12489.716077408382,0.84,,0,,0,F025,Dindori,2,kharif,0.7121158663573999,0.4225034468618557,0.2313266560723774,voice,65046.706643928075
agripilot,soybean,loam,drip,556178,0.42,0.78,2.6308825055309004,3.1,0.9985675746591609,0.994708232585158,0.8544105205257071,367.0434326740241,18,3670.434326740241,0.7167768910518609,57.26016291215332,89.17886367700727,20.49845338089933,1.5574329366443227,7,11,8.65,93.94519186020881,216.23179069201774,0,0.0,46000.0,121020.59525442142,39510.021435369265,81510.57381905217,10590.22833530376,0.97,0.7628205128205128,156,0.98,0,F025,Dindori,2,kharif,0.7121158663573999,0.4225034468618557,0.2313266560723774,voice,63514.19698848045
farmer_practice,onion,loam,drip,522475,0.42,1.0,28.903818361357157,34.0,0.9928278310953321,0.9946741470702436,0.8608381971032936,720.0,30,7200.0,4.014419216855161,154.0,108.98992444435657,32.482411435018186,0.7077267821062115,10,0,10.0,0.024143826113523562,172.60852580136273,0,0.17,11205.0,323867.28473900695,44186.0,279681.28473900695,12847.051352738295,0.8,,0,,0,F025,Dindori,2,rabi,0.7121158663573999,0.4225034468618557,0.2313266560723774,voice,238468.5432598199
agronomist,onion,loam,drip,522475,0.42,1.0,27.873588115151147,34.0,0.9998024061705757,0.9947131153235333,0.8243315828566486,622.8750000000001,33,6228.750000000001,4.474989061232373,115.5,108.99731497515288,8.465817057007662,0.9436996967545703,8,0,8.0,0.002378724815127131,69.11669340013579,0,0.0,13500.0,376293.4395545405,39977.25,336316.1895545405,7123.868478784716,0.84,,0,,0,F025,Dindori,2,rabi,0.7121158663573999,0.4225034468618557,0.2313266560723774,voice,302501.2133852801
agripilot,onion,loam,drip,522475,0.42,1.0,28.074004919168843,34.0,0.966874060847397,0.979463074775009,0.8719016056853601,523.6916941440286,67,5236.916941440286,5.360788653533194,64.48091286322486,106.10506590560519,0.29763897541484075,1.6455267333245163,6,12,7.8,0.0,3.8620802244917334,0,0.0,13500.0,378999.06640877936,47505.46407393049,331493.60233484884,5513.575015574671,1.0,0.7046632124352331,193,0.98,0,F025,Dindori,2,rabi,0.7121158663573999,0.4225034468618557,0.2313266560723774,voice,306838.7888437413
farmer_practice,soybean,loam,drip,988528,0.33,0.78,2.502655280532796,3.1,0.9993918521483055,0.9947114967469941,0.8120941791987577,480.0,20,4800.0,0.5213865167776658,126.0,89.17937018487841,33.57669426068189,0.7077727792450668,10,0,10.0,64.14195370508604,186.52926539605173,0,0.0,46000.0,115122.14290450861,34914.0,80208.14290450861,13621.082550268515,0.8,,0,,0,F026,Igatpuri,2,kharif,0.4055295064889046,0.4854161315510576,0.4503935126985809,voice,68091.0964234517
agronomist,soybean,loam,drip,988528,0.33,0.78,2.439625700133513,3.1,0.9879055073642001,0.9940777904278679,0.8013564344915923,379.6212121212121,13,3796.212121212121,0.6426473606418354,94.5,89.08103644570365,17.120429434082872,0.9426564703249063,9,0,9.0,53.85126807640131,119.32584267572807,0,0.0,46000.0,112222.7822061416,31847.621212121212,80375.16099402038,9866.338710822529,0.8200000000000001,,0,,0,F026,Igatpuri,2,kharif,0.4055295064889046,0.4854161315510576,0.4503935126985809,voice,72255.60326701665
agripilot,soybean,loam,drip,988528,0.33,0.78,2.530758400282825,3.1,0.9997125354987279,0.9947346620653408,0.820930902064141,396.52305024448253,26,3965.230502444825,0.6382373984872876,54.77748700915619,89.18296480324254,8.622915240393265,1.6280952207306516,5,12,6.8,59.13025841363445,122.68932902761146,0,0.0,46000.0,116414.88641300995,38040.330831577936,78374.55558143201,6844.297068993498,1.0,0.6982248520710059,169,0.98,0,F026,Igatpuri,2,kharif,0.4055295064889046,0.4854161315510576,0.4503935126985809,voice,72843.45883440753
farmer_practice,onion,loam,drip,954825,0.33,1.0,23.01924628588472,34.0,0.8144784619051881,0.9837981963806235,0.8449413342131393,528.0,22,5280.0,4.359705735963016,154.0,106.92724414115276,8.257536424691327,0.6943327541633296,11,0,11.0,0.0103164487540017,43.628512924992364,14,0.2,10800.0,248607.85988755498,38768.0,209839.85988755498,9186.449404483226,0.78,,0,,0,F026,Igatpuri,2,rabi,0.4055295064889046,0.4854161315510576,0.4503935126985809,voice,199683.77713178852
agronomist,onion,loam,drip,954825,0.33,1.0,27.659960273927407,34.0,0.9994326450152118,0.9947223596221906,0.8183088042584369,622.8750000000001,33,6228.750000000001,4.440691996616882,115.5,108.99906820420858,9.380970661250974,0.9437148762269142,9,0,9.0,0.0,75.13147349480364,0,0.14,11610.0,321132.1387802972,41327.25,279804.8887802972,7988.574719025175,0.8200000000000001,,0,,0,F026,Igatpuri,2,rabi,0.4055295064889046,0.4854161315510576,0.4503935126985809,voice,268321.23041827447
agripilot,onion,loam,drip,954825,0.33,1.0,27.638355481724645,34.0,0.9816129250228821,0.967143374158882,0.856253091130979,530.2682243088774,64,5302.682243088774,5.2121462713982085,64.09527947977816,103.76857096116728,1.0778005142018397e-05,1.6189736873509681,6,12,7.8,0.0,0.005431259097798957,0,0.0,13500.0,373117.7990032827,45947.8827314154,327169.9162718673,5460.001940040926,1.0,0.6666666666666666,192,0.98,0,F026,Igatpuri,2,rabi,0.4055295064889046,0.4854161315510576,0.4503935126985809,voice,320600.83989472187
farmer_practice,cotton,black_cotton,flood,980213,1.21,0.78,1.268426825750609,2.4,1.0,0.9946994645041334,0.5313274976573499,2632.5,39,26325.0,0.04818335520420168,154.0,108.99472602664602,52.99672361367279,0.7077579612119872,14,0,14.0,162.23573863959822,929.8443066989162,0,0.0,68000.0,86253.02415104142,123851.0,-37597.97584895858,20799.531898217483,0.72,,0,,0,F027,Igatpuri,2,kharif,0.744652102348011,0.7427100852075437,0.3800199378740164,voice,-223282.39333720328
agronomist,cotton,black_cotton,flood,980213,1.21,0.78,1.19363935740496,2.4,1.0,0.9946994645041334,0.5,1181.7272727272727,16,11817.272727272728,0.10100802316681713,115.5,108.99472602664602,9.397095685878748,0.9436772816159829,12,0,12.0,143.92217286744525,177.15873766947368,0,0.0,68000.0,81167.47630353727,67548.22727272726,13619.24903081001,11386.776779265181,0.76,,0,,0,F027,Igatpuri,2,kharif,0.744652102348011,0.7427100852075437,0.3800199378740164,voice,-69320.21318346096
agripilot,cotton,black_cotton,flood,980213,1.21,0.78,1.4477689558202689,2.4,1.0,0.9860102135741042,0.6117959597380735,1627.5,31,16275.0,0.08895661786914096,47.560447856533386,107.3467646433646,7.934736131837625,2.2570595837780436,6,19,8.85,157.91344723595515,383.71025894180565,0,0.0,68000.0,98448.28899577829,94854.25298783947,3594.0360079388192,9044.473528854369,1.0,0.6390977443609023,133,0.98,0,F027,Igatpuri,2,kharif,0.744652102348011,0.7427100852075437,0.3800199378740164,voice,-107280.89966926319
farmer_practice,wheat,black_cotton,flood,946510,1.21,1.0,5.2307372910895555,5.4,1.0,0.9947511942440561,0.9737661633486007,1890.0,28,18900.0,0.2767585868301352,168.0,118.91404018842542,52.201536641810925,0.7078216677882465,10,0,10.0,27.498528417329858,668.7184295070656,0,0.0,23000.0,120306.95769505978,90752.0,29554.957695059784,16643.763351281938,0.8,,0,,0,F027,Igatpuri,2,rabi,0.744652102348011,0.7427100852075437,0.3800199378740164,voice,-104353.88895771319
agronomist,wheat,black_cotton,flood,946510,1.21,1.0,5.018911894162769,5.4,1.0,0.9947511942440561,0.9343322570775736,851.28,12,8512.8,0.5895723961754967,126.0,118.91404018842542,6.654860424291772,0.943762223717662,1,0,1.0,27.548381030743123,134.76231319057143,0,0.0,23000.0,115434.97356574368,40727.520000000004,74707.45356574368,2145.810305649207,0.98,,0,,0,F027,Igatpuri,2,rabi,0.744652102348011,0.7427100852075437,0.3800199378740164,voice,16907.03091968235
agripilot,wheat,black_cotton,flood,946510,1.21,1.0,5.005185550684183,5.4,1.0,0.9780992160874069,0.9476402780460189,997.5,19,9975.0,0.5017729875372614,73.4290365709088,115.46880332842903,4.936023400536135,1.5725223797117827,5,0,5.0,28.01720472327809,203.2477071561999,0,0.0,23000.0,115119.2676657362,53334.44206055636,61784.825605179845,4640.6390546060065,0.9,0.6736842105263158,95,0.98,0,F027,Igatpuri,2,rabi,0.744652102348011,0.7427100852075437,0.3800199378740164,voice,-6299.746950523251
farmer_practice,soybean,loam,sprinkler,310072,0.59,0.78,2.6494868720606495,3.1,1.0,0.9947511942440563,0.8591828685213966,768.0,24,7680.0,0.34498526979956373,126.0,89.18553014131909,73.48099000796803,0.7078216677882467,11,0,11.0,55.514565037020404,429.01980586999326,0,0.0,46000.0,121876.39611478988,48816.0,73060.39611478988,21426.209286767433,0.78,,0,,0,F028,Igatpuri,2,kharif,0.63134023313953,0.32788949535298156,0.8032835784581384,icon,27884.573202090232
agronomist,soybean,loam,sprinkler,310072,0.59,0.78,2.524421280651962,3.1,1.0,0.9947511942440563,0.8186262555738231,459.54545454545456,12,4595.454545454546,0.5493300511804466,94.5,89.18553014131909,29.934235353319,0.9437622237176624,9,0,9.0,49.199618339367106,214.68682614407214,0,0.0,46000.0,116123.37890999025,35855.045454545456,80268.3334554448,12130.958928651726,0.8200000000000001,,0,,0,F028,Igatpuri,2,kharif,0.63134023313953,0.32788949535298156,0.8032835784581384,icon,55820.90190219169
agripilot,soybean,loam,sprinkler,310072,0.59,0.78,2.5237076849630964,3.1,0.9926403205721149,0.9941960298744774,0.8249230137928915,468.0,18,4680.0,0.5392537788382684,60.42889260402756,89.0993839460396,17.35718914876533,1.4744500537165421,3,14,5.1,42.268799492587156,240.14427508467392,0,0.0,46000.0,116090.55350830243,41714.4378855168,74376.11562278563,7074.7132422110435,1.0,0.6753246753246753,154,0.98,0,F028,Igatpuri,2,kharif,0.63134023313953,0.32788949535298156,0.8032835784581384,icon,55448.229855121324
farmer_practice,grape,loam,sprinkler,343775,0.59,1.0,21.527147026677028,24.0,1.0,0.9946928631048064,0.9017501710478916,1120.0,35,11200.0,1.922066698810449,175.0,123.85622049672551,47.544094368419394,0.70774983140986,16,0,16.0,0.0,252.57571137709556,0,0.48,23920.0,514929.3568781145,70495.0,444434.3568781145,19757.936986315493,0.6799999999999999,,0,,0,F028,Igatpuri,2,rabi,0.63134023313953,0.32788949535298156,0.8032835784581384,icon,387910.3642413978
agronomist,grape,loam,sprinkler,343775,0.59,1.0,19.06054893733244,24.0,0.99120629452354,0.9941551372983055,0.8059460106665906,787.55,20,7875.5,2.4202335010262765,131.25,123.74033131429,10.007234749860997,0.9427834766803048,2,0,2.0,0.0,61.001619133214604,0,0.0,46000.0,876785.2511172923,39742.95,837042.3011172924,3201.3022549749794,0.96,,0,,0,F028,Igatpuri,2,rabi,0.63134023313953,0.32788949535298156,0.8032835784581384,icon,803228.2750060502
agripilot,grape,loam,sprinkler,343775,0.59,1.0,21.528418786469828,24.0,1.0,0.9810390678490521,0.9143544623589472,860.0,49,8600.0,2.5033045100546314,81.36426555755929,120.91359220884746,5.866229991554436,1.4860773507911762,5,21,8.15,0.0,88.36993306006319,0,0.0,46000.0,990307.2641776121,71509.56370116922,918797.7004764429,6760.921398479799,1.0,0.6266666666666667,225,0.98,0,F028,Igatpuri,2,rabi,0.63134023313953,0.32788949535298156,0.8032835784581384,icon,887655.831788545
farmer_practice,soybean,sandy_loam,sprinkler,923461,0.57,0.78,2.592580780294339,3.1,1.0,0.9947511942440563,0.8407292050306641,640.0,20,6400.0,0.4050907469209904,126.0,89.18553014131909,58.9457912568074,0.7078216677882467,11,0,11.0,42.38969791770252,300.1336067010047,0,0.0,46000.0,119258.71589353959,43904.0,75354.71589353959,18691.749707484658,0.78,,0,,0,F029,Chandwad,2,kharif,0.33568615816358777,0.5089618191728925,0.49841990290280136,voice,61397.56593381679
agronomist,soybean,sandy_loam,sprinkler,923461,0.57,0.78,2.4809073353502287,3.1,1.0,0.9947511942440563,0.8045154340637135,556.0,15,5560.0,0.4462063552788181,94.5,89.18553014131909,34.364484033916945,0.9437622237176624,9,0,9.0,47.246450925851754,232.27685369285547,0,0.0,46000.0,114121.73742611051,39554.5,74567.23742611051,12910.825184437716,0.8200000000000001,,0,,0,F029,Chandwad,2,kharif,0.33568615816358777,0.5089618191728925,0.49841990290280136,voice,64663.08725926095
agripilot,soybean,sandy_loam,sprinkler,923461,0.57,0.78,2.5534844977950106,3.1,1.0,0.9947511942440563,0.8280509553286113,496.6453640980035,27,4966.453640980035,0.5141464478245144,66.50000000000001,89.18553014131909,17.670956952958235,1.341135791598783,5,12,6.8,42.46411552810254,192.54321216410733,0,0.0,46000.0,117460.28689857048,46284.44237933212,71175.84451923837,8322.949291285406,1.0,0.7105263157894737,152,0.98,0,F029,Chandwad,2,kharif,0.33568615816358777,0.5089618191728925,0.49841990290280136,voice,66590.34837858198
farmer_practice,wheat,sandy_loam,sprinkler,889758,0.57,1.0,5.2007160446940235,5.4,1.0,0.9947511942440561,0.9681773386199493,640.0,20,6400.0,0.8126118819834411,168.0,118.91404018842542,35.13719286353865,0.7078216677882465,11,0,11.0,0.3590111238085598,143.28948102256032,0,0.0,23000.0,119616.46902796254,45122.0,74494.46902796254,14027.925815551234,0.78,,0,,0,F029,Chandwad,2,rabi,0.33568615816358777,0.5089618191728925,0.49841990290280136,voice,63481.89193260832
agronomist,wheat,sandy_loam,sprinkler,889758,0.57,1.0,4.867991993915764,5.4,1.0,0.9846506860823345,0.9155327992102872,531.062,14,5310.62,0.9166522918069385,126.0,116.8242798791037,17.27337633656312,0.927176824437331,0,0,0.0,0.2877796183730694,87.37923898107944,0,0.0,23000.0,111963.81586006258,27330.108,84633.70786006257,3111.7977571467195,1.0,,0,,0,F029,Chandwad,2,rabi,0.33568615816358777,0.5089618191728925,0.49841990290280136,voice,78153.7012688336
agripilot,wheat,sandy_loam,sprinkler,889758,0.57,1.0,4.915047320233003,5.4,0.9962620595658513,0.956571149063457,0.9550873084282432,568.0,31,5680.0,0.8653252324353878,94.20475417046983,111.01472049588764,8.838813433013145,1.1784407429692885,7,0,7.0,0.2932718434824345,106.16351883667943,0,0.0,23000.0,113046.08836535907,41613.93787094363,71432.15049441544,6493.6258645337075,0.86,0.6390977443609023,133,0.98,0,F029,Chandwad,2,rabi,0.33568615816358777,0.5089618191728925,0.49841990290280136,voice,65421.79226028521
farmer_practice,tomato,sandy,flood,554054,1.17,0.78,35.454319497836266,55.0,0.9735411473103744,0.7565589419861611,0.8752041814048296,1620.0,24,16200.0,2.1885382406071767,210.0,87.04110568607618,125.21892240427331,0.4144814556479818,10,0,10.0,39.556658467325775,713.1777983010315,1,0.19,8910.0,315897.98672572116,81750.0,234147.98672572116,29895.415958975125,0.8,,0,,0,F030,Yeola,2,kharif,0.17879068926442315,0.6062364279230814,0.5390451763982934,text,217101.63251690037
agronomist,tomato,sandy,flood,554054,1.17,0.78,32.96603155074084,55.0,0.9986055915518913,0.800700346879238,0.7496179377132595,1498.1090909090917,35,14981.090909090917,2.200509412217517,157.5,98.45698626187189,68.2957319989555,0.6251237222975993,2,0,2.0,38.410761657983024,631.1758257830583,0,0.0,11000.0,362626.34705814923,70963.20909090912,291663.1379672401,14038.928614733837,0.96,,0,,0,F030,Yeola,2,kharif,0.17879068926442315,0.6062364279230814,0.5390451763982934,text,283353.62786562473
agripilot,tomato,sandy,flood,554054,1.17,0.78,39.26738832800862,55.0,0.8690617135168774,0.9158259261755666,0.8970275395517856,1113.7260328696912,23,11137.260328696912,3.5257673044447015,156.18248108914204,128.23084297643965,32.286878873605744,0.8210321803202189,7,11,8.65,42.64018519032795,458.2531869964065,9,0.0,11000.0,431941.27160809486,73925.97706915461,358015.29453894024,12250.399863961986,0.97,0.6542056074766355,107,0.98,0,F030,Yeola,2,kharif,0.17879068926442315,0.6062364279230814,0.5390451763982934,text,354486.1045992365
farmer_practice,onion,sandy,flood,847777,1.17,1.0,19.077178646300847,34.0,0.7950827020278347,0.8466214912419476,0.8335538003797753,1687.5,25,16875.0,1.1304994753363464,154.0,80.91097247692112,76.40265845224114,0.5253959251748125,10,0,10.0,0.06498220441218272,516.0438318906918,16,0.17,11205.0,213759.786731801,82681.0,131078.786731801,20753.063361243116,0.8,,0,,0,F030,Yeola,2,rabi,0.17879068926442315,0.6062364279230814,0.5390451763982934,text,119201.42730213159
agronomist,onion,sandy,flood,847777,1.17,1.0,22.54474133367421,34.0,0.9995861183501229,0.8208095064973484,0.8081718995035455,2030.0,58,20300.0,1.1105783908213898,115.5,76.01559605984194,59.70087778078685,0.6581436888298003,8,0,8.0,0.06498220441218272,651.5647022124103,0,0.0,13500.0,304354.0080046018,101909.5,202444.5080046018,16346.742840381343,0.84,,0,,0,F030,Yeola,2,rabi,0.17879068926442315,0.6062364279230814,0.5390451763982934,text,193831.7591922485
agripilot,onion,sandy,flood,847777,1.17,1.0,20.168269070770567,34.0,0.7798575243785594,0.919591831421975,0.8271405990798731,1111.7772433433831,25,11117.77243343383,1.8140566549212416,92.46558975302196,94.75017492485733,16.193303517751332,1.0247074092961237,3,12,4.8,0.0,192.1531572504399,20,0.0,13500.0,272271.63245540264,67491.92837651266,204779.70407888998,6274.79463319524,1.0,0.49122807017543857,114,0.644813620807033,0,F030,Yeola,2,rabi,0.17879068926442315,0.6062364279230814,0.5390451763982934,text,203760.79495750304
farmer_practice,cotton,clay_loam,sprinkler,681138,1.13,0.78,1.3969284661341195,2.4,1.0,0.9946994645041334,0.5851551632693821,896.0,28,8960.0,0.1559071948810401,154.0,108.99472602664602,57.406134777886905,0.7077579612119872,15,0,15.0,139.88510352964437,505.61941854412754,0,0.0,68000.0,94991.13569712013,59940.0,35051.13569712013,22092.070191786443,0.7,,0,,0,F031,Niphad,2,kharif,0.3898306209892103,0.6920647519358716,0.1927948269503234,voice,13689.571690810433
agronomist,cotton,clay_loam,sprinkler,681138,1.13,0.78,1.2324378438875123,2.4,1.0,0.9946994645041334,0.5162521812982535,636.4,16,6364.0,0.19365773788301577,115.5,108.99472602664602,29.47565814286563,0.9436772816159829,12,0,12.0,129.53026954742185,337.61906146170026,0,0.0,68000.0,83805.77338435083,47087.1,36718.673384350834,14871.39089164261,0.76,,0,,0,F031,Niphad,2,kharif,0.3898306209892103,0.6920647519358716,0.1927948269503234,voice,22429.046216365205
agripilot,cotton,clay_loam,sprinkler,681138,1.13,0.78,1.360714230442587,2.4,1.0,0.9885595733193251,0.5735256407266314,644.0,23,6440.0,0.21129102957183027,62.477514143386514,107.83026390538927,11.366340984372608,1.7259051577807296,3,20,6.0,133.13631923403713,336.71301177508485,0,0.0,68000.0,92528.56767009592,55597.847910158205,36930.71975993771,7444.168250293404,1.0,0.5688073394495413,218,0.98,2,F031,Niphad,2,kharif,0.3898306209892103,0.6920647519358716,0.1927948269503234,voice,25958.83081333332
farmer_practice,wheat,clay_loam,sprinkler,468647,1.13,1.0,5.221268894387483,5.4,1.0,0.9947511942440561,0.9720035046990552,640.0,20,6400.0,0.8158232647480443,168.0,118.91404018842542,12.94144893091292,0.7078216677882465,11,0,11.0,6.06776098142526,98.55434942635557,0,0.0,23000.0,120089.18457091211,45122.0,74967.18457091211,10084.070656397154,0.78,,0,,0,F031,Niphad,2,rabi,0.3898306209892103,0.6920647519358716,0.1927948269503234,voice,61816.53551699133
agronomist,wheat,clay_loam,sprinkler,468647,1.13,1.0,4.913336429554713,5.4,0.996773881658978,0.9944270701629869,0.9179375901274242,544.988,14,5449.880000000001,0.9015494707323302,126.0,118.84698003372145,5.486227296001564,0.9432300002676306,0,0,0.0,5.043445577349584,55.21735718160842,0,0.0,23000.0,113006.7378797584,27803.592,85203.14587975839,1032.9119234764278,1.0,,0,,0,F031,Niphad,2,rabi,0.3898306209892103,0.6920647519358716,0.1927948269503234,voice,74904.255402406
agripilot,wheat,clay_loam,sprinkler,468647,1.13,1.0,4.708104281300159,5.4,0.9318754623734106,0.9679134303034203,0.9666247737534538,486.0,24,4860.0,0.9687457368930368,74.36245400816749,113.36139937312146,3.015234919689402,1.5244440340910559,9,1,9.15,5.092494202120777,66.27718927568603,0,0.0,23000.0,108286.39846990365,40330.51116623686,67955.8873036668,6993.57473336318,0.8300000000000001,0.5367647058823529,136,0.8273943442159821,0,F031,Niphad,2,rabi,0.3898306209892103,0.6920647519358716,0.1927948269503234,voice,59018.60152868601
farmer_practice,tomato,sandy,drip,632173,2.1,0.78,42.02279296662856,55.0,0.9502603081722547,0.8955044434945442,0.8978667511731531,504.0,21,5040.0,8.337855747346936,210.0,122.97528711065799,91.69274700689408,0.5855966052888476,16,0,16.0,37.5949136065463,487.64409389950913,5,0.256,8184.0,343914.5376388881,46296.0,297618.5376388881,28043.048683699853,0.6799999999999999,,0,,0,F032,Chandwad,2,kharif,0.6615329939678067,0.34652207299073745,0.3461865823460429,icon,268921.1187918723
agronomist,tomato,sandy,drip,632173,2.1,0.78,31.09175813771387,55.0,0.9981374847335538,0.8226841429120755,0.6884289087064166,776.5333333333334,34,7765.333333333334,4.003918029410268,157.5,104.14245075312299,63.31664563711094,0.661221909543638,3,0,3.0,59.18810363155817,676.4526219139972,0,0.0,11000.0,342009.33951485256,39699.63333333333,302309.7061815192,14029.689147363992,0.94,,0,,0,F032,Chandwad,2,kharif,0.6615329939678067,0.34652207299073745,0.3461865823460429,icon,261755.29986087067
agripilot,tomato,sandy,drip,632173,2.1,0.78,41.76534440155273,55.0,0.9302951179575939,0.9350618967931688,0.8729558416362415,410.5291989475576,32,4105.291989475576,10.17353808416633,147.2968111715232,133.20566296375054,24.54020971420379,0.9043350083705215,6,13,7.95,47.607465219392026,398.44170436791416,6,0.0,11000.0,459418.78841708007,44829.600288191126,414589.18812888896,10410.704935531212,1.0,0.5611111111111111,180,0.98,3,F032,Chandwad,2,kharif,0.6615329939678067,0.34652207299073745,0.3461865823460429,icon,398830.3651050439
farmer_practice,onion,sandy,drip,598470,2.1,1.0,19.052441908911984,34.0,0.6836995231313088,0.9490998066977652,0.8635640752788608,528.0,22,5280.0,3.6084170282030272,154.0,100.34651506336928,35.62763288287066,0.6516007471647356,17,0,17.0,0.41450571703792866,95.74603576220295,37,0.22400000000000003,10476.0,199593.38143776194,46868.0,152725.38143776194,18316.70447037006,0.6599999999999999,,0,,0,F032,Chandwad,2,rabi,0.6615329939678067,0.34652207299073745,0.3461865823460429,icon,127095.60411959136
agronomist,onion,sandy,drip,598470,2.1,1.0,27.170972103637894,34.0,0.9892352079050172,0.9900490801325934,0.8159620679982817,644.4000000000001,61,6444.000000000001,4.216476117882975,115.5,108.11275657687116,14.755999582881078,0.936041182483733,8,0,8.0,1.4500665158001118,130.21246328601038,0,0.0,13500.0,366808.12339911156,41549.100000000006,325259.0233991116,8269.130523560796,0.84,,0,,0,F032,Chandwad,2,rabi,0.6615329939678067,0.34652207299073745,0.3461865823460429,icon,295634.2223145447
agripilot,onion,sandy,drip,598470,2.1,1.0,23.990646793035374,34.0,0.8657661589581657,0.9558346605895263,0.8526673995935454,532.5468884760588,63,5325.4688847605885,4.504889111583627,87.10177238305526,101.62381493939291,6.813569308318427,1.1667249948999059,7,11,8.65,1.4500665158001094,49.7797729882599,8,0.0,13500.0,323873.7317059775,48252.5456072946,275621.1860986829,7294.493074139518,0.97,0.559322033898305,177,0.9178603506049459,0,F032,Chandwad,2,rabi,0.6615329939678067,0.34652207299073745,0.3461865823460429,icon,255025.94466831227
farmer_practice,soybean,black_cotton,drip,900723,0.77,0.78,2.5905347378272405,3.1,1.0,0.9947511942440563,0.8400657087686008,432.0,18,4320.0,0.5996608189414908,126.0,89.18553014131909,9.55451808325795,0.7078216677882467,13,0,13.0,177.94682913898185,123.36147472662839,0,0.0,46000.0,119164.59794005306,37272.0,81892.59794005306,12421.334717237269,0.74,,0,,0,F033,Yeola,2,kharif,0.37750982609565653,0.23677450173007586,0.661296020453432,voice,75415.00995590925
agronomist,soybean,black_cotton,drip,900723,0.77,0.78,2.385515818439222,3.1,0.9959136629392872,0.9938558885810624,0.7774554299724836,352.22222222222223,12,3522.222222222222,0.6772757844149211,94.5,89.04660340050968,5.321249955308806,0.9422920994762929,9,0,9.0,164.8711911132286,92.67790088097223,0,0.0,46000.0,109733.7276482042,30886.055555555555,78847.67209264866,8741.665711974643,0.8200000000000001,,0,,0,F033,Yeola,2,kharif,0.37750982609565653,0.23677450173007586,0.661296020453432,voice,74723.8753172853
agripilot,soybean,black_cotton,drip,900723,0.77,0.78,2.378515181397363,3.1,1.0,0.9947511942440563,0.7713114255913538,300.16769932188447,16,3001.6769932188445,0.7923954465356265,38.80810756185177,89.18553014131909,1.8118786001176315,2.2981159284609936,3,13,4.95,164.95350193342148,54.97613293951182,0,0.0,46000.0,109411.6983442787,31781.136896237775,77630.56144804093,5275.719665421967,1.0,0.5388888888888889,180,0.98,0,F033,Yeola,2,kharif,0.37750982609565653,0.23677450173007586,0.661296020453432,voice,77539.48357408046
farmer_practice,wheat,black_cotton,drip,249062,0.77,1.0,5.282004163392773,5.4,0.999568069644959,0.9947459393358524,0.983740224741359,432.0,18,4320.0,1.2226861489335124,168.0,118.91295296603843,5.319410610346136,0.7078151962264192,13,0,13.0,1.3798362385512306,65.82623656942472,0,0.0,23000.0,121486.09575803377,38490.0,82996.09575803377,10069.912436009265,0.74,,0,,0,F033,Yeola,2,rabi,0.37750982609565653,0.23677450173007586,0.661296020453432,voice,78611.28327911027
agronomist,wheat,black_cotton,drip,249062,0.77,1.0,5.063287972910925,5.4,0.9987217008303613,0.9947254759474238,0.9438242708497723,414.44444444444446,14,4144.444444444444,1.2217048728203306,126.0,118.90871916153596,2.5728208928641374,0.9437199933455235,0,0,0.0,1.2934774004873162,44.96064921824575,0,0.0,23000.0,116455.62337695128,21825.11111111111,94630.51226584017,474.74905731993056,1.0,,0,,0,F033,Yeola,2,rabi,0.37750982609565653,0.23677450173007586,0.661296020453432,voice,91778.84392977862
agripilot,wheat,black_cotton,drip,249062,0.77,1.0,4.9257165956396385,5.4,0.9549943682910592,0.9824005871662789,0.9722685483429957,351.33333333333337,28,3513.333333333334,1.402006621149802,69.31600087921136,116.35874217233359,0.6164166151429719,1.6786707354207862,7,0,7.0,1.1358055325427654,20.91570441499629,0,0.0,23000.0,113291.48169971169,29125.497358830464,84165.98434088123,5021.17724051862,0.86,0.6666666666666666,153,0.98,0,F033,Yeola,2,rabi,0.37750982609565653,0.23677450173007586,0.661296020453432,voice,82108.35513758738
farmer_practice,soybean,loam,drip,295178,0.7,0.78,2.6239736898885737,3.1,1.0,0.9947511942440563,0.850909383842205,576.0,24,5760.0,0.45555098782787734,126.0,89.18553014131909,53.94034307977951,0.7078216677882467,16,0,16.0,55.042386658970926,266.5949987695382,0,0.0,46000.0,120702.78973487439,46398.0,74304.78973487439,21404.64323429105,0.6799999999999999,,0,,0,F034,Yeola,2,kharif,0.4677500534036552,0.45608830189896865,0.5390006797722232,voice,53219.12996732582
agronomist,soybean,loam,drip,295178,0.7,0.78,2.4316182467850203,3.1,0.9835716762298735,0.9945494528611318,0.8018650838004224,379.6212121212121,13,3796.212121212121,0.6405380334775947,94.5,89.15422544396873,23.28718868555699,0.9434309570790341,8,0,8.0,47.159736149399734,141.71566976178667,0,0.0,46000.0,111854.43935211093,30497.621212121212,81356.81813998971,10216.131588744856,0.84,,0,,0,F034,Yeola,2,kharif,0.4677500534036552,0.45608830189896865,0.5390006797722232,voice,69806.27927548166
agripilot,soybean,loam,drip,295178,0.7,0.78,2.4714931774730506,3.1,0.9685798577155568,0.9944060378217965,0.827748754907042,381.00000000000006,25,3810.0000000000005,0.6486858733525067,58.143102431108865,89.13197138614085,13.157129279128633,1.532975841661516,5,12,6.8,53.402242338545385,156.08940221059783,0,0.0,46000.0,113688.68616376033,37460.149970502156,76228.53619325817,7608.903451290062,1.0,0.6540880503144654,159,0.9748853612459082,0,F034,Yeola,2,kharif,0.4677500534036552,0.45608830189896865,0.5390006797722232,voice,67921.2372979648
farmer_practice,grape,loam,drip,328881,0.7,1.0,20.729068697363207,24.0,1.0,0.9946928631048064,0.8683194861049903,840.0,35,8400.0,2.46774627349562,175.0,123.85622049672551,48.72010875491521,0.70774983140986,24,0,24.0,2.417337991918614,265.69264210093274,0,0.48,23920.0,495839.3232409279,67925.0,427914.3232409279,25591.375617812006,0.52,,0,,0,F034,Yeola,2,rabi,0.4677500534036552,0.45608830189896865,0.5390006797722232,voice,400648.42046649405
agronomist,grape,loam,drip,328881,0.7,1.0,17.215374571524034,24.0,0.9989348460700649,0.9946628919939067,0.7219251235225419,596.25,20,5962.5,2.887274561261892,131.25,123.84976120558335,11.668199804796318,0.943617228233016,1,0,1.0,1.4359924814644465,77.38509903473195,0,0.0,46000.0,791907.2302901056,29688.75,762218.4802901056,2813.199897196517,0.98,,0,,0,F034,Yeola,2,rabi,0.4677500534036552,0.45608830189896865,0.5390006797722232,voice,747666.5539491937
agripilot,grape,loam,drip,328881,0.7,1.0,20.655022959989303,24.0,0.9961481894092928,0.9769349038604029,0.88435139273746,594.6666666666666,46,5946.666666666666,3.473378300446632,81.66571232287396,120.02907410784547,6.097011713704257,1.469760939980514,5,21,8.15,0.8198840973694999,94.72368082800814,0,0.0,46000.0,950131.056159508,57376.97232403001,892754.0838354779,6809.841065343092,1.0,0.6428571428571429,252,0.98,0,F034,Yeola,2,rabi,0.4677500534036552,0.45608830189896865,0.5390006797722232,voice,882601.970187183
farmer_practice,tomato,loam,flood,383737,2.3,0.78,44.80257577716839,55.0,0.9994274693073212,0.9108080391449773,0.8948745488437876,1687.5,25,16875.0,2.654967453461831,210.0,126.93311357197692,102.88913988696078,0.6044433979617948,16,0,16.0,50.522448193741326,723.5172747214375,0,0.256,8184.0,366664.2801603461,92405.0,274259.2801603461,30174.747213396615,0.6799999999999999,,0,,0,F035,Yeola,2,kharif,0.5922672324247686,0.7566765025071305,0.6870469555950143,text,178970.94538246733
agronomist,tomato,loam,flood,383737,2.3,0.78,39.68186485146275,55.0,1.0,0.9014894305208319,0.8003293520900631,1110.3636363636365,18,11103.636363636364,3.57377201052964,157.5,124.52312858297378,48.43287748908183,0.7906230386220557,7,0,7.0,49.24758322519559,407.22714352541385,0,0.0,11000.0,436500.51336609025,60109.86363636364,376390.6497297266,14061.146197061491,0.86,,0,,0,F035,Yeola,2,kharif,0.5922672324247686,0.7566765025071305,0.6870469555950143,text,317868.2648425141
agripilot,tomato,loam,flood,383737,2.3,0.78,44.72176813643978,55.0,0.9967151745784716,0.95845351466195,0.8511657732077287,1155.0,22,11550.0,3.8720145572675135,127.82888278539991,139.25521930912498,18.207389752932254,1.0893877523979278,3,15,5.25,49.195785133652855,435.7887521888813,0,0.0,11000.0,491939.44950083754,72087.03760077659,419852.41190006095,7395.092221730682,1.0,0.46218487394957986,119,0.8468065541808579,0,F035,Yeola,2,kharif,0.5922672324247686,0.7566765025071305,0.6870469555950143,text,365332.0104213101
farmer_practice,wheat,loam,flood,417440,2.3,1.0,5.263281965651321,5.4,1.0,0.9947511942440561,0.9798247553064541,1620.0,24,16200.0,0.32489394849699516,168.0,118.91404018842542,58.721575077168986,0.7078216677882465,16,0,16.0,1.3907483544774546,477.00962153071674,0,0.0,23000.0,121055.48520998038,88632.0,32423.485209980383,21782.400249080714,0.6799999999999999,,0,,0,F035,Yeola,2,rabi,0.5922672324247686,0.7566765025071305,0.6870469555950143,text,-53787.745827278464
agronomist,wheat,loam,flood,417440,2.3,1.0,5.002489650053145,5.4,1.0,0.9947511942440561,0.9312750540963719,844.95,12,8449.5,0.5920456417602397,126.0,118.91404018842542,13.014701720573981,0.943762223717662,0,0,0.0,1.0240510079190925,99.68586917891591,0,0.0,23000.0,115057.26195122235,39162.3,75894.96195122234,2351.8627687745884,1.0,,0,,0,F035,Yeola,2,rabi,0.5922672324247686,0.7566765025071305,0.6870469555950143,text,36768.45439394619
agripilot,wheat,loam,flood,417440,2.3,1.0,4.986954713509346,5.4,1.0,0.9605051313712427,0.9614838088505915,1050.0,20,10500.0,0.474948067953271,89.32420982496885,111.82864786991229,10.078804000814136,1.2519410816960035,7,0,7.0,1.8064073341319167,176.94652884883345,0,0.0,23000.0,114699.95841071496,57580.4020849241,57119.55632579086,6730.442386153732,0.86,0.53125,96,0.870806554180858,0,F035,Yeola,2,rabi,0.5922672324247686,0.7566765025071305,0.6870469555950143,text,6679.106007925481
farmer_practice,soybean,clay_loam,sprinkler,870147,1.31,0.78,2.5760195354549444,3.1,1.0,0.9947511942440563,0.8353586791384828,640.0,20,6400.0,0.4025030524148351,126.0,89.18553014131909,13.592404566606177,0.7078216677882467,12,0,12.0,100.90640650575509,95.79933047686723,0,0.0,46000.0,118496.89863092745,45254.0,73242.89863092745,11754.790480540907,0.76,,0,,0,F036,Yeola,2,kharif,0.5886390236615522,0.3096061703621545,0.37982092354631025,text,50484.02594927974
agronomist,soybean,clay_loam,sprinkler,870147,1.31,0.78,2.450005790745614,3.1,0.9986079055927117,0.9943538252620316,0.7959200925183654,495.57575757575756,13,4955.757575757576,0.4943756334511756,94.5,89.12386943721182,2.8557132323017846,0.943109729494305,9,0,9.0,86.39808637109064,25.583938514833424,0,0.0,46000.0,112700.26637429824,37220.07575757576,75480.19061672248,7591.611159154138,0.8200000000000001,,0,,0,F036,Yeola,2,kharif,0.5886390236615522,0.3096061703621545,0.37982092354631025,text,59248.139841041804
agripilot,soybean,clay_loam,sprinkler,870147,1.31,0.78,2.5594978078264696,3.1,0.9966619017425887,0.9947219709588604,0.832805338098445,450.37154586588736,24,4503.715458658873,0.5683080628252307,41.722645641304524,89.18099549361628,0.0,2.1374722077865793,7,11,8.65,86.44679604232613,0.0,0,0.0,46000.0,117736.89916001761,44412.589283038,73324.3098769796,6833.021164380935,0.97,0.7006369426751592,157,0.98,1,F036,Yeola,2,kharif,0.5886390236615522,0.3096061703621545,0.37982092354631025,text,61893.45238489399
farmer_practice,grape,clay_loam,sprinkler,836444,1.31,1.0,21.036469711065926,24.0,1.0,0.9946928631048064,0.8811962001601881,960.0,30,9600.0,2.191298928236034,175.0,123.85622049672551,25.134695627745053,0.70774983140986,17,0,17.0,1.235659150520647,167.30885899909072,0,0.48,23920.0,503192.35548869695,65705.0,437487.35548869695,16435.366145348795,0.6599999999999999,,0,,0,F036,Yeola,2,rabi,0.5886390236615522,0.3096061703621545,0.37982092354631025,text,403238.92631356337
agronomist,grape,clay_loam,sprinkler,836444,1.31,1.0,17.920925476162214,24.0,0.981658809605154,0.9929998528636317,0.7660188196921596,783.0466666666666,20,7830.466666666666,2.288615256157004,131.25,123.49134759992064,8.521046432857272,0.9408864579041573,1,0,1.0,1.1979878916599138,79.61894600270517,0,0.0,46000.0,824362.5719034618,38239.83666666667,786122.7352367952,2244.5702489392484,0.98,,0,,0,F036,Yeola,2,rabi,0.5886390236615522,0.3096061703621545,0.37982092354631025,text,758694.6653140238
agripilot,grape,clay_loam,sprinkler,836444,1.31,1.0,21.305964441495302,24.0,1.0,0.9730594205530185,0.9123271401977731,768.0,47,7680.0,2.7742141199863677,66.64256755690572,119.19384063642642,2.5146136529508496,1.7885541479872824,6,21,9.15,1.0933240881030002,51.986199029669656,0,0.0,46000.0,980074.3643087839,68004.63445915026,912069.7298496336,6867.470374324081,1.0,0.7129629629629629,216,0.98,0,F036,Yeola,2,rabi,0.5886390236615522,0.3096061703621545,0.37982092354631025,text,892437.9129768892
farmer_practice,tomato,loam,drip,269086,1.74,0.78,39.72744478144288,55.0,0.8105576931617535,0.992445968287792,0.8979189543864241,432.0,18,4320.0,9.196167773482149,210.0,148.04637110891173,49.60375564617322,0.7049827195662464,13,0,13.0,66.24013660780433,240.60368629348318,11,0.256,8184.0,325129.4080913285,39708.0,285421.4080913285,18624.83724578142,0.74,,0,,0,F037,Yeola,2,kharif,0.46927106118341183,0.46858466554449973,0.3555510995238104,voice,271850.83645352436
agronomist,tomato,loam,drip,269086,1.74,0.78,38.63932730837873,55.0,0.942857237215713,0.9256051076880065,0.8049987129175395,519.3333333333334,19,5193.333333333334,7.4401785574541845,157.5,130.75994164344996,31.6531418595774,0.8302218517044442,6,0,6.0,70.39975247279516,264.32210613496585,1,0.0,11000.0,425032.60039216606,34554.833333333336,390477.76705883275,10531.163306979088,0.88,,0,,0,F037,Yeola,2,kharif,0.46927106118341183,0.46858466554449973,0.3555510995238104,voice,376374.6090101326
agripilot,tomato,loam,drip,269086,1.74,0.78,44.64228934537936,55.0,0.9967118516579226,0.9216409276978386,0.8835932585060511,461.9517102431111,43,4619.517102431111,9.66384328827043,113.40014335281094,129.7347226804755,10.245025626057387,1.1440437273244386,6,13,7.95,62.210894422357526,179.20934781054638,0,0.0,11000.0,491065.182799173,45864.96230549729,445200.2204936757,7969.002662491547,1.0,0.6613756613756614,189,0.98,0,F037,Yeola,2,kharif,0.46927106118341183,0.46858466554449973,0.3555510995238104,voice,436905.48213228316
farmer_practice,grape,loam,drip,235383,1.74,1.0,19.99820063366598,24.0,0.9914965639897991,0.9944553439440167,0.8450904229479528,624.0,26,6240.0,3.2048398451387787,175.0,123.8050310224174,24.396698421371994,0.7074573201280994,19,0,19.0,1.3405595521584748,111.94501899100435,0,0.48,23920.0,478356.9591572903,53561.0,424795.9591572903,17703.470751816385,0.62,,0,,0,F037,Yeola,2,rabi,0.46927106118341183,0.46858466554449973,0.3555510995238104,voice,408446.487720581
agronomist,grape,loam,drip,235383,1.74,1.0,16.408302603976463,24.0,0.9898894555617586,0.9940430839243648,0.6948011184526273,596.25,20,5962.5,2.751916579283264,131.25,123.71618188025103,13.136928074295225,0.9425994809923888,1,0,1.0,0.9078288519200108,81.73704111061662,0,0.0,46000.0,754781.9197829172,29688.75,725093.1697829172,3072.8175130404206,0.98,,0,,0,F037,Yeola,2,rabi,0.46927106118341183,0.46858466554449973,0.3555510995238104,voice,710591.8695201466
agripilot,grape,loam,drip,235383,1.74,1.0,18.955228732675835,24.0,0.9582291467324393,0.9476943034463661,0.8697213690584773,505.6666666666669,47,5056.666666666669,3.748562043376894,71.66516484626857,113.72722057033752,2.6719358654350454,1.586924704831109,4,23,7.449999999999999,0.34035305055626636,34.913581953631656,0,0.0,46000.0,871940.5217030884,53640.95644720846,818299.56525588,5699.011633233314,1.0,0.6716417910447762,268,0.98,0,F037,Yeola,2,rabi,0.46927106118341183,0.46858466554449973,0.3555510995238104,voice,811409.0575865046
farmer_practice,soybean,sandy,flood,953844,0.34,0.78,2.5477703762107415,3.1,1.0,0.9582103299809113,0.8577046040583354,2362.5,35,23625.0,0.1078421323263806,126.0,83.51539603152071,96.12072843055856,0.6628206034247676,12,0,12.0,5.999656653832683,1003.9580078015318,0,0.0,46000.0,117197.43730569411,110119.0,7078.437305694111,25755.728027385037,0.76,,0,,0,F038,Niphad,2,kharif,0.22906187609989473,0.8024184972891436,0.34032055182619547,text,-21835.5346049525
agronomist,soybean,sandy,flood,953844,0.34,0.78,2.495528475096819,3.1,1.0,0.9947511942440563,0.809256817356078,1238.1818181818185,20,12381.818181818184,0.2015478210430617,94.5,89.18553014131909,55.52050754563718,0.9437622237176624,9,0,9.0,6.9914160965031416,384.5912483588615,0,0.0,46000.0,114794.30985445368,65848.68181818182,48945.62803627185,16356.61410308322,0.8200000000000001,,0,,0,F038,Niphad,2,kharif,0.22906187609989473,0.8024184972891436,0.34032055182619547,text,33259.734148942785
agripilot,soybean,sandy,flood,953844,0.34,0.78,2.6264129534334035,3.1,1.0,0.9947511942440563,0.8517003949136797,1125.7000809546648,24,11257.000809546647,0.23331373941148156,66.50000000000001,89.18553014131909,39.68550891061189,1.341135791598783,8,10,9.5,5.3347035517758625,324.3830054286543,0,0.0,46000.0,120814.99585793656,71602.3027524586,49212.693105477956,13841.403935876122,0.94,0.7045454545454546,88,0.98,0,F038,Niphad,2,kharif,0.22906187609989473,0.8024184972891436,0.34032055182619547,text,36447.35007026736
farmer_practice,onion,sandy,flood,987547,0.34,1.0,21.50726124397204,34.0,0.9586217468998721,0.7708652987431425,0.8560131187370473,2565.0,38,25650.0,0.8384897171139197,154.0,66.54341872714772,90.95493858731797,0.43210012160485534,12,0,12.0,0.0,914.7435217199913,1,0.22400000000000003,10476.0,225310.06879185108,118596.0,106714.06879185108,24771.888945717234,0.76,,0,,0,F038,Niphad,2,rabi,0.22906187609989473,0.8024184972891436,0.34032055182619547,text,76638.16990809112
agronomist,onion,sandy,flood,987547,0.34,1.0,22.623878429478218,34.0,0.9970866133211688,0.8295052659187528,0.8045186356785642,1925.0,55,19250.0,1.1752664119209464,115.5,77.66479181217727,54.21047074410071,0.6724224399322707,7,0,7.0,0.0,557.9390051023288,0,0.0,13500.0,305422.35879795597,96209.5,209212.85879795597,14657.884733938128,0.86,,0,,0,F038,Niphad,2,rabi,0.22906187609989473,0.8024184972891436,0.34032055182619547,text,189009.56445927717
agripilot,onion,sandy,flood,987547,0.34,1.0,22.784036918376405,34.0,0.8493758910110583,0.9292454032733237,0.8490268162818966,1270.6605434571456,29,12706.605434571456,1.793086047701364,96.26097339719911,96.58102475873383,17.78963119394343,1.0033248298894102,5,13,6.95,0.0,228.00776719321686,8,0.0,13500.0,307584.49839808146,77644.02670606173,229940.47169201972,8067.133614909817,1.0,0.6344086021505376,93,0.9199999999999999,0,F038,Niphad,2,rabi,0.22906187609989473,0.8024184972891436,0.34032055182619547,text,218568.10075497572
farmer_practice,cotton,clay_loam,sprinkler,773790,1.85,0.78,1.4414930933628263,2.4,1.0,0.9946994645041334,0.6038227059204526,1056.0,33,10560.0,0.13650502778057066,154.0,108.99472602664602,55.025144967051254,0.7077579612119872,20,0,20.0,205.4341176278433,565.4104435160933,0,0.0,68000.0,98021.53034867218,72830.0,25191.530348672182,25753.433152719816,0.6,,0,,0,F039,Igatpuri,2,kharif,0.36914754002950706,0.5539949332517224,0.35070709278105666,text,3622.8515474138385
agronomist,cotton,clay_loam,sprinkler,773790,1.85,0.78,1.238427930735772,2.4,1.0,0.9946994645041334,0.5187613507601596,636.4,16,6364.0,0.1945989834594236,115.5,108.99472602664602,23.00224085672138,0.9436772816159829,13,0,13.0,192.64926003413177,265.57342452079166,0,0.0,68000.0,84213.09929003249,48437.1,35775.999290032494,14974.246694517034,0.74,,0,,0,F039,Igatpuri,2,kharif,0.36914754002950706,0.5539949332517224,0.35070709278105666,text,23934.70036007889
agripilot,cotton,clay_loam,sprinkler,773790,1.85,0.78,1.4571399914719443,2.4,1.0,0.9455319380776788,0.6421165046499269,682.0,25,6820.0,0.21365689024515314,53.3377965545484,99.66985032507702,9.933422395354789,1.8686533145992443,10,15,12.25,200.88725171735322,318.4212905229483,0,0.0,68000.0,99085.51942009221,61194.796100081905,37890.72332001031,12171.00129662004,0.9500000000000001,0.6824644549763034,211,0.98,1,F039,Igatpuri,2,kharif,0.36914754002950706,0.5539949332517224,0.35070709278105666,text,28801.814702058473
farmer_practice,onion,clay_loam,sprinkler,375995,1.85,1.0,27.806223798265027,34.0,0.9662076162870821,0.9940370141947832,0.8515106498678131,800.0,25,8000.0,3.4757779747831283,154.0,108.86908889901063,10.336886961879289,0.7069421357078612,15,0,15.0,0.0,79.66535362825965,0,0.22400000000000003,10476.0,291298.00051062444,56256.0,235042.00051062444,12360.639653138272,0.7,,0,,0,F039,Igatpuri,2,rabi,0.36914754002950706,0.5539949332517224,0.35070709278105666,text,222122.91841536688
agronomist,onion,clay_loam,sprinkler,375995,1.85,1.0,26.683524391057365,34.0,1.0,0.9947391969891421,0.7889601046072163,796.8400000000004,37,7968.400000000003,3.3486677866393952,115.5,109.00226149794076,4.119259247105115,0.943742523791695,8,0,8.0,0.0,50.87603646227802,0,0.0,13500.0,360227.57927927445,50082.06000000001,310145.51927927445,6341.46666447892,0.84,,0,,0,F039,Igatpuri,2,rabi,0.36914754002950706,0.5539949332517224,0.35070709278105666,text,298758.2613064843
agripilot,onion,clay_loam,sprinkler,375995,1.85,1.0,27.422177865548612,34.0,0.9728440813545306,0.9942931091062788,0.8338066524079053,716.555681395729,54,7165.556813957291,3.826943052371709,61.17437765275553,108.91765862360461,0.0,1.7804457160456055,5,14,7.1,0.0,0.0,1,0.0,13500.0,370199.40118490625,57926.950119384695,312272.45106552157,4970.0,1.0,0.7132867132867133,143,0.98,0,F039,Igatpuri,2,rabi,0.36914754002950706,0.5539949332517224,0.35070709278105666,text,304947.96910289815
farmer_practice,tomato,loam,flood,652159,0.3,0.78,47.23503075352525,55.0,1.0,0.9432285299154612,0.9105097160813824,1957.5,29,19575.0,2.413028390984687,210.0,135.3177232539986,80.6176871205982,0.6443701107333266,15,0,15.0,76.42730205582255,722.020168275235,0,0.256,8184.0,386571.49168685067,101275.0,285296.49168685067,25699.029400210078,0.7,,0,,0,F040,Chandwad,2,kharif,0.4701967436293247,0.49409242154239696,0.6809881675306497,voice,223060.16836338452
agronomist,tomato,loam,flood,652159,0.3,0.78,41.47401665335541,55.0,0.999518371109622,0.9712458123851535,0.7767718313954979,1128.818181818182,18,11288.18181818182,3.6741095529267094,157.5,142.5635721685742,25.852230907939816,0.9051655375782489,5,0,5.0,60.587867431899916,272.53573363378257,0,0.0,11000.0,456214.18318690953,58037.31818181819,398176.86500509136,8698.692370316267,0.9,,0,,0,F040,Chandwad,2,kharif,0.4701967436293247,0.49409242154239696,0.6809881675306497,voice,366665.7683255129
agripilot,tomato,loam,flood,652159,0.3,0.78,44.792966037488036,55.0,0.9930196124113754,0.9314637521688607,0.8804878072533167,1120.0,23,11200.0,3.99937196763286,119.63816093966001,132.27510831953293,13.712475309494566,1.105626392788221,5,13,6.95,65.20633321261982,314.97839914898543,0,0.0,11000.0,492722.6264123684,71879.50666725014,420843.11974511825,7920.1025546226,1.0,0.6306306306306306,111,0.98,0,F040,Chandwad,2,kharif,0.4701967436293247,0.49409242154239696,0.6809881675306497,voice,393350.6305367536
farmer_practice,onion,loam,flood,865754,0.3,1.0,28.984842052555074,34.0,0.9941552819858168,0.9900617145169275,0.8661149400499014,2025.0,30,20250.0,1.4313502248175345,154.0,108.1151527532104,64.18165350805612,0.7020464464494182,15,0,15.0,0.3086201812321022,618.0324632135903,0,0.22400000000000003,10476.0,303645.20534256694,102206.0,201439.20534256694,22055.47521308119,0.7,,0,,0,F040,Chandwad,2,rabi,0.4701967436293247,0.49409242154239696,0.6809881675306497,voice,139775.16017748168
agronomist,onion,loam,flood,865754,0.3,1.0,27.170451692560228,34.0,1.0,0.9947391969891421,0.8033572363016546,1230.0000000000005,34,12300.000000000004,2.2089798124032702,115.5,109.00226149794076,16.668969610726343,0.943742523791695,9,0,9.0,0.13767515173708275,168.67096662304147,0,0.14,11610.0,315448.9441506243,69819.50000000001,245629.44415062427,9301.653606296375,0.8200000000000001,,0,,0,F040,Chandwad,2,rabi,0.4701967436293247,0.49409242154239696,0.6809881675306497,voice,212920.65697684683
agripilot,onion,loam,flood,865754,0.3,1.0,24.360076485896492,34.0,0.9240785354473069,0.937623405350823,0.826917928705577,1162.6433795561284,27,11626.433795561283,2.095232030237564,70.20829955023746,98.16995618722508,8.153622067726493,1.3982671110981644,3,15,5.25,0.3278299898704409,163.84034310430408,1,0.0,13500.0,328861.03255960264,71855.91559186525,257005.11696773738,5145.602442099603,1.0,0.6421052631578947,95,0.9755819271737217,0,F040,Chandwad,2,rabi,0.4701967436293247,0.49409242154239696,0.6809881675306497,voice,230079.39725300195
farmer_practice,soybean,sandy_loam,sprinkler,300242,0.48,0.78,2.4578880346094523,3.1,0.916350531056273,0.9863053966388784,0.8772580381342199,576.0,18,5760.0,0.42671667267525215,126.0,87.87497534051562,51.42621684585051,0.6974204392104414,16,0,16.0,47.027044980902325,223.79217672610676,10,0.0,46000.0,113062.8495920348,48198.0,64864.84959203481,20879.962437081213,0.6799999999999999,,0,,0,F041,Yeola,2,kharif,0.3680934983625696,0.6551891343486007,0.23380489427993592,text,51677.32715017454
agronomist,soybean,sandy_loam,sprinkler,300242,0.48,0.78,2.4562077687856707,3.1,0.9757555643856902,0.9920729423902597,0.8185001537348084,596.0,16,5960.0,0.4121153974472602,94.5,88.7699393364196,39.13536332013724,0.9393644374224296,9,0,9.0,42.53712366067316,219.80615183740716,2,0.0,46000.0,112985.55736414086,41054.5,71931.05736414086,13727.199510570761,0.8200000000000001,,0,,0,F041,Yeola,2,kharif,0.3680934983625696,0.6551891343486007,0.23380489427993592,text,59664.78412428793
agripilot,soybean,sandy_loam,sprinkler,300242,0.48,0.78,2.6009620543855365,3.1,1.0,0.9947511942440563,0.8434471075768045,538.0,29,5380.0,0.48345019598244177,63.92542426526643,89.18553014131909,21.053549170258307,1.3951496007477828,6,10,7.5,47.5276435378925,164.99096502956894,0,0.0,46000.0,119644.25450173469,46545.83730369272,73098.41719804196,9467.387642487529,0.98,0.6455696202531646,158,0.98,2,F041,Yeola,2,kharif,0.3680934983625696,0.6551891343486007,0.23380489427993592,text,64517.50384453519
farmer_practice,onion,sandy_loam,sprinkler,266539,0.48,1.0,19.13586684099172,34.0,0.6845463041328301,0.9538642130261397,0.8619455619321745,608.0,19,6080.0,3.147346519899954,154.0,101.25010936702651,20.949547153134294,0.6574682426430293,17,0,17.0,3.1499779395533585,90.58834788339371,34,0.22400000000000003,10476.0,200467.34102622926,51588.0,148879.34102622926,15699.268289020154,0.6599999999999999,,0,,0,F041,Yeola,2,rabi,0.3680934983625696,0.6551891343486007,0.23380489427993592,text,137280.92349236182
agronomist,onion,sandy_loam,sprinkler,266539,0.48,1.0,26.57734696413295,34.0,0.9993897902240592,0.9947064257560123,0.7863264368838114,761.6799999999996,44,7616.799999999996,3.4893061343520855,115.5,108.99604626407131,15.27206238256568,0.9436887122430416,8,0,8.0,4.552528210722111,113.63380264349284,0,0.0,13500.0,358794.18401579483,49866.61999999999,308927.56401579484,8389.943982758323,0.84,,0,,0,F041,Yeola,2,rabi,0.3680934983625696,0.6551891343486007,0.23380489427993592,text,296039.9732117328
agripilot,onion,sandy_loam,sprinkler,266539,0.48,1.0,27.357179295997067,34.0,0.9722278200805244,0.9943749495442982,0.8322890494712727,777.8247908659166,55,7778.247908659167,3.5171390288989857,82.2265972538975,108.9331800859876,7.412698548001295,1.3247925090421302,4,13,5.95,0.8622127689178629,131.57007546046123,1,0.0,13500.0,369321.9204959604,59650.61420980419,309671.3062861562,5507.0456535604935,1.0,0.6122448979591837,147,0.98,0,F041,Yeola,2,rabi,0.3680934983625696,0.6551891343486007,0.23380489427993592,text,298932.05391705484
farmer_practice,soybean,sandy_loam,flood,555676,1.29,0.78,2.6625320454066976,3.1,1.0,0.9947511942440563,0.8634131931076435,1350.0,20,13500.0,0.19722459595605168,126.0,89.18553014131909,86.89747230025772,0.7078216677882467,12,0,12.0,36.83299670647291,610.3316640307852,0,0.0,46000.0,122476.47408870808,71794.0,50682.474088708084,24373.041984404645,0.76,,0,,0,F042,Igatpuri,2,kharif,0.39521828726896896,0.6084281387676168,0.42131405725281224,voice,15964.411731005053
agronomist,soybean,sandy_loam,flood,555676,1.29,0.78,2.5399543397750524,3.1,0.9992617923593798,0.9943425534462482,0.8246105899037429,981.3636363636364,15,9813.636363636364,0.25881887667925496,94.5,89.12212036234887,63.51257786069668,0.9430912207655965,9,0,9.0,37.41667808879364,406.54730496236834,0,0.0,46000.0,116837.89962965241,55816.86363636364,61021.03599328877,18069.014117724542,0.8200000000000001,,0,,0,F042,Igatpuri,2,kharif,0.39521828726896896,0.6084281387676168,0.42131405725281224,voice,36243.83022435113
agripilot,soybean,sandy_loam,flood,555676,1.29,0.78,2.622515966490023,3.1,1.0,0.9947511942440563,0.8504366693010291,787.5,17,7875.0,0.3330179005066696,64.37307116721661,89.18553014131909,31.18321672822416,1.3854478048693561,7,11,8.65,35.99148312512541,301.0967866205932,0,0.0,46000.0,120635.73445854106,58611.81906384928,62023.91539469178,11991.902359206477,0.97,0.6949152542372882,118,0.98,0,F042,Igatpuri,2,kharif,0.39521828726896896,0.6084281387676168,0.42131405725281224,voice,45850.929679791254
farmer_practice,onion,sandy_loam,flood,521973,1.29,1.0,24.47361175700631,34.0,0.8682686910511785,0.9811325784076828,0.8449622594609454,1485.0,22,14850.0,1.6480546637714688,154.0,106.42169590490538,61.830066920331106,0.6910499734084765,12,0,12.0,0.0,345.07603250894766,6,0.22400000000000003,10476.0,256385.5567663981,77716.0,178669.5567663981,19529.4120456596,0.76,,0,,0,F042,Igatpuri,2,rabi,0.39521828726896896,0.6084281387676168,0.42131405725281224,voice,143957.6911039004
agronomist,onion,sandy_loam,flood,521973,1.29,1.0,26.290294185338855,34.0,0.9996989071892027,0.9493086911930608,0.8147790514483245,1505.0,43,15050.0,1.746863401019193,115.5,100.38613108833914,34.5299341354862,0.8691439921068324,10,0,10.0,0.0,326.79759457473057,0,0.17,11205.0,294582.7463467219,82859.5,211723.2463467219,13215.388144387516,0.8,,0,,0,F042,Igatpuri,2,rabi,0.39521828726896896,0.6084281387676168,0.42131405725281224,voice,180607.67922082104
agripilot,onion,sandy_loam,flood,521973,1.29,1.0,25.492491059883424,34.0,0.9495346507299732,0.9528616380675481,0.8286911448357971,1473.5108446866573,28,14735.108446866572,1.7300511327627464,85.636045373457,101.05996584039707,12.051259725918861,1.1801101440366224,6,12,7.8,0.0,324.8125324827892,2,0.0,13500.0,344148.6293084262,84302.81403517659,259845.81527324964,7629.226750665395,1.0,0.7032967032967034,91,0.98,0,F042,Igatpuri,2,rabi,0.39521828726896896,0.6084281387676168,0.42131405725281224,voice,232639.01409879274
farmer_practice,tomato,sandy_loam,flood,43321,1.5,0.78,38.125498607680576,55.0,1.0,0.7896451145734878,0.8778511650140768,2497.5,37,24975.0,1.5265464907980213,210.0,95.59787445866066,113.29104817382418,0.4552279736126698,11,0,11.0,60.52473206986935,1070.5339889310608,0,0.22,8580.0,327116.77805389935,116315.0,210801.77805389935,28637.11125991718,0.78,,0,,0,F043,Sinnar,2,kharif,0.25014947267224014,0.7460233288460604,0.21684222529781366,text,181713.82947847724
agronomist,tomato,sandy_loam,flood,43321,1.5,0.78,35.357912864399786,55.0,0.9988999838760668,0.8694370290268616,0.7402250753983377,1335.2,25,13352.0,2.6481360743259272,157.5,116.23371440349868,47.03355099090666,0.7379918374825313,4,0,4.0,61.68094931880584,430.38735807675073,0,0.0,11000.0,388937.04150839767,65524.3,323412.7415083977,11821.16772223245,0.92,,0,,0,F043,Sinnar,2,kharif,0.25014947267224014,0.7460233288460604,0.21684222529781366,text,309410.0060216916
agripilot,tomato,sandy_loam,flood,43321,1.5,0.78,46.32044558910164,55.0,0.9791939009072018,0.9659140941776889,0.8904362585786055,1236.546695999279,26,12365.466959992791,3.7459519918630426,148.27561853061408,141.18467952871265,26.67766885370737,0.9521773095794749,6,13,7.95,44.74702835696037,407.88654411719506,1,0.0,11000.0,509524.90148011805,79582.5806013633,429942.3208787547,10769.70364887997,1.0,0.5894736842105263,95,0.98,0,F043,Sinnar,2,kharif,0.25014947267224014,0.7460233288460604,0.21684222529781366,text,419193.7511916454
farmer_practice,wheat,sandy_loam,flood,474592,1.5,1.0,4.384568486655747,5.4,1.0,0.8317713566509453,0.9761782738320615,2362.5,35,23625.0,0.18559020049336494,168.0,85.19407378985075,89.8998616001046,0.5071075820824449,11,0,11.0,18.508745367689922,992.9334744643031,0,0.0,23000.0,100845.07519308217,109987.0,-9141.924806917828,24048.55379632804,0.78,,0,,0,F043,Sinnar,2,rabi,0.25014947267224014,0.7460233288460604,0.21684222529781366,text,-35645.680989702
agronomist,wheat,sandy_loam,flood,474592,1.5,1.0,4.873075390479715,5.4,1.0,0.9659255438859542,0.9342556207561092,838.1500000000001,12,8381.5,0.5814085056946507,126.0,112.95011252812847,21.947567777851518,0.8964294645089561,1,0,1.0,15.035582341096234,173.5404373673271,0,0.0,23000.0,112080.73398103345,40281.100000000006,71799.63398103345,4785.882441083139,0.98,,0,,0,F043,Sinnar,2,rabi,0.25014947267224014,0.7460233288460604,0.21684222529781366,text,63793.2278115429
agripilot,wheat,sandy_loam,flood,474592,1.5,1.0,4.900555693227623,5.4,1.0,0.9465844676632225,0.9587209008415153,1102.5,21,11025.0,0.4444948474582877,106.4470657399549,108.94851055101157,18.648217679795852,1.0234994247485185,6,0,6.0,15.311268373814688,301.2667566010341,0,0.0,23000.0,112712.78094423532,59431.96490645869,53280.816037776625,7694.480597727586,0.88,0.5913978494623656,93,0.98,0,F043,Sinnar,2,rabi,0.25014947267224014,0.7460233288460604,0.21684222529781366,text,43018.20433180104
farmer_practice,cotton,sandy_loam,sprinkler,763235,1.22,0.78,1.4228009539747586,2.4,1.0,0.9275769350512182,0.6391208194391784,896.0,28,8960.0,0.15879474932754004,154.0,96.26459113040346,83.96283184162239,0.6250947476000225,23,0,23.0,61.40423060459926,535.6442100033161,0,0.0,68000.0,96750.46487028358,70740.0,26010.464870283584,31765.947806933425,0.54,,0,,0,F044,Chandwad,2,kharif,0.44381694690435736,0.51915981521904,0.33407490461779493,icon,-281.957935024624
agronomist,cotton,sandy_loam,sprinkler,763235,1.22,0.78,1.0873235276744408,2.4,1.0,0.9061029397287007,0.5,625.5416666666667,16,6255.416666666668,0.1738211194577138,115.5,92.19193684509841,50.822074456122195,0.7981985874034494,11,0,11.0,55.88850312799249,351.1412110347779,0,0.0,68000.0,73937.99988186198,45367.91666666667,28570.083215195307,17350.96993025393,0.78,,0,,0,F044,Chandwad,2,kharif,0.44381694690435736,0.51915981521904,0.33407490461779493,icon,11438.874869928924
agripilot,cotton,sandy_loam,sprinkler,763235,1.22,0.78,1.4253575014321411,2.4,1.0,0.9583317034911667,0.6197217067603076,588.0,21,5880.0,0.2424077383387995,82.34511346659234,102.09739204142818,15.534867870512418,1.2398718969869342,5,19,7.85,56.27600934559537,319.7062606203516,0,0.0,68000.0,96924.31009738559,55490.00829053118,41434.30180685441,8797.760300802593,1.0,0.730593607305936,219,0.98,2,F044,Chandwad,2,kharif,0.44381694690435736,0.51915981521904,0.33407490461779493,icon,31370.447466498626
farmer_practice,onion,sandy_loam,sprinkler,729532,1.22,1.0,25.677411758376103,34.0,0.8939650463918136,0.9832847762709365,0.8591568849619028,704.0,22,7040.0,3.647359624769333,154.0,106.82987136172933,41.414114695731676,0.6937004633878529,17,0,17.0,1.021337272749154,147.77981214486556,5,0.22400000000000003,10476.0,268996.565580748,55272.0,213724.56558074802,19363.732680686448,0.6599999999999999,,0,,0,F044,Chandwad,2,rabi,0.44381694690435736,0.51915981521904,0.33407490461779493,icon,195427.40475357964
agronomist,onion,sandy_loam,sprinkler,729532,1.22,1.0,27.079375154386344,34.0,1.0,0.9944002792368183,0.8009372352895843,731.8799999999997,42,7318.7999999999965,3.699974743726616,115.5,108.93798399318968,18.18027145876631,0.9431860085990448,8,0,8.0,1.0836486407552166,144.5093923291383,0,0.0,13500.0,365571.56458421564,48573.419999999984,316998.14458421565,8882.201700344733,0.84,,0,,0,F044,Chandwad,2,rabi,0.44381694690435736,0.51915981521904,0.33407490461779493,icon,300934.7071406649
agripilot,onion,sandy_loam,sprinkler,729532,1.22,1.0,20.43235701791983,34.0,0.7524972899683003,0.9445694875883488,0.8454748605739052,549.0617401613645,43,5490.617401613645,3.7213223073811226,76.37380965970287,99.48731661158338,6.77987545507641,1.3026365589835949,6,12,7.8,1.0836486407552166,72.04617822083517,13,0.0,13500.0,275836.8197419177,51702.93964561778,224133.88009629992,6690.13041968055,1.0,0.6643835616438356,146,0.9259999999999999,0,F044,Chandwad,2,rabi,0.44381694690435736,0.51915981521904,0.33407490461779493,icon,215373.94810309258
farmer_practice,soybean,sandy_loam,drip,96810,1.15,0.78,2.6622305532754424,3.1,1.0,0.9947511942440563,0.8633154244125425,672.0,28,6720.0,0.3961652609040837,126.0,89.18553014131909,94.03863088517743,0.7078216677882467,14,0,14.0,44.25049402339893,515.6160033111984,0,0.0,46000.0,122462.60545067035,47082.0,75380.60545067035,27125.20800554253,0.72,,0,,0,F045,Igatpuri,2,kharif,0.7619498572102958,0.347227819666715,0.5925386076049819,voice,21006.583465852196
agronomist,soybean,sandy_loam,drip,96810,1.15,0.78,2.4858090648437736,3.1,0.9993451792495306,0.9947441184886661,0.8066389181861482,387.5,14,3875.0,0.6414991135080707,94.5,89.18443217927577,45.36143629175309,0.9437506050717013,9,0,9.0,37.649908150162126,266.8870446025479,0,0.0,46000.0,114347.21698281358,32145.5,82201.71698281358,14803.907705867014,0.8200000000000001,,0,,0,F045,Igatpuri,2,kharif,0.7619498572102958,0.347227819666715,0.5925386076049819,voice,52862.725038410616
agripilot,soybean,sandy_loam,drip,96810,1.15,0.78,2.5451913130186443,3.1,0.9998831696913825,0.9947498640757917,0.8254591609397934,483.33333333333337,25,4833.333333333334,0.5265913061417884,66.50000000000001,89.1853237358987,34.21062421434588,1.341132687757875,5,12,6.8,38.02822599778504,352.05666924333553,0,0.0,46000.0,117078.80039885764,41781.833333333336,75296.96706552431,11260.166392562323,1.0,0.6089743589743589,156,0.9796321790448071,2,F045,Igatpuri,2,kharif,0.7619498572102958,0.347227819666715,0.5925386076049819,voice,43907.01671501224
farmer_practice,wheat,sandy_loam,drip,130513,1.15,1.0,5.258296327899758,5.4,1.0,0.9947511942440561,0.9788966174407929,672.0,28,6720.0,0.7824845726041306,168.0,118.91404018842542,56.592680447892334,0.7078216677882465,14,0,14.0,1.3356030040900306,247.12882964043925,0,0.0,23000.0,120940.81554169442,48300.0,72640.81554169442,19998.70290765743,0.72,,0,,0,F045,Igatpuri,2,rabi,0.7619498572102958,0.347227819666715,0.5925386076049819,voice,23282.873750221763
agronomist,wheat,sandy_loam,drip,130513,1.15,1.0,4.825260847091588,5.4,0.9751147814042996,0.9850432547371,0.9302849490511298,432.5516666666667,15,4325.516666666666,1.1155339856336828,126.0,116.90550098008966,16.838809412601325,0.9278214363499179,1,0,1.0,1.2992088566131814,91.11685873992202,0,0.0,23000.0,110980.99948310653,23820.756666666668,87160.24281643986,3742.6785739777574,0.98,,0,,0,F045,Igatpuri,2,rabi,0.7619498572102958,0.347227819666715,0.5925386076049819,voice,59222.32568077279
agripilot,wheat,sandy_loam,drip,130513,1.15,1.0,4.885211753708141,5.4,1.0,0.9480297986385453,0.9542620333015585,493.6275857626801,24,4936.275857626801,0.98965533827698,94.24415682556003,109.24754454590594,9.711003505136711,1.1591970072809525,7,0,7.0,1.3356030040900306,120.93507158426279,0,0.0,23000.0,112359.87033528725,34626.41846387237,77733.45187141489,6660.001057961418,0.86,0.5902777777777778,144,0.9796321790448071,0,F045,Igatpuri,2,rabi,0.7619498572102958,0.347227819666715,0.5925386076049819,voice,46475.35349493076
farmer_practice,soybean,black_cotton,drip,496957,0.82,0.78,2.6699168116971252,3.1,1.0,0.9947511942440563,0.8658079453714412,480.0,20,4800.0,0.5562326691035678,126.0,89.18553014131909,5.317333335424799,0.7078216677882467,16,0,16.0,75.68445909810634,80.55926355550817,0,0.0,46000.0,122816.17333806776,43014.0,79802.17333806776,12838.28013225942,0.6799999999999999,,0,,0,F046,Yeola,2,kharif,0.6336706544689321,0.5321265409703532,0.10076971497016882,voice,59361.75644562641
agronomist,soybean,black_cotton,drip,496957,0.82,0.78,2.4115930839614457,3.1,0.9681231836581194,0.9899843264996488,0.8116772932417766,442.22222222222223,15,4422.222222222223,0.5453351194887691,94.5,88.44584376718691,2.614228891971698,0.9359348546792267,9,0,9.0,69.32913695240308,53.673364139987754,0,0.0,46000.0,110933.2818622265,34036.055555555555,76897.22630667096,7394.523433126533,0.8200000000000001,,0,,0,F046,Yeola,2,kharif,0.6336706544689321,0.5321265409703532,0.10076971497016882,voice,57932.80096281217
agripilot,soybean,black_cotton,drip,496957,0.82,0.78,2.3923923053523257,3.1,0.92134877244218,0.9846044868869064,0.8507164506178958,380.09328067140757,27,3800.932806714076,0.6294224147099722,32.1718162746879,87.61104106865788,1.3052966546990032,2.7232233430845616,8,9,9.35,66.81722601526188,41.84916853077114,0,0.0,46000.0,110050.04604620699,37246.1542147938,72803.89183141319,7381.308431983177,0.9299999999999999,0.5586592178770949,179,0.9132745125223204,0,F046,Yeola,2,kharif,0.6336706544689321,0.5321265409703532,0.10076971497016882,voice,57944.7678244562
farmer_practice,grape,black_cotton,drip,463254,0.82,1.0,21.285820199620577,24.0,1.0,0.9946928631048064,0.8916412370908315,720.0,30,7200.0,2.9563639166139692,175.0,123.85622049672551,15.476018239525175,0.70774983140986,24,0,24.0,22.512480482823413,152.46801208709465,0,0.48,23920.0,509156.8191749242,63695.0,445461.8191749242,19788.295607459942,0.52,,0,,0,F046,Yeola,2,rabi,0.6336706544689321,0.5321265409703532,0.10076971497016882,voice,414502.18222107197
agronomist,grape,black_cotton,drip,463254,0.82,1.0,17.957121515093263,24.0,0.9874660861524387,0.9937696442635793,0.7624608767654423,628.0,21,6280.0,2.8594142539957423,131.25,123.65725091887484,4.365294775107258,0.9421504831914274,1,0,1.0,21.775345433180433,81.27754352685731,0,0.0,46000.0,826027.5896942901,30798.25,795229.3396942901,1681.7311684179306,0.98,,0,,0,F046,Yeola,2,rabi,0.6336706544689321,0.5321265409703532,0.10076971497016882,voice,766684.0792198124
agripilot,grape,black_cotton,drip,463254,0.82,1.0,20.96555721679319,24.0,0.9999904646064433,0.9683862135423382,0.9020917498421737,622.3333333333331,44,6223.333333333331,3.368862970025688,53.468391698324844,118.18668395309014,2.111106229737183,2.2104028230344714,4,23,7.449999999999999,18.800486599340296,71.66691952321719,0,0.0,46000.0,964415.6319724867,56929.91669258475,907485.715279902,5764.203500746755,1.0,0.6653696498054474,257,0.98,0,F046,Yeola,2,rabi,0.6336706544689321,0.5321265409703532,0.10076971497016882,voice,883792.7524422299
farmer_practice,cotton,loam,drip,300590,1.39,0.78,1.4697563500969784,2.4,1.0,0.9596238513335311,0.6381651293431914,1176.0,49,11760.0,0.1249792814708315,154.0,102.34245456325593,74.24876633773573,0.6645613932678957,20,0,20.0,120.88125412203375,781.3461572425459,0,0.0,68000.0,99943.43180659453,73760.0,26183.431806594526,28452.709227890737,0.6,,0,,0,F047,Igatpuri,2,kharif,0.6048225460621297,0.39865089591388525,0.7387267476061551,text,-36045.95873196471
agronomist,cotton,loam,drip,300590,1.39,0.78,1.2630427267468343,2.4,1.0,0.9946994645041334,0.5290721686208308,480.0,16,4800.0,0.26313390140559045,115.5,108.99472602664602,25.411519054913796,0.9436772816159829,13,0,13.0,107.49019139513972,226.65815671295627,0,0.0,68000.0,85886.90541878474,41359.5,44527.405418784736,14641.48515244074,0.74,,0,,0,F047,Igatpuri,2,kharif,0.6048225460621297,0.39865089591388525,0.7387267476061551,text,19817.258515434572
agripilot,cotton,loam,drip,300590,1.39,0.78,1.391181065261631,2.4,1.0,0.943250192794052,0.6145334309185858,630.0,30,6300.0,0.22082239131137,66.89204997703484,99.23710552990642,12.514631830521182,1.4835411018794635,6,18,8.7,112.63263833150131,335.34218497164085,0,0.0,68000.0,94600.31243779091,55419.869449334015,39180.442988456896,9356.327474477324,1.0,0.6813725490196079,204,0.98,0,F047,Igatpuri,2,kharif,0.6048225460621297,0.39865089591388525,0.7387267476061551,text,14726.409062371153
farmer_practice,wheat,loam,drip,334293,1.39,1.0,5.269278197272888,5.4,1.0,0.9947511942440561,0.9809410276664958,840.0,35,8400.0,0.6272950234848677,168.0,118.91404018842542,49.91443902354902,0.7078216677882465,14,0,14.0,0.41097024238419955,350.20110653318585,0,0.0,23000.0,121193.39853727641,54222.0,66971.39853727641,18788.29775642028,0.72,,0,,0,F047,Igatpuri,2,rabi,0.6048225460621297,0.39865089591388525,0.7387267476061551,text,24131.71873316476
agronomist,wheat,loam,drip,334293,1.39,1.0,4.986337940513707,5.4,1.0,0.9947511942440561,0.9282682144570475,442.9166666666667,15,4429.166666666667,1.1257959602288707,126.0,118.91404018842542,7.5560117012794965,0.943762223717662,0,0,0.0,0.41732154983701647,53.764797710129805,0,0.0,23000.0,114685.77263181526,22823.166666666668,91862.60596514858,1363.8380001788425,1.0,,0,,0,F047,Igatpuri,2,rabi,0.6048225460621297,0.39865089591388525,0.7387267476061551,text,74359.06991696899
agripilot,wheat,loam,drip,334293,1.39,1.0,4.911615405815345,5.4,1.0,0.9545230822274495,0.952893047239677,470.00000000000006,28,4700.000000000001,1.0450245544287966,83.99261795778952,110.59098252981717,5.2511037973973576,1.3166750271481555,5,0,5.0,0.5036985696632239,76.69579150279567,0,0.0,23000.0,112967.15433375294,30765.785920775896,82201.36841297706,4449.731970658494,0.9,0.6470588235294118,153,0.98,0,F047,Igatpuri,2,rabi,0.6048225460621297,0.39865089591388525,0.7387267476061551,text,63063.50889832206
farmer_practice,cotton,sandy,drip,41335,0.4,0.78,1.076008532758667,2.4,1.0,0.7301267264371751,0.6140535230605921,936.0,39,9360.0,0.11495817657678067,154.0,58.81713777256771,101.7230853297984,0.3819294660556345,18,0,18.0,65.24845273587881,775.729961645109,0,0.0,68000.0,73168.58022758937,62600.0,10568.580227589366,31497.39143398662,0.64,,0,,0,F048,Igatpuri,2,kharif,0.8521844479423258,0.6441329895765036,0.7275435159190239,text,-88715.5909707715
agronomist,cotton,sandy,drip,41335,0.4,0.78,0.9609030775983499,2.4,1.0,0.778659186611169,0.5141868088337056,519.7222222222222,18,5197.222222222222,0.1848878182444714,115.5,68.02156987453205,54.4293254539598,0.5889313409050394,12,0,12.0,56.34700829229571,460.7560453690734,0,0.0,68000.0,65341.409276687795,41420.055555555555,23921.35372113224,18704.401656343427,0.76,,0,,0,F048,Igatpuri,2,kharif,0.8521844479423258,0.6441329895765036,0.7275435159190239,text,-31074.157037577825
agripilot,cotton,sandy,drip,41335,0.4,0.78,1.2798312683431585,2.4,0.9895248250602957,0.85148246139003,0.6329057971685741,605.3333333333333,36,6053.333333333332,0.21142587032100643,91.1810868690736,81.83288060845398,29.095286379456425,0.8974764769579611,8,17,10.55,60.964521431820316,537.595024341798,0,0.0,68000.0,87028.52624733478,58585.58485253647,28442.941394798312,13170.83224118854,1.0,0.7456140350877193,228,0.98,2,F048,Igatpuri,2,kharif,0.8521844479423258,0.6441329895765036,0.7275435159190239,text,-27335.823750962038
farmer_practice,grape,sandy,drip,108450,0.4,1.0,19.074008397565127,24.0,1.0,0.8964955184365866,0.8865078893919351,984.0,41,9840.0,1.9384154875574313,175.0,102.69299966305746,75.17558833995537,0.586817140931757,19,0,19.0,0.6209233508178541,362.1086440206449,0,0.48,23920.0,456250.2808697578,66251.0,389999.2808697578,26837.194211349324,0.62,,0,,0,F048,Igatpuri,2,rabi,0.8521844479423258,0.6441329895765036,0.7275435159190239,text,290516.32398600964
agronomist,grape,sandy,drip,108450,0.4,1.0,18.29872737880242,24.0,0.9913290412365968,0.9933201144984305,0.7742881026464395,640.3333333333334,23,6403.333333333334,2.8576877738889768,131.25,123.56036950397211,7.844256974784215,0.9414123390778828,1,0,1.0,0.3299625496070884,52.653617708837245,0,0.0,46000.0,841741.4594249112,31277.583333333336,810463.8760915778,2114.9359184076225,0.98,,0,,0,F048,Igatpuri,2,rabi,0.8521844479423258,0.6441329895765036,0.7275435159190239,text,755625.1052163434
agripilot,grape,sandy,drip,108450,0.4,1.0,14.67562944043653,24.0,0.7592805872459666,0.8907956062385118,0.9040764009759975,646.3333333333334,34,6463.333333333334,2.2705976442140066,92.81129602991528,101.46457031002411,11.926273887989506,1.09323514109015,4,22,7.3,0.11347724532089777,137.95400362271835,43,0.0,46000.0,675078.9542600804,58286.86091820088,616792.0933418794,7257.750595045999,1.0,0.6126126126126126,222,0.6319999999999997,0,F048,Igatpuri,2,rabi,0.8521844479423258,0.6441329895765036,0.7275435159190239,text,561781.2408042238
farmer_practice,soybean,sandy,flood,958255,2.35,0.78,2.4199458498131206,3.1,1.0,0.9224778308925736,0.8462292180320274,2362.5,35,23625.0,0.10243157036246013,126.0,77.97069789712349,101.00962236752552,0.6188150626755832,14,0,14.0,62.27011260079859,1298.2143412035925,0,0.0,46000.0,111317.50909140354,112819.0,-1501.490908596461,28542.16303956178,0.72,,0,,0,F049,Dindori,2,kharif,0.5581348410216913,0.36733514592583627,0.2197354619901516,voice,-84787.88224366395
agronomist,soybean,sandy,flood,958255,2.35,0.78,2.3026627469931613,3.1,1.0,0.9636395811110265,0.7708218394864182,1151.5702479338845,19,11515.702479338845,0.19995851326695313,94.5,84.35786603446965,66.51945373816395,0.8926758310525889,8,0,8.0,54.61417542995014,653.8403634417232,0,0.0,46000.0,105922.48636168543,61293.88842975207,44628.59793193336,18065.029251739063,0.84,,0,,0,F049,Dindori,2,kharif,0.5581348410216913,0.36733514592583627,0.2197354619901516,voice,4427.346071838389
agripilot,soybean,sandy,flood,958255,2.35,0.78,2.5289918134402485,3.1,1.0,0.9947511942440563,0.8201084004801147,1277.5,25,12775.0,0.19796413412448127,66.50000000000001,89.18553014131909,54.151960700596156,1.341135791598783,7,10,8.5,53.16229520280512,708.4325035297422,0,0.0,46000.0,116333.62341825143,75493.5,40840.12341825143,16175.813582932553,0.96,0.5604395604395604,91,0.98,0,F049,Dindori,2,kharif,0.5581348410216913,0.36733514592583627,0.2197354619901516,voice,-321.44814412507185
farmer_practice,onion,sandy,flood,75448,2.35,1.0,21.688297662906816,34.0,0.9535455005173221,0.7675242274828646,0.8715915952414283,2565.0,38,25650.0,0.8455476671698563,154.0,65.90976728123296,91.58649774381394,0.42798550182618805,15,0,15.0,0.00016914867599075403,949.352908601339,2,0.22400000000000003,10476.0,227206.6063166118,122646.0,104560.60631661181,26985.571116224593,0.7,,0,,0,F049,Dindori,2,rabi,0.5581348410216913,0.36733514592583627,0.2197354619901516,voice,15528.154397483057
agronomist,onion,sandy,flood,75448,2.35,1.0,21.548030253563258,34.0,0.9984758986716192,0.8062211659865411,0.7872938839484277,2030.0,58,20300.0,1.0614793228356285,115.5,73.24884182503368,57.423104232890125,0.6341891067102483,8,0,8.0,0.00016914867599075403,649.3851918045743,0,0.0,13500.0,290898.408423104,101909.5,188988.90842310397,15936.160284258305,0.84,,0,,0,F049,Dindori,2,rabi,0.5581348410216913,0.36733514592583627,0.2197354619901516,voice,121731.44618774336
agripilot,onion,sandy,flood,75448,2.35,1.0,20.639728689512577,34.0,0.7917700104348373,0.9011536103411546,0.8507994334216185,1282.6116331064577,26,12826.116331064577,1.6091955005525405,96.58200096239791,91.2532709267707,21.18041028304154,0.9448268830369145,5,13,6.95,0.0,291.0331071109863,20,0.0,13500.0,278636.3373084198,77039.67355352911,201596.6637548907,8677.473850947477,1.0,0.5625,96,0.8334009035878716,0,F049,Dindori,2,rabi,0.5581348410216913,0.36733514592583627,0.2197354619901516,voice,163171.6402541229
farmer_practice,cotton,sandy,sprinkler,229743,0.9,0.78,1.2428370242330318,2.4,0.9790780706029396,0.9076138569992385,0.5827529753079234,800.0,25,8000.0,0.15535462802912897,154.0,92.47849012054525,73.78080938942726,0.6005096761074367,17,0,17.0,11.36918532175136,276.06066468897563,2,0.0,68000.0,84512.91764784616,58956.0,25556.91764784616,25282.86835799267,0.6599999999999999,,0,,0,F050,Dindori,2,kharif,0.5971575946786069,0.5828396068690151,0.5910493404262496,text,-19876.853370838053
agronomist,cotton,sandy,sprinkler,229743,0.9,0.78,1.0753959622208973,2.4,0.9874358286947927,0.8687776041980528,0.5223236151823983,720.6,19,7206.0,0.14923618681944176,115.5,85.11299389963071,40.381420399300964,0.7369090380920408,13,0,13.0,10.933950631531719,213.25833890284082,2,0.0,68000.0,73126.92543102101,51719.9,21407.025431021008,16467.06122755796,0.74,,0,,0,F050,Dindori,2,kharif,0.5971575946786069,0.5828396068690151,0.5910493404262496,text,-15663.087590263971
agripilot,cotton,sandy,sprinkler,229743,0.9,0.78,1.0849116068017497,2.4,0.7624456500660737,0.9733617553757268,0.609115911606924,552.0,27,5520.0,0.19654195775394018,96.6684920290371,104.94791912298267,16.59675180326753,1.0856476285102141,6,18,8.7,10.017012040050489,195.29640750990404,43,0.0,68000.0,73773.98926251898,56871.38626884208,16902.602993676905,9167.568432948608,1.0,0.6916299559471366,227,0.7519999999999998,2,F050,Dindori,2,kharif,0.5971575946786069,0.5828396068690151,0.5910493404262496,text,-6006.90263158709
farmer_practice,wheat,sandy,sprinkler,920042,0.9,1.0,4.261495824615622,5.4,0.8183035047394964,0.986215475761594,0.977872162308684,576.0,18,5760.0,0.7398430251068788,168.0,117.14802946791602,47.10684819522937,0.6973096992137858,12,0,12.0,4.144312380253533,123.96549016435354,21,0.0,23000.0,98014.40396615931,44016.0,53998.40396615931,16916.531486563566,0.76,,0,,0,F050,Dindori,2,rabi,0.5971575946786069,0.5828396068690151,0.5910493404262496,text,22420.09280611373
agronomist,wheat,sandy,sprinkler,920042,0.9,1.0,4.840510042698968,5.4,0.9879764603486965,0.9784835917326038,0.9272508095830189,595.2106666666667,16,5952.1066666666675,0.8132431614183048,126.0,115.548329323987,13.917095552620905,0.9170502327300556,0,0,0.0,4.144312380253533,77.4985299049568,0,0.0,23000.0,111331.73098207626,29791.162666666667,81540.56831540959,2542.3760108940446,1.0,,0,,0,F050,Dindori,2,rabi,0.5971575946786069,0.5828396068690151,0.5910493404262496,text,55708.82674487148
agripilot,wheat,sandy,sprinkler,920042,0.9,1.0,4.833100811586009,5.4,1.0,0.9377699353774678,0.954411775263369,654.0,41,6540.0,0.739006240303671,101.9163505464355,107.12481421602781,11.214930489489296,1.051105280376177,5,0,5.0,4.144312380253533,93.61287082750262,0,0.0,23000.0,111161.31866647821,43341.57416584663,67819.74450063158,5555.986299530355,0.9,0.6220472440944882,127,0.98,0,F050,Dindori,2,rabi,0.5971575946786069,0.5828396068690151,0.5910493404262496,text,39625.69569603491
farmer_practice,soybean,loam,flood,452164,0.41,0.78,2.5836539685071913,3.1,1.0,0.9947511942440563,0.8378343940244609,1215.0,18,12150.0,0.2126464171610857,126.0,89.18553014131909,62.9577336107462,0.7078216677882467,14,0,14.0,144.07888915203577,447.7501500579879,0,0.0,46000.0,118848.0825513308,69384.0,49464.082551330794,22429.10205230264,0.72,,0,,0,F051,Sinnar,2,kharif,0.2587263831208246,0.95,0.827996788551717,voice,15124.922806090428
agronomist,soybean,loam,flood,452164,0.41,0.78,2.4102395113517834,3.1,1.0,0.9947511942440563,0.7815990783061448,830.2479338842975,12,8302.479338842975,0.29030358438539294,94.5,89.18553014131909,35.91513090404236,0.9437622237176624,9,0,9.0,137.3785607328534,262.48321194911745,0,0.0,46000.0,110871.01752218204,49898.92975206611,60972.087770115926,14001.130609323305,0.8200000000000001,,0,,0,F051,Sinnar,2,kharif,0.2587263831208246,0.95,0.827996788551717,voice,38694.61275920182
agripilot,soybean,loam,flood,452164,0.41,0.78,2.41713802009939,3.1,1.0,0.9947511942440563,0.7838361456404997,787.5,16,7875.0,0.30693816128246226,59.065159907701684,89.18553014131909,18.98449502250538,1.5099515565637185,3,14,5.1,125.7479416946252,238.465636121707,0,0.0,46000.0,111188.34892457195,55017.889637323344,56170.45928724861,8118.940579302594,1.0,0.6377952755905512,127,0.98,0,F051,Sinnar,2,kharif,0.2587263831208246,0.95,0.827996788551717,voice,39619.69588252216
farmer_practice,onion,loam,flood,697621,0.41,1.0,27.775901431433088,34.0,0.9456874049317051,0.9891053388497668,0.8733716577176929,1282.5,19,12825.0,2.1657622948485837,154.0,107.93377116116267,39.91073476163524,0.7008686439036537,15,0,15.0,1.3030607973090536,256.76055969578624,0,0.22400000000000003,10476.0,290980.34339569305,74101.0,216879.34339569305,17695.659804270126,0.7,,0,,0,F051,Sinnar,2,rabi,0.2587263831208246,0.95,0.827996788551717,voice,185757.13879644303
agronomist,onion,loam,flood,697621,0.41,1.0,27.272926770081042,34.0,0.9987998661014335,0.9945776439239349,0.8074872262969846,1158.1818181818187,32,11581.818181818187,2.354805294120026,115.5,108.97162212350491,17.244221209470872,0.9434772478225534,8,0,8.0,3.327662682856528,163.71040311122698,0,0.0,13500.0,368184.51139609405,65507.68181818184,302676.8295779122,8733.908781850467,0.84,,0,,0,F051,Sinnar,2,rabi,0.2587263831208246,0.95,0.827996788551717,voice,280726.6856339645
agripilot,onion,loam,flood,697621,0.41,1.0,25.864962993913238,34.0,0.955329201036917,0.9557503341299005,0.8331734707289523,995.1207205666117,25,9951.207205666116,2.5991784171860064,68.54146388542651,101.60782199015355,5.415019393571887,1.4824285363966045,5,11,6.65,1.4395936326845544,82.23431503289508,0,0.0,13500.0,349177.00041782873,64091.80695194216,285085.1934658866,5642.659833537101,1.0,0.504424778761062,113,0.98,0,F051,Sinnar,2,rabi,0.2587263831208246,0.95,0.827996788551717,voice,267990.50671392685
farmer_practice,soybean,sandy,sprinkler,626695,2.82,0.78,2.5429060048936933,3.1,1.0,0.9878716922182305,0.8303631596135629,1088.0,34,10880.0,0.23372297839096448,126.0,88.11802120627715,99.46831652077698,0.6993493746529933,11,0,11.0,47.595860412673744,815.1399071859021,0,0.0,46000.0,116973.6762251099,61096.0,55877.6762251099,26032.65971745392,0.78,,0,,0,F052,Yeola,2,kharif,0.5951453716118442,0.4196235116796657,0.31803336030378265,voice,6783.203628991132
agronomist,soybean,sandy,sprinkler,626695,2.82,0.78,2.3803726676975514,3.1,1.0,0.9947511942440563,0.7719137763425367,661.0909090909091,19,6610.909090909091,0.36006737272652733,94.5,89.18553014131909,63.80250403855526,0.9437622237176624,8,0,8.0,37.53407325623783,522.6099572737521,0,0.0,46000.0,109497.14271408737,42337.59090909091,67159.55180499646,17422.25738624609,0.84,,0,,0,F052,Yeola,2,kharif,0.5951453716118442,0.4196235116796657,0.31803336030378265,voice,38016.27340582034
agripilot,soybean,sandy,sprinkler,626695,2.82,0.78,2.486512457439567,3.1,0.9990702007751343,0.9943425201588099,0.8074152148018175,752.0,30,7520.0,0.3306532523190913,66.50000000000001,89.12211519705671,48.15076752432642,1.3401821834143863,5,11,6.65,40.008629876102255,588.4033858738529,0,0.0,46000.0,114379.57304222009,53166.5,61213.07304222009,13682.215823263676,1.0,0.4857142857142857,140,0.7616813611790173,0,F052,Yeola,2,kharif,0.5951453716118442,0.4196235116796657,0.31803336030378265,voice,31948.912582925997
farmer_practice,onion,sandy,sprinkler,407008,2.82,1.0,24.391901973414956,34.0,0.95200640402472,0.8955896891555495,0.8414296165271891,1216.0,38,12160.0,2.0059129912347826,154.0,90.19804449501802,67.16097349623912,0.5857015876299871,11,0,11.0,0.0,378.0190004822159,2,0.2,10800.0,263432.5413128815,66820.0,196612.5413128815,19788.97522932304,0.78,,0,,0,F052,Yeola,2,rabi,0.5951453716118442,0.4196235116796657,0.31803336030378265,voice,145271.68077247622
agronomist,onion,sandy,sprinkler,407008,2.82,1.0,26.862241468666106,34.0,0.99557243797997,0.9932631425794374,0.7989620415750924,810.1599999999993,61,8101.599999999993,3.3156711598531317,115.5,108.72232014437606,12.673663621836832,0.9413187891287971,9,0,9.0,0.0,67.99252259851302,0,0.14,11610.0,311870.62345121347,55244.93999999997,256625.6834512135,8581.25945193063,0.8200000000000001,,0,,0,F052,Yeola,2,rabi,0.5951453716118442,0.4196235116796657,0.31803336030378265,voice,227156.00084212693
agripilot,onion,sandy,sprinkler,407008,2.82,1.0,13.697898669640573,34.0,0.5480941849464269,0.8851217215565585,0.8304564048906785,635.1569428114985,38,6351.569428114985,2.156616380355906,73.5202839549512,88.21274029520939,7.317748119413362,1.1998422142828071,6,11,7.65,0.0,54.94145679301492,53,0.0,13500.0,184921.63204014773,52407.42429028453,132514.2077498632,6672.194661494405,0.99,0.44242424242424244,165,0.19168136117901702,0,F052,Yeola,2,rabi,0.5951453716118442,0.4196235116796657,0.31803336030378265,voice,111809.17082660626
farmer_practice,tomato,sandy,sprinkler,210696,1.0,0.78,34.06295601678727,55.0,0.9003034352611996,0.7823106710306925,0.8793291750733969,928.0,29,9280.0,3.6705771569813868,210.0,93.701035611386,116.35772268601083,0.4461954076732667,10,0,10.0,100.99589161982128,631.0945646010122,8,0.19,8910.0,303500.93810957455,56042.0,247458.93810957455,28853.353108060342,0.8,,0,,0,F053,Sinnar,2,kharif,0.21714424879128935,0.6891062765787171,0.4772716943167168,voice,229282.6778608056
agronomist,tomato,sandy,sprinkler,210696,1.0,0.78,37.68515067032177,55.0,0.9972291759153671,0.8110312129210623,0.84717868766095,930.9866666666665,34,9309.866666666665,4.047872221978307,157.5,101.12876196234372,64.76216417507429,0.6420873775386903,7,0,7.0,106.17028451818817,611.5881254909567,0,0.0,11000.0,414536.65737353946,54091.04666666666,360445.6107068728,17512.722112177067,0.86,,0,,0,F053,Sinnar,2,kharif,0.21714424879128935,0.6891062765787171,0.4772716943167168,voice,348266.0498548655
agripilot,tomato,sandy,sprinkler,210696,1.0,0.78,44.33298529717519,55.0,0.991834167972356,0.9015916051394748,0.9013954524487688,774.2626799199862,47,7742.626799199862,5.725832646584057,157.28306058635573,124.54955305331245,36.91695222042698,0.7918815452152836,6,12,7.8,101.23908733465123,492.8177363086077,1,0.0,11000.0,487662.8382689271,62566.13987428384,425096.69839464326,13016.203185688719,1.0,0.6933333333333334,150,0.98,0,F053,Sinnar,2,kharif,0.21714424879128935,0.6891062765787171,0.4772716943167168,voice,418287.4839115161
farmer_practice,grape,sandy,sprinkler,939089,1.0,1.0,16.898395090935082,24.0,1.0,0.8403702866812574,0.8378447056192568,1312.0,41,13120.0,1.2879874307115153,175.0,90.59704454337444,87.19093938361128,0.5176973973907111,14,0,14.0,0.016785079938839383,481.333600930047,0,0.48,23920.0,404209.6105751672,75163.0,329046.6105751672,25494.520154769478,0.72,,0,,0,F053,Sinnar,2,rabi,0.21714424879128935,0.6891062765787171,0.4772716943167168,voice,311280.7973796658
agronomist,grape,sandy,sprinkler,939089,1.0,1.0,16.735998708990753,24.0,1.0,0.9794951237137484,0.7119313436674882,796.6133333333333,22,7966.133333333333,2.100893621622044,131.25,120.58084562796301,18.342307265679054,0.9187112047844801,2,0,2.0,0.0,92.05810799896692,0,0.0,46000.0,769855.9406135746,40331.10333333333,729524.8372802413,4701.61530782223,0.96,,0,,0,F053,Sinnar,2,rabi,0.21714424879128935,0.6891062765787171,0.4772716943167168,voice,723984.703079456
agripilot,grape,sandy,sprinkler,939089,1.0,1.0,19.6920958321624,24.0,0.9932392955829145,0.9443493355385353,0.8747704954491713,841.9362791235277,52,8419.362791235277,2.3389057248681886,105.8757014797934,113.00632231433949,13.59179161091103,1.0673489831461185,5,22,8.3,0.0,137.68346870062237,0,0.0,46000.0,905836.4082794705,73106.22883311394,832730.1794463566,8256.522489963987,1.0,0.6805555555555556,216,0.98,0,F053,Sinnar,2,rabi,0.21714424879128935,0.6891062765787171,0.4772716943167168,voice,829312.379382831
farmer_practice,soybean,loam,drip,539030,0.92,0.78,2.615888745618742,3.1,1.0,0.9947511942440563,0.8482875759431581,576.0,24,5760.0,0.45414735166992043,126.0,89.18553014131909,58.02647003573382,0.7078216677882467,16,0,16.0,58.38737328946233,349.16684738678373,0,0.0,46000.0,120330.88229846212,46398.0,73932.88229846212,22170.25096603725,0.6799999999999999,,0,,0,F054,Chandwad,2,kharif,0.7636866234114701,0.47367006541237794,0.14341909832230745,text,35463.46065056423
agronomist,soybean,loam,drip,539030,0.92,0.78,2.4277798902351195,3.1,0.9955454720028218,0.9946949583103704,0.7908545139989211,379.6212121212121,13,3796.212121212121,0.6395269317721728,94.5,89.17680387574713,31.543146929197956,0.9436698822830384,9,0,9.0,48.065248216702436,225.50940277443004,0,0.0,46000.0,111677.8749508155,31847.621212121212,79830.25373869429,12410.353681205954,0.8200000000000001,,0,,0,F054,Chandwad,2,kharif,0.7636866234114701,0.47367006541237794,0.14341909832230745,text,55375.36449367137
agripilot,soybean,loam,drip,539030,0.92,0.78,2.5451473699413167,3.1,1.0,0.9947511942440563,0.8253473686454302,415.8354507689828,25,4158.354507689828,0.6120563711522692,62.20046170013786,89.18553014131909,18.973055837643617,1.4338403237466872,6,11,7.65,52.727817497657384,253.92637434429471,0,0.0,46000.0,117076.77901730056,39812.21871544942,77264.56030185115,9244.700408254766,0.99,0.6234567901234568,162,0.98,0,F054,Chandwad,2,kharif,0.7636866234114701,0.47367006541237794,0.14341909832230745,text,52826.27555407364
farmer_practice,onion,loam,drip,572733,0.92,1.0,28.514880033474586,34.0,0.9597594473100225,0.9942325089325896,0.8789056910432619,600.0,25,6000.0,4.752480005579097,154.0,108.90616548721528,29.636374827915148,0.7071828927741252,17,0,17.0,10.396817485858325,176.93049276776227,0,0.22400000000000003,10476.0,298721.8832306798,49406.0,249315.88323067978,17328.118826397455,0.6599999999999999,,0,,0,F054,Chandwad,2,rabi,0.7636866234114701,0.47367006541237794,0.14341909832230745,text,211065.9040469807
agronomist,onion,loam,drip,572733,0.92,1.0,26.932453984139258,34.0,0.9993856069775282,0.9946255553518906,0.7969008781486163,607.5000000000001,32,6075.000000000001,4.43332575870605,115.5,108.98070877363443,14.971597822156578,0.943555920118047,8,0,8.0,11.218191409793668,151.64486803425166,0,0.0,13500.0,363588.12878588,39424.5,324163.62878588,8395.851330676327,0.84,,0,,0,F054,Chandwad,2,rabi,0.7636866234114701,0.47367006541237794,0.14341909832230745,text,285412.7846653362
agripilot,onion,loam,drip,572733,0.92,1.0,29.419440328105445,34.0,0.9988891927663928,0.9941123482560326,0.8713702065524607,669.4182703836325,72,6694.182703836324,4.394777022032227,76.52347830290411,108.8833763933855,6.5211052379364265,1.422875420826935,7,11,8.65,10.396817485858325,208.2693400110184,0,0.0,13500.0,397162.4444294235,52629.40206382772,344533.04236559576,7322.370300201282,0.97,0.6770833333333334,192,0.98,0,F054,Chandwad,2,rabi,0.7636866234114701,0.47367006541237794,0.14341909832230745,text,304532.99828860426
farmer_practice,cotton,sandy_loam,sprinkler,179631,1.35,0.78,1.3314016548566872,2.4,1.0,0.9650902936890737,0.5748173960004052,896.0,28,8960.0,0.1485939346938267,154.0,103.37919363068639,66.6051143435669,0.6712934651343272,18,0,18.0,61.37216330860017,373.4154957344889,0,0.0,68000.0,90535.31253025473,63990.0,26545.312530254727,25141.27005161944,0.64,,0,,0,F055,Igatpuri,2,kharif,0.19370052325287831,0.663627031578785,0.2464856734881212,voice,18960.4571727719
agronomist,cotton,sandy_loam,sprinkler,179631,1.35,0.78,1.1548314077042834,2.4,1.0,0.9623595064202362,0.5,665.5416666666667,17,6655.416666666668,0.17351752197397358,115.5,102.86128570038963,28.588788164015533,0.8905739021678756,13,0,13.0,57.43900544972645,248.79325119541338,0,0.0,68000.0,78528.53572389127,49567.91666666667,28960.619057224598,14762.932918570334,0.74,,0,,0,F055,Igatpuri,2,kharif,0.19370052325287831,0.663627031578785,0.2464856734881212,voice,25041.275900471905
agripilot,cotton,sandy_loam,sprinkler,179631,1.35,0.78,1.3321932185496161,2.4,0.946748771338388,0.9412090458394105,0.6229241011632243,588.0,21,5880.0,0.22656347254245174,75.41773886673403,98.84999145230199,11.51143430100534,1.3106994844670912,10,15,12.25,59.85908735520953,257.56690428815244,7,0.0,68000.0,90589.1388613739,58679.11442713528,31910.024434238614,11185.789960377848,0.9500000000000001,0.6604651162790698,215,0.962,0,F055,Igatpuri,2,kharif,0.19370052325287831,0.663627031578785,0.2464856734881212,voice,31368.290118654877
farmer_practice,onion,sandy_loam,sprinkler,222200,1.35,1.0,23.572291923103297,34.0,0.8281495227152599,0.9825674162738485,0.8520239050549645,704.0,22,7040.0,3.348336920895355,154.0,106.69382032779885,29.65498902524249,0.6928170151155769,14,0,14.0,0.0,117.36193040864448,12,0.22400000000000003,10476.0,246943.33018643013,51222.0,195721.33018643013,15137.898024543647,0.72,,0,,0,F055,Igatpuri,2,rabi,0.19370052325287831,0.663627031578785,0.2464856734881212,voice,191564.20957314526
agronomist,onion,sandy_loam,sprinkler,222200,1.35,1.0,26.660065108802737,34.0,1.0,0.9947391969891421,0.7882664766774732,761.6799999999996,44,7616.799999999996,3.500166094528247,115.5,109.00226149794076,16.235586731061975,0.943742523791695,9,0,9.0,0.0,127.39391510862046,0,0.14,11610.0,309523.3559131998,51216.61999999999,258306.73591319978,9222.405611591155,0.8200000000000001,,0,,0,F055,Igatpuri,2,rabi,0.19370052325287831,0.663627031578785,0.2464856734881212,voice,255745.5436621438
agripilot,onion,sandy_loam,sprinkler,222200,1.35,1.0,23.968270270614116,34.0,0.8909659803461024,0.9714478337071755,0.8144738971833253,606.9241200310265,44,6069.241200310265,3.9491378707092473,78.07200295029202,104.5849339789471,3.7270699907502394,1.3395958861915676,3,14,5.1,0.0,37.53358657169011,5,0.0,13500.0,323571.6486532906,51489.50816661337,272082.14048667724,4240.872598335042,1.0,0.5714285714285714,154,0.9274576552346939,0,F055,Igatpuri,2,rabi,0.19370052325287831,0.663627031578785,0.2464856734881212,voice,272775.0467295246
farmer_practice,soybean,sandy,drip,593818,0.96,0.78,2.604312763091981,3.1,0.9879694894127471,0.993445626298733,0.855940962004291,432.0,18,4320.0,0.6028501766416622,126.0,88.98294201187237,77.631046972787,0.7062138254910505,11,0,11.0,4.3020995931473855,272.0356827348433,1,0.0,46000.0,119798.38710223112,34572.0,85226.38710223112,21712.307351439988,0.78,,0,,0,F056,Niphad,2,kharif,0.4765000469009743,0.22041326981488962,0.225645950170281,icon,74930.2496807562
agronomist,soybean,sandy,drip,593818,0.96,0.78,2.530709077914272,3.1,1.0,0.9947511942440563,0.8206652797129805,517.9797979797979,19,5179.797979797979,0.4885729304085666,94.5,89.18553014131909,64.95692248245639,0.9437622237176624,9,0,9.0,4.734165840194929,345.1430258016158,0,0.0,46000.0,116412.6175840565,36731.81313131313,79680.80445274337,18034.853539403903,0.8200000000000001,,0,,0,F056,Niphad,2,kharif,0.4765000469009743,0.22041326981488962,0.225645950170281,icon,68413.25675264228
agripilot,soybean,sandy,drip,593818,0.96,0.78,2.623162735603142,3.1,1.0,0.9947511942440563,0.8506464053626571,382.75936568920747,38,3827.5936568920747,0.6853294708752065,66.50000000000001,89.18553014131909,31.258142905897184,1.341135791598783,7,11,8.65,4.549106187499984,218.80013222080245,0,0.0,46000.0,120665.48583774453,41032.31843343306,79633.16740431148,11722.407678748994,0.97,0.75,172,0.98,1,F056,Niphad,2,kharif,0.4765000469009743,0.22041326981488962,0.225645950170281,icon,76728.05146037969
farmer_practice,wheat,sandy,drip,924095,0.96,1.0,3.751990420323516,5.4,0.7286253478143987,0.9770129118364246,0.9760304842813348,432.0,18,4320.0,0.8685163010008139,168.0,115.2440507247775,41.83410242328019,0.6859764924093898,11,0,11.0,6.288076301739066,147.9116044624721,30,0.0,23000.0,86295.77966744087,35790.0,50505.779667440875,15286.731122906087,0.78,,0,,0,F056,Niphad,2,rabi,0.4765000469009743,0.22041326981488962,0.225645950170281,icon,42833.18963251774
agronomist,wheat,sandy,drip,924095,0.96,1.0,4.207785612847907,5.4,0.9070067261657783,0.9288531916846348,0.9249159292370895,450.94666666666666,16,4509.466666666666,0.9331005025386389,126.0,105.2799706933727,24.32822528710274,0.8355553229632754,0,0,0.0,6.288076301739066,110.5767399033455,5,0.0,23000.0,96779.06909550187,23126.18666666667,73652.8824288352,4435.673238394144,1.0,,0,,0,F056,Niphad,2,rabi,0.4765000469009743,0.22041326981488962,0.225645950170281,icon,64588.51818101798
agripilot,wheat,sandy,drip,924095,0.96,1.0,4.88322006155014,5.4,1.0,0.9548411958730822,0.9470684919195439,500.6666666666668,41,5006.666666666668,0.9753435542377108,108.58927017374607,110.65679914615495,13.837151898967553,1.0190399011716422,4,0,4.0,6.288076301739066,120.69636327006012,0,0.0,23000.0,112314.06141565321,32521.75550170531,79792.3059139479,5347.280028529811,0.92,0.6211180124223602,161,0.98,0,F056,Niphad,2,rabi,0.4765000469009743,0.22041326981488962,0.225645950170281,icon,71985.69159990539
farmer_practice,soybean,black_cotton,sprinkler,235713,0.45,0.78,2.6258047937956017,3.1,1.0,0.9947511942440563,0.8515031792385859,1120.0,35,11200.0,0.234446856588893,126.0,89.18553014131909,31.958258570791862,0.7078216677882467,16,0,16.0,107.30057882496678,385.7277139858819,0,0.0,46000.0,120787.02051459768,69074.0,51713.02051459768,17918.191752167237,0.6799999999999999,,0,,0,F057,Sinnar,2,kharif,0.6946876357504727,0.38248153544033126,0.751846302414412,voice,-15217.832258061977
agronomist,soybean,black_cotton,sprinkler,235713,0.45,0.78,2.364429962181945,3.1,0.9610583784135907,0.9910584993890665,0.8007845780289299,543.5151515151515,14,5435.151515151515,0.43502558403213754,94.5,88.61252576726896,2.8349899943039087,0.9376986853679256,9,0,9.0,77.21276318120742,53.93180276662971,0,0.0,46000.0,108763.77826036948,38990.01515151515,69773.76310885433,7505.213067605569,0.8200000000000001,,0,,0,F057,Sinnar,2,kharif,0.6946876357504727,0.38248153544033126,0.751846302414412,voice,39752.51371830252
agripilot,soybean,black_cotton,sprinkler,235713,0.45,0.78,2.589505186041828,3.1,0.9990743107788959,0.9947319002383539,0.8405261965281281,700.0,25,7000.0,0.36992931229168974,38.0503603484813,89.18253624388251,3.618052603827099,2.343802671699062,6,12,7.8,92.61087850688772,116.93789559299721,0,0.0,46000.0,119117.2385579241,52123.46045010596,66993.77810781813,6944.747375250867,1.0,0.6417910447761194,134,0.98,0,F057,Sinnar,2,kharif,0.6946876357504727,0.38248153544033126,0.751846302414412,voice,31006.46267021881
farmer_practice,wheat,black_cotton,sprinkler,269416,0.45,1.0,5.244520968874033,5.4,1.0,0.9947511942440561,0.9763321647143907,1120.0,35,11200.0,0.4682608007923244,168.0,118.91404018842542,31.980973390724365,0.7078216677882465,16,0,16.0,12.379590116140538,438.3793915226692,0,0.0,23000.0,120623.98228410276,70292.0,50331.98228410276,17067.99152137565,0.6799999999999999,,0,,0,F057,Sinnar,2,rabi,0.6946876357504727,0.38248153544033126,0.751846302414412,voice,-15589.541668655338
agronomist,wheat,black_cotton,sprinkler,269416,0.45,1.0,4.970815655745742,5.4,1.0,0.9947511942440561,0.9253785499903091,509.3333333333333,13,5093.333333333333,0.9759454821490332,126.0,118.91404018842542,3.838592053520533,0.943762223717662,1,0,1.0,11.393576482524725,64.07239799233483,0,0.0,23000.0,114328.76008215208,27801.333333333332,86527.42674881875,1493.4887579764186,0.98,,0,,0,F057,Sinnar,2,rabi,0.6946876357504727,0.38248153544033126,0.751846302414412,voice,60337.692590882085
agripilot,wheat,black_cotton,sprinkler,269416,0.45,1.0,5.055230339936997,5.4,1.0,0.9705404686951353,0.9645695330083782,682.0,25,6820.0,0.7412361202253661,69.39890491017994,113.90492455761424,3.360783017586756,1.6413072325137774,7,1,7.15,12.770168021174463,135.03403265750845,0,0.0,23000.0,116270.29781855093,44170.56824239522,72099.72957615572,5724.872455356186,0.87,0.6451612903225806,124,0.98,0,F057,Sinnar,2,rabi,0.6946876357504727,0.38248153544033126,0.751846302414412,voice,36021.93265362437
farmer_practice,soybean,black_cotton,drip,455559,1.49,0.78,2.6373883225952963,3.1,1.0,0.9947511942440563,0.8552595177230945,480.0,20,4800.0,0.5494559005406867,126.0,89.18553014131909,17.749554227950597,0.7078216677882467,13,0,13.0,357.12172609346726,203.185854472589,0,0.0,46000.0,121319.86283938363,38964.0,82355.86283938363,15509.015295872312,0.74,,0,,0,F058,Niphad,2,kharif,0.5551802888365084,0.5181094931611406,0.3519387958503348,voice,62529.46899725876
agronomist,soybean,black_cotton,drip,455559,1.49,0.78,2.456709789255869,3.1,0.9948769028614488,0.9946426030424151,0.8008584402135466,352.22222222222223,12,3522.222222222222,0.6974885837004045,94.5,89.16867978244375,7.868105315833429,0.9435839130417327,9,0,9.0,340.8170216155563,129.6332897490962,0,0.0,46000.0,113008.65030576997,30886.055555555555,82122.59475021443,10783.612151390023,0.8200000000000001,,0,,0,F058,Niphad,2,kharif,0.5551802888365084,0.5181094931611406,0.3519387958503348,voice,68339.678402306
agripilot,soybean,black_cotton,drip,455559,1.49,0.78,2.4967216660930087,3.1,0.9905103716756678,0.9945515615990808,0.8175646500502001,348.33333333333337,21,3483.333333333334,0.7167622007922513,39.24765251820416,89.15455266192635,3.9915622375879636,2.2715894312551295,4,13,5.95,349.5936920154444,134.5491436201698,0,0.0,46000.0,114849.1966402784,36011.51525636125,78837.68138391715,8029.824430904833,1.0,0.5950920245398773,163,0.98,0,F058,Niphad,2,kharif,0.5551802888365084,0.5181094931611406,0.3519387958503348,voice,67575.7327234388
farmer_practice,onion,black_cotton,drip,53728,1.49,1.0,20.34870557628506,34.0,0.7393257263452789,0.9659416689817006,0.8380523558111446,528.0,22,5280.0,3.8539215106600486,154.0,103.54066135859843,2.420917409958392,0.6723419568740158,14,0,14.0,2.797172049688383,37.29452261656827,24,0.22400000000000003,10476.0,213173.03961716229,42818.0,170355.03961716229,10260.939682239707,0.72,,0,,0,F058,Niphad,2,rabi,0.5551802888365084,0.5181094931611406,0.3519387958503348,voice,151590.55874591635
agronomist,onion,black_cotton,drip,53728,1.49,1.0,25.967107264850416,34.0,0.9992021129144908,0.9945542124976912,0.768533583196128,618.4,31,6184.0,4.1990794412759405,115.5,108.96717823232075,3.0120848483687754,0.9434387725742056,10,0,10.0,3.045673650274686,52.73542224261138,0,0.17,11205.0,290961.4369026489,42465.1,248496.33690264888,7569.586335558852,0.8,,0,,0,F058,Niphad,2,rabi,0.5551802888365084,0.5181094931611406,0.3519387958503348,voice,226850.77653005073
agripilot,onion,black_cotton,drip,53728,1.49,1.0,24.69726053478062,34.0,0.927952845700546,0.9701970922892511,0.8068336255050476,527.3805305455287,63,5273.805305455287,4.6830057433545145,48.44197589698932,104.34772439968556,0.017260134385322118,2.1540765517405496,5,13,6.95,2.1101269984845494,0.6115821438034423,0,0.0,13500.0,333413.0172195384,44975.75533956067,288437.2618799777,4887.097967175719,1.0,0.5663265306122449,196,0.9254653962546113,0,F058,Niphad,2,rabi,0.5551802888365084,0.5181094931611406,0.3519387958503348,voice,272581.84372032515
farmer_practice,soybean,loam,sprinkler,70646,0.79,0.78,2.6641672670828744,3.1,1.0,0.9947511942440563,0.8639434672770389,576.0,18,5760.0,0.4625290394241101,126.0,89.18553014131909,81.41555498389691,0.7078216677882467,13,0,13.0,198.13439057647483,446.36082077004744,0,0.0,46000.0,122551.69428581222,44148.0,78403.69428581222,25538.00941228972,0.74,,0,,0,F059,Sinnar,2,kharif,0.26690093470139037,0.41332232394708046,0.4667025569613542,voice,67792.49940516411
agronomist,soybean,loam,sprinkler,70646,0.79,0.78,2.5088227066734023,3.1,1.0,0.9947511942440563,0.8135679072283117,459.54545454545456,12,4595.454545454546,0.5459357027380302,94.5,89.18553014131909,48.21747717674376,0.9437622237176624,9,0,9.0,191.568926078077,360.80022825191895,0,0.0,46000.0,115405.84450697651,35855.045454545456,79550.79905243106,16703.26622651657,0.8200000000000001,,0,,0,F059,Sinnar,2,kharif,0.26690093470139037,0.41332232394708046,0.4667025569613542,voice,73259.22620695713
agripilot,soybean,loam,sprinkler,70646,0.79,0.78,2.4987931842486653,3.1,1.0,0.9947511942440563,0.8103155061926035,402.0,15,4020.0,0.6215903443404639,57.5123675651777,89.18553014131909,24.47871894771801,1.550719156888243,3,13,4.95,187.02275045914712,326.9735781692146,0,0.0,46000.0,114944.4864754386,38245.85865939016,76698.62781604845,9554.374164721567,1.0,0.6726190476190477,168,0.98,2,F059,Sinnar,2,kharif,0.26690093470139037,0.41332232394708046,0.4667025569613542,voice,75776.22693693815
farmer_practice,onion,loam,sprinkler,79139,0.79,1.0,19.808714953541894,34.0,0.6964950470517675,0.9724843420217455,0.860155034564587,608.0,19,6080.0,3.25801232788518,154.0,104.78151314205519,19.48453339898154,0.6803994359873714,14,0,14.0,38.38214225699478,91.3753551570522,31,0.22400000000000003,10476.0,207516.09785330488,47538.0,159978.09785330488,13652.65529212963,0.72,,0,,0,F059,Sinnar,2,rabi,0.26690093470139037,0.41332232394708046,0.4667025569613542,voice,156298.18437895548
agronomist,onion,loam,sprinkler,79139,0.79,1.0,27.22145666308802,34.0,0.9990513612441487,0.9946145363807788,0.8057305416998293,766.7500000000001,34,7667.500000000001,3.550238886610762,115.5,108.97861896876839,16.243676413747888,0.9435378265694233,9,0,9.0,39.61508139659152,115.3012699113366,0,0.14,11610.0,316041.1118584519,49989.0,266052.1118584519,9580.397487043943,0.8200000000000001,,0,,0,F059,Sinnar,2,rabi,0.26690093470139037,0.41332232394708046,0.4667025569613542,voice,262956.66475031176
agripilot,onion,loam,sprinkler,79139,0.79,1.0,26.872322600707193,34.0,0.9710117117854244,0.9587797451430116,0.8489516732674405,693.8766270533906,50,6938.766270533906,3.8727810612129887,68.34326227217936,102.18236545815739,4.406741699794593,1.495134444288197,6,13,7.95,38.93803616288911,65.52446711037034,1,0.0,13500.0,362776.3551095471,56893.75992570848,305882.5951838386,6708.65583142903,1.0,0.6216216216216216,148,0.98,0,F059,Sinnar,2,rabi,0.26690093470139037,0.41332232394708046,0.4667025569613542,voice,307230.72048844316
farmer_practice,cotton,sandy_loam,flood,606238,1.97,0.78,1.3275178893630903,2.4,1.0,0.8748135640453628,0.6322860968724135,2160.0,32,21600.0,0.06145916154458751,154.0,86.25774490515502,84.36122345671376,0.5601152266568508,17,0,17.0,94.40208762993018,1034.2702517105647,0,0.0,68000.0,90271.21647669014,110016.0,-19744.78352330986,27934.63901087785,0.6599999999999999,,0,,0,F060,Niphad,2,kharif,0.5285033085645036,0.8891373175201338,0.647567618218542,text,-122368.60652702181
agronomist,cotton,sandy_loam,flood,606238,1.97,0.78,1.286752855623073,2.4,1.0,0.9128972620295235,0.5873026960167849,1137.5,16,11375.0,0.11312113016466575,115.5,93.48051521249585,47.87059144153726,0.8093551100648991,13,0,13.0,91.02375604973875,479.52399612697286,0,0.0,68000.0,87499.19418236896,67394.5,20104.694182368956,18535.920263924356,0.74,,0,,0,F060,Niphad,2,kharif,0.5285033085645036,0.8891373175201338,0.647567618218542,text,-36146.400579663044
agripilot,cotton,sandy_loam,flood,606238,1.97,0.78,1.408868545990971,2.4,1.0,0.9148360057371498,0.64167627547252,1312.5,25,13125.0,0.10734236540883589,83.03498050674534,93.84820798463187,22.51417948672461,1.1302249655734924,6,18,8.7,88.43991750647054,570.1314898330033,0,0.0,68000.0,95803.06112738604,85953.01443469562,9850.04669269042,10938.511565168665,1.0,0.6727272727272727,165,0.98,0,F060,Niphad,2,kharif,0.5285033085645036,0.8891373175201338,0.647567618218542,text,-47327.590663103605
farmer_practice,onion,sandy_loam,flood,543547,1.97,1.0,26.146889171805935,34.0,0.946344671358226,0.9340866043335587,0.8699706957582611,1687.5,25,16875.0,1.5494452842551665,154.0,97.49918358050253,67.45167101287316,0.6331115816915749,12,0,12.0,0.7802598928535996,520.2285595398466,0,0.22400000000000003,10476.0,273914.81096383894,85381.0,188533.81096383894,20548.323121352856,0.76,,0,,0,F060,Niphad,2,rabi,0.5285033085645036,0.8891373175201338,0.647567618218542,text,109224.04404808069
agronomist,onion,sandy_loam,flood,543547,1.97,1.0,25.940260140769155,34.0,1.0,0.9139101997934249,0.8348181559218112,1470.0,42,14700.0,1.764643546991099,115.5,93.672624098753,37.29919441710895,0.811018390465394,8,0,8.0,2.3702505195576133,375.41026812462394,0,0.0,13500.0,350193.5119003836,78709.5,271484.0119003836,12335.18724975563,0.84,,0,,0,F060,Niphad,2,rabi,0.5285033085645036,0.8891373175201338,0.647567618218542,text,206510.25274000643
agripilot,onion,sandy_loam,flood,543547,1.97,1.0,24.84842155324412,34.0,0.8813376663731377,0.9486097695605509,0.874158057218285,1155.0,22,11550.0,2.151378489458365,87.70386350996183,100.25357698562173,13.876697353210478,1.143091911500962,7,11,8.65,0.7867191759761936,229.86160705119678,6,0.0,13500.0,335453.6909687956,72543.41204178889,262910.27892700676,8559.885996161673,0.97,0.5739130434782609,115,0.98,0,F060,Niphad,2,rabi,0.5285033085645036,0.8891373175201338,0.647567618218542,text,213186.20599425797
